[2026-07-22 17:26:50] Cargando productos oficiales de INVIMA desde la base de datos...
[2026-07-22 17:26:50] Total registros INVIMA cargados: 4024
[2026-07-22 17:26:50] Cargando productos maestros pendientes de Registro INVIMA...
[2026-07-22 17:26:50] Productos a procesar en esta ejecucion: 1811
[2026-07-22 17:26:52] === Bloque 1/182 (0.6%) | Procesando 1 a 10 de 1811 ===
[2026-07-22 17:26:59]   [MATCH] EXI_105474 -> INVIMA 2002L-0000461 (Vino Protos Ribera Duero Roble)
[2026-07-22 17:26:59]   [MATCH] EXI_105899 -> INVIMA 2001L-0000207 (Vino Tinto Tempranillo  Altozano)
[2026-07-22 17:26:59]   [NO MATCH] EXI_105929 -> Sin registro certificado
[2026-07-22 17:26:59]   [NO MATCH] EXI_105964 -> Sin registro certificado
[2026-07-22 17:26:59]   [NO MATCH] EXI_1060500 -> Sin registro certificado
[2026-07-22 17:26:59]   [NO MATCH] EXI_1062588 -> Sin registro certificado
[2026-07-22 17:26:59]   [MATCH] EXI_1080885 -> INVIMA 2006L-0002814 (Passport Blended Scotch Whisky)
[2026-07-22 17:26:59]   [NO MATCH] EXI_1081914 -> Sin registro certificado
[2026-07-22 17:26:59]   [MATCH] EXI_1090557 -> INVIMA 2016L-0008538 (Vino Blanco Gato Negro 9 Lives Reserva Sauvignon Blanc)
[2026-07-22 17:26:59]   [MATCH] EXI_1090558 -> INVIMA 2016L-0008544 (Vino Tinto Gato Negro 9 Lives Reserva Cabernet Sauvignon)
[2026-07-22 17:26:59]   [OK] Bloque completado en 6.86s. Acumulado: 5 con INVIMA, 5 sin registro.

[2026-07-22 17:27:01] === Bloque 2/182 (1.1%) | Procesando 11 a 20 de 1811 ===
[2026-07-22 17:27:48] Cargando productos oficiales de INVIMA desde la base de datos...
[2026-07-22 17:27:48] Total registros INVIMA cargados: 4024
[2026-07-22 17:27:48] Cargando productos maestros pendientes de Registro INVIMA...
[2026-07-22 17:27:48] Productos a procesar en esta ejecucion: 1801
[2026-07-22 17:27:50] === Bloque 1/181 (0.6%) | Procesando 1 a 10 de 1801 ===
[2026-07-22 17:27:59]   [MATCH] EXI_1090576 -> INVIMA 2017L-0009172 (Vino Blanco Ventisquero  Grey Sauvignon Blanc Marca Ventisquero Grey)
[2026-07-22 17:27:59]   [NO MATCH] EXI_1093855 -> Sin registro certificado
[2026-07-22 17:27:59]   [MATCH] EXI_1110705 -> INVIMA 2013L-0006367 (Vino Rosado Rosé Malbec Marca Portillo)
[2026-07-22 17:27:59]   [NO MATCH] EXI_1121595 -> Sin registro certificado
[2026-07-22 17:27:59]   [MATCH] EXI_1124175 -> INVIMA 2016L-0008295 (Bulleit Bourbon Whiskey Marca  Bulleit)
[2026-07-22 17:27:59]   [NO MATCH] EXI_1126293 -> Sin registro certificado
[2026-07-22 17:27:59]   [NO MATCH] EXI_1136703 -> Sin registro certificado
[2026-07-22 17:27:59]   [NO MATCH] EXI_113937 -> Sin registro certificado
[2026-07-22 17:27:59]   [NO MATCH] EXI_113968 -> Sin registro certificado
[2026-07-22 17:27:59]   [MATCH] EXI_1142471 -> INVIMA 2017L-0008715 (Vino Espumoso Saint - Louis Brut Marca Saint - Louis.)
[2026-07-22 17:27:59]   [OK] Bloque completado en 8.54s. Acumulado: 4 con INVIMA, 6 sin registro.

[2026-07-22 17:28:01] === Bloque 2/181 (1.1%) | Procesando 11 a 20 de 1801 ===
[2026-07-22 17:28:09]   [MATCH] EXI_114442 -> INVIMA 2016L-0008544 (Vino Tinto Gato Negro 9 Lives Reserva Cabernet Sauvignon)
[2026-07-22 17:28:09]   [NO MATCH] EXI_115080 -> Sin registro certificado
[2026-07-22 17:28:09]   [MATCH] EXI_1151096 -> INVIMA 2015L-0007613 (The Glenlivet Founder`S Reserve Single Malt Scotch Whisky)
[2026-07-22 17:28:09]   [MATCH] EXI_1151115 -> L-003806 (Absolut Country Of Sweden Vodka)
[2026-07-22 17:28:09]   [MATCH] EXI_1151144 -> L-003806 (Absolut Country Of Sweden Vodka)
[2026-07-22 17:28:09]   [MATCH] EXI_1151154 -> INVIMA 2010L-0004838 (Ginebra Beefeater 24 London Dry Gin)
[2026-07-22 17:28:09]   [NO MATCH] EXI_1160011 -> Sin registro certificado
[2026-07-22 17:28:09]   [NO MATCH] EXI_1160016 -> Sin registro certificado
[2026-07-22 17:28:09]   [MATCH] EXI_1163544 -> INVIMA 2014L-0007341 (The Glenlivet 15 Years Old French Oak Malt Scotch Whisky)
[2026-07-22 17:28:09]   [MATCH] EXI_1165351 -> INVIMA 2016L-0008275 (Vino Tinto Malbec Marca Frontera)
[2026-07-22 17:28:09]   [OK] Bloque completado en 8.01s. Acumulado: 11 con INVIMA, 9 sin registro.

[2026-07-22 17:28:11] === Bloque 3/181 (1.7%) | Procesando 21 a 30 de 1801 ===
[2026-07-22 17:28:19]   [NO MATCH] EXI_1170043 -> Sin registro certificado
[2026-07-22 17:28:19]   [NO MATCH] EXI_1170044 -> Sin registro certificado
[2026-07-22 17:28:19]   [NO MATCH] EXI_1172078 -> Sin registro certificado
[2026-07-22 17:28:19]   [MATCH] EXI_1172094 -> INVIMA 2017L-0009153 (Vino Blanco Marca Cata Vincorte.)
[2026-07-22 17:28:19]   [MATCH] EXI_1173305 -> INVIMA 2017L-0008741 (Ron Añejo Sistema 8 Solera Marca Botran)
[2026-07-22 17:28:19]   [NO MATCH] EXI_1175773 -> Sin registro certificado
[2026-07-22 17:28:19]   [NO MATCH] EXI_117737 -> Sin registro certificado
[2026-07-22 17:28:19]   [NO MATCH] EXI_1184470 -> Sin registro certificado
[2026-07-22 17:28:19]   [NO MATCH] EXI_119203 -> Sin registro certificado
[2026-07-22 17:28:19]   [MATCH] EXI_119372 -> INVIMA 2021L-0011024 (Vino Tinto Chateau Hospitalet Grand Vino Rouge Aop La Clape Marca Gerard Bertrand)
[2026-07-22 17:28:19]   [OK] Bloque completado en 7.51s. Acumulado: 14 con INVIMA, 16 sin registro.

[2026-07-22 17:28:21] === Bloque 4/181 (2.2%) | Procesando 31 a 40 de 1801 ===
[2026-07-22 17:28:29]   [NO MATCH] EXI_1195238 -> Sin registro certificado
[2026-07-22 17:28:29]   [MATCH] EXI_119952 -> INVIMA L-002040 (Aguardiente Nectar)
[2026-07-22 17:28:29]   [MATCH] EXI_119953 -> INVIMA L-002040 (Aguardiente Nectar)
[2026-07-22 17:28:29]   [NO MATCH] EXI_120074 -> Sin registro certificado
[2026-07-22 17:28:29]   [NO MATCH] EXI_120087 -> Sin registro certificado
[2026-07-22 17:28:29]   [MATCH] EXI_1203850 -> INVIMA 2017L-0008829 (Vino Blanco Chardonnay Marca Cerro Verde)
[2026-07-22 17:28:29]   [MATCH] EXI_1203851 -> INVIMA 2017L-0008829 (Vino Blanco Sauvignon Blanc Marca Cerro Verde)
[2026-07-22 17:28:29]   [MATCH] EXI_1203852 -> INVIMA 2017L-0008829 (Vino Tinto Merlot Marca Cerro Verde)
[2026-07-22 17:28:29]   [MATCH] EXI_120417 -> INVIMA 2006L-0002771 (Vino Rosado Marca  Segú Olle)
[2026-07-22 17:28:29]   [MATCH] EXI_120880 -> INVIMA 2016L-0008438 (Aguardiente  Antioqueño 24° Sin Azúcar)
[2026-07-22 17:28:29]   [OK] Bloque completado en 7.56s. Acumulado: 21 con INVIMA, 19 sin registro.

[2026-07-22 17:28:31] === Bloque 5/181 (2.8%) | Procesando 41 a 50 de 1801 ===
[2026-07-22 17:28:40]   [MATCH] EXI_120981 -> INVIMA 2011L-0005636 (Vino Rosado Gris Blanc Igp Oc Marca Gerard Bertrand)
[2026-07-22 17:28:40]   [MATCH] EXI_120989 -> INVIMA 2016L-0008438 (Aguardiente  Antioqueño 24° Sin Azúcar)
[2026-07-22 17:28:40]   [MATCH] EXI_121699 -> INVIMA 2021L-0011024 (Vino Blanco Chateau Hospitalet Grand Vin Blanc Aop La Clape Marca Gerard Bertrand)
[2026-07-22 17:28:40]   [MATCH] EXI_122001 -> INVIMA 2020L-0010720 (Vino Reserve Spéciale Cabernet Sauvignon "Gerard Bertrand" Igp Pays D'Oc Rouge)
[2026-07-22 17:28:40]   [NO MATCH] EXI_122021 -> Sin registro certificado
[2026-07-22 17:28:40]   [MATCH] EXI_122413 -> INVIMA 2015L-0007540 (Licor 43 Cuarenta Y Tres)
[2026-07-22 17:28:40]   [MATCH] EXI_1225273 -> INVIMA 2017L-0008890 (Johnnie Walker 18 Years Old Blended Scotch Whisky)
[2026-07-22 17:28:40]   [NO MATCH] EXI_1231180 -> Sin registro certificado
[2026-07-22 17:28:40]   [NO MATCH] EXI_1233784 -> Sin registro certificado
[2026-07-22 17:28:40]   [NO MATCH] EXI_1233786 -> Sin registro certificado
[2026-07-22 17:28:40]   [OK] Bloque completado en 8.74s. Acumulado: 27 con INVIMA, 23 sin registro.

[2026-07-22 17:28:42] === Bloque 6/181 (3.3%) | Procesando 51 a 60 de 1801 ===
[2026-07-22 17:28:50]   [NO MATCH] EXI_123403 -> Sin registro certificado
[2026-07-22 17:28:50]   [MATCH] EXI_1235465 -> INVIMA 2015L-0007825 (Ron Extra Añejo 12 Años Marca Gobernador)
[2026-07-22 17:28:50]   [MATCH] EXI_123589 -> INVIMA 2019L-0010304 (Tequila Reposado Cristalino 100% De Agave Marca El Jimador)
[2026-07-22 17:28:50]   [NO MATCH] EXI_124248358 -> Sin registro certificado
[2026-07-22 17:28:50]   [NO MATCH] EXI_124248359 -> Sin registro certificado
[2026-07-22 17:28:50]   [NO MATCH] EXI_124248360 -> Sin registro certificado
[2026-07-22 17:28:50]   [NO MATCH] EXI_124248361 -> Sin registro certificado
[2026-07-22 17:28:50]   [NO MATCH] EXI_124248362 -> Sin registro certificado
[2026-07-22 17:28:50]   [MATCH] EXI_124303559 -> INVIMA L-002657 (Whisky Scotch  Escocés  Buchanan ' S Deluxe 12Yo Marca Buchanan ´ S Deluxe)
[2026-07-22 17:28:50]   [MATCH] EXI_124306 -> L-002924 (Vino Espumante Blanco Semiseco Marca Samaria - Casa Grajales)
[2026-07-22 17:28:50]   [OK] Bloque completado en 7.4s. Acumulado: 31 con INVIMA, 29 sin registro.

[2026-07-22 17:28:50] Cargando productos oficiales de INVIMA desde la base de datos...
[2026-07-22 17:28:50] Total registros INVIMA cargados: 4024
[2026-07-22 17:28:50] Cargando productos maestros pendientes de Registro INVIMA...
[2026-07-22 17:28:50] Modelo seleccionado: deepseek-v4-flash
[2026-07-22 17:28:50] Productos a procesar en esta ejecucion: 1741
[2026-07-22 17:28:52] === Bloque 7/181 (3.9%) | Procesando 61 a 70 de 1801 ===
[2026-07-22 17:28:52] === Bloque 1/175 (0.6%) | Modelo: deepseek-v4-flash | Procesando 1 a 10 de 1741 ===
[2026-07-22 17:28:59]   [MATCH] EXI_124333 -> INVIMA 2006L-0002813 (Chivas Regal 12 Year Old Blended Scotch Whisky)
[2026-07-22 17:28:59]   [NO MATCH] EXI_124354964 -> Sin registro certificado
[2026-07-22 17:28:59]   [MATCH] EXI_1251229 -> INVIMA L-001477 (Jameson Irish Whiskey)
[2026-07-22 17:28:59]   [MATCH] EXI_1251230 -> INVIMA 2016L-0008328 (Ginebra Beefeater Dry Gin 40°)
[2026-07-22 17:28:59]   [MATCH] EXI_1251231 -> INVIMA L-002512 (Whisky Escoces Black And White 40%)
[2026-07-22 17:28:59]   [MATCH] EXI_1251232 -> INVIMA L-000199 (Bailey`S Original Irish Cream Bailey´S)
[2026-07-22 17:28:59]   [NO MATCH] EXI_125263 -> Sin registro certificado
[2026-07-22 17:28:59]   [MATCH] EXI_1261274 -> INVIMA 2012L-0006276 (Vino Tinto Portia Prima)
[2026-07-22 17:28:59]   [NO MATCH] EXI_1261276 -> Sin registro certificado
[2026-07-22 17:28:59]   [NO MATCH] EXI_1264419 -> Sin registro certificado
[2026-07-22 17:28:59]   [OK] Bloque completado en 7.42s. Acumulado: 37 con INVIMA, 33 sin registro.

[2026-07-22 17:29:02] === Bloque 8/181 (4.4%) | Procesando 71 a 80 de 1801 ===
[2026-07-22 17:29:22] Cargando productos oficiales de INVIMA desde la base de datos...
[2026-07-22 17:29:22] Total registros INVIMA cargados: 4024
[2026-07-22 17:29:22] Cargando productos maestros pendientes de Registro INVIMA...
[2026-07-22 17:29:22] Modelo seleccionado: deepseek-v4-flash
[2026-07-22 17:29:22] Productos a procesar en esta ejecucion: 1731
[2026-07-22 17:29:25] === Bloque 1/174 (0.6%) | Modelo: deepseek-v4-flash | Procesando 1 a 10 de 1731 ===
[2026-07-22 17:29:55]   [MATCH] EXI_1269961 -> INVIMA 2017L-0009049 (Vino Tinto Reserva Malbec Marca La Celia)
[2026-07-22 17:29:55]   [MATCH] EXI_1269963 -> INVIMA 2017L-0009049 (Vino Tinto Reserva Malbec - Cabernet Franc Marca La Celia)
[2026-07-22 17:29:55]   [NO MATCH] EXI_1269964 -> Sin registro certificado
[2026-07-22 17:29:55]   [MATCH] EXI_1272562 -> INVIMA 2001L-0000207 (Vino Blanco Verdejo - Sauvignon Blanc  Altozano)
[2026-07-22 17:29:55]   [MATCH] EXI_1274953 -> INVIMA 2016L-0008443 (Ron Marques Del Valle 3 Años -35% Vol)
[2026-07-22 17:29:55]   [NO MATCH] EXI_127799 -> Sin registro certificado
[2026-07-22 17:29:55]   [NO MATCH] EXI_1278721 -> Sin registro certificado
[2026-07-22 17:29:55]   [MATCH] EXI_1278754 -> L-003804 (Absolut Country Of Sweden Citron)
[2026-07-22 17:29:55]   [MATCH] EXI_1278755 -> INVIMA L-002867 (Absolut Mandrin)
[2026-07-22 17:29:55]   [MATCH] EXI_1278756 -> INVIMA 2022L-0011455 (Absolut Raspberri Flavored Vodka Marca Absolut)
[2026-07-22 17:29:55]   [OK] Bloque completado en 30.22s. Acumulado: 7 con INVIMA, 3 sin registro.

[2026-07-22 17:29:57] === Bloque 2/174 (1.2%) | Modelo: deepseek-v4-flash | Procesando 11 a 20 de 1731 ===
[2026-07-22 17:30:18]   [MATCH] EXI_1289310 -> INVIMA 2016L-0008511 (18 Year Old Scotch Whisky Dewars)
[2026-07-22 17:30:18]   [MATCH] EXI_1291537 -> INVIMA 2017L-0009047 (Vino Prosecco Doc Extra Dry  Marca Oro Veneto.)
[2026-07-22 17:30:18]   [MATCH] EXI_1295377 -> INVIMA 2013L-0006876 (Vino Chardonnay Marca Club Des Sommeliers.)
[2026-07-22 17:30:18]   [MATCH] EXI_1302269 -> L- 00373 R-2 (Grant S Blended Scotch Whisky Con Las Denominaciones Secundarias The Family Reserve Y Triple Wood)
[2026-07-22 17:30:18]   [NO MATCH] EXI_1310540 -> Sin registro certificado
[2026-07-22 17:30:18]   [NO MATCH] EXI_1311148 -> Sin registro certificado
[2026-07-22 17:30:18]   [NO MATCH] EXI_1311149 -> Sin registro certificado
[2026-07-22 17:30:18]   [NO MATCH] EXI_1311150 -> Sin registro certificado
[2026-07-22 17:30:18]   [NO MATCH] EXI_1311152 -> Sin registro certificado
[2026-07-22 17:30:18]   [MATCH] EXI_1311466 -> INVIMA 2017L-0008939 (Vino Tinto Tarapacá Cabernet Sauvignon)
[2026-07-22 17:30:18]   [OK] Bloque completado en 21.09s. Acumulado: 12 con INVIMA, 8 sin registro.

[2026-07-22 17:30:20] === Bloque 3/174 (1.7%) | Modelo: deepseek-v4-flash | Procesando 21 a 30 de 1731 ===
[2026-07-22 17:31:09]   [MATCH] EXI_1311467 -> INVIMA 2017L-0008939 (Vino Tinto Tarapacá Cabernet Sauvignon)
[2026-07-22 17:31:09]   [MATCH] EXI_1311468 -> INVIMA 2017L-0008941 (Vino Tinto Tarpaca Reserva Merlot)
[2026-07-22 17:31:09]   [MATCH] EXI_1311469 -> INVIMA 2017L-0008940 (Vino Blanco Tarapacá Sauvignon Blanc)
[2026-07-22 17:31:09]   [NO MATCH] EXI_1311470 -> Sin registro certificado
[2026-07-22 17:31:09]   [MATCH] EXI_1311524 -> INVIMA 2017L-0008828 (Vino Tinto Merlot Reserva Marca Alto De Los Carneros)
[2026-07-22 17:31:09]   [MATCH] EXI_1311525 -> INVIMA 2017L-0008828 (Vino Blanco Sauvignon Blanc Reserva Marca Alto De Los Carneros)
[2026-07-22 17:31:09]   [NO MATCH] EXI_1313746 -> Sin registro certificado
[2026-07-22 17:31:09]   [NO MATCH] EXI_1313925 -> Sin registro certificado
[2026-07-22 17:31:09]   [NO MATCH] EXI_1314588 -> Sin registro certificado
[2026-07-22 17:31:09]   [NO MATCH] EXI_1318654 -> Sin registro certificado
[2026-07-22 17:31:09]   [OK] Bloque completado en 48.8s. Acumulado: 17 con INVIMA, 13 sin registro.

[2026-07-22 17:31:12] === Bloque 4/174 (2.3%) | Modelo: deepseek-v4-flash | Procesando 31 a 40 de 1731 ===
[2026-07-22 17:31:35]   [MATCH] EXI_1322624 -> INVIMA 2017L-0008926 (Schwarzwald Dry Gin Marca Monkey 47)
[2026-07-22 17:31:35]   [MATCH] EXI_1324310 -> INVIMA 2018L-0009409 (Vino Tinto Malbec Marca El Enemigo)
[2026-07-22 17:31:35]   [MATCH] EXI_1324775 -> INVIMA 2002L-0000908 (Vino Tinto Igp Pays Doc Jp Chenet Merlot)
[2026-07-22 17:31:35]   [NO MATCH] EXI_1324776 -> Sin registro certificado
[2026-07-22 17:31:35]   [MATCH] EXI_1327296 -> INVIMA 2016L-0008368 (Vin Rouge Aop Cotes Du Rhone Marca  Georges Duboeuf)
[2026-07-22 17:31:35]   [NO MATCH] EXI_1327297 -> Sin registro certificado
[2026-07-22 17:31:35]   [MATCH] EXI_1327301 -> INVIMA 2016L-0008368 (Vin Blanc Aop Macon Villages Marca  Georges Duboeuf)
[2026-07-22 17:31:35]   [MATCH] EXI_1327302 -> INVIMA 2016L-0008368 (Vin Rouge Aop Cotes Du Rhone Marca  Georges Duboeuf)
[2026-07-22 17:31:35]   [NO MATCH] EXI_1327315 -> Sin registro certificado
[2026-07-22 17:31:35]   [MATCH] EXI_1327336 -> INVIMA 2003L-0000987 (Vino Blanco Chardonnay Reserva  Salentein)
[2026-07-22 17:31:35]   [OK] Bloque completado en 23.72s. Acumulado: 24 con INVIMA, 16 sin registro.

[2026-07-22 17:31:38] === Bloque 5/174 (2.9%) | Modelo: deepseek-v4-flash | Procesando 41 a 50 de 1731 ===
[2026-07-22 17:32:00]   [MATCH] EXI_1336418 -> INVIMA 2006L-0002813 (Chivas Regal 12 Year Old Blended Scotch Whisky)
[2026-07-22 17:32:00]   [MATCH] EXI_1336422 -> INVIMA 2006L-0002837 (Chivas Regal 18 Years Old Blended Scotch Whisky)
[2026-07-22 17:32:00]   [MATCH] EXI_1336423 -> INVIMA 2020L-0010784 (Chivas Regal Extra 13 Years Blended Scotch Whisky)
[2026-07-22 17:32:00]   [NO MATCH] EXI_1337236 -> Sin registro certificado
[2026-07-22 17:32:00]   [MATCH] EXI_134004 -> INVIMA 2007L-0003374 (Ron Viejo De Caldas Tradicional)
[2026-07-22 17:32:00]   [MATCH] EXI_1341506 -> INVIMA 2018L-0009332 (Vino Tinto Diablo Dark Red)
[2026-07-22 17:32:00]   [MATCH] EXI_1341507 -> INVIMA L-002814 R1 (Vino Tinto Morande Visionario Cabernet Sauvignon)
[2026-07-22 17:32:00]   [MATCH] EXI_1341508 -> INVIMA L-002824 (Vino Tinto Morande Estate Reserve Carmenere)
[2026-07-22 17:32:00]   [MATCH] EXI_1341509 -> INVIMA L-002824 (Vino Tinto Morande Estate Reserve Merlot)
[2026-07-22 17:32:00]   [MATCH] EXI_1341510 -> INVIMA L-002814 R1 (Vino Blanco Morandé Visionario Sauvignon Blanc. - Marca Morande)
[2026-07-22 17:32:00]   [OK] Bloque completado en 22.05s. Acumulado: 33 con INVIMA, 17 sin registro.

[2026-07-22 17:32:02] === Bloque 6/174 (3.5%) | Modelo: deepseek-v4-flash | Procesando 51 a 60 de 1731 ===
[2026-07-22 17:32:23]   [MATCH] EXI_134228 -> INVIMA 2006L-0002884 (Vino Tinto Malbec Marca Trapiche Broquel)
[2026-07-22 17:32:23]   [MATCH] EXI_1344837 -> INVIMA 2011L-0005143 (Hendrick ´ S Gin)
[2026-07-22 17:32:23]   [NO MATCH] EXI_134672 -> Sin registro certificado
[2026-07-22 17:32:23]   [MATCH] EXI_134865 -> INVIMA 2013L-0006772 (Vino Tinto Trapiche Reserva Pinot Noir)
[2026-07-22 17:32:23]   [MATCH] EXI_1348700 -> INVIMA 2017L-0009120 (Vodka Handmade Marca Tito ` S.)
[2026-07-22 17:32:23]   [NO MATCH] EXI_13495 -> Sin registro certificado
[2026-07-22 17:32:23]   [MATCH] EXI_135185 -> INVIMA 2012L-0006273 (Vino Tinto Marca Torrelongares)
[2026-07-22 17:32:23]   [MATCH] EXI_135415 -> INVIMA 2014L-0006986 (Vino Tinto Merlot Vino Marca Trapiche)
[2026-07-22 17:32:23]   [MATCH] EXI_135614 -> INVIMA 2012L-0006273 (Vino Blanco Marca Torrelongares)
[2026-07-22 17:32:23]   [MATCH] EXI_135662 -> INVIMA 2012L-0006274 (Vino Rosado Marca Torrelongares)
[2026-07-22 17:32:23]   [OK] Bloque completado en 21.18s. Acumulado: 41 con INVIMA, 19 sin registro.

[2026-07-22 17:32:26] === Bloque 7/174 (4.0%) | Modelo: deepseek-v4-flash | Procesando 61 a 70 de 1731 ===
[2026-07-22 17:32:48]   [NO MATCH] EXI_1356712 -> Sin registro certificado
[2026-07-22 17:32:48]   [MATCH] EXI_136358 -> INVIMA 2014L-0006986 (Vino Rose Malbec-Cabernet Sauvignon Marca Trapiche)
[2026-07-22 17:32:48]   [MATCH] EXI_1365416 -> INVIMA 2017L-0009030 (Vino Porto Ruby - Vinho Do Port Licoroso Tinto Doce Marca Club Des Sommeliers)
[2026-07-22 17:32:48]   [MATCH] EXI_1365420 -> INVIMA 2017L-0009030 (Vino Porto Tawny - Vinho Do Port Licoroso Tinto Doce Marca Club Des Sommeliers)
[2026-07-22 17:32:48]   [NO MATCH] EXI_1365747 -> Sin registro certificado
[2026-07-22 17:32:48]   [MATCH] EXI_1368999 -> INVIMA 2018L-0009575 (Aguardiente - Ron Marca Ron Medellin Dorado)
[2026-07-22 17:32:48]   [MATCH] EXI_1369000 -> INVIMA 2018L-0009575 (Aguardiente - Ron Marca Ron Medellin Dorado)
[2026-07-22 17:32:48]   [MATCH] EXI_1374572 -> INVIMA 2016L-0008438 (Aguardiente Antioqueño 24° Sin Azúcar)
[2026-07-22 17:32:48]   [NO MATCH] EXI_1381787 -> Sin registro certificado
[2026-07-22 17:32:48]   [MATCH] EXI_1381923 -> INVIMA 2018L-0009285 (Vino Blanco Espumante Natural Brut Serra - Gaucha Marca Club Des Sommeliers - Vibrant)
[2026-07-22 17:32:48]   [OK] Bloque completado en 22.11s. Acumulado: 48 con INVIMA, 22 sin registro.

[2026-07-22 17:32:51] === Bloque 8/174 (4.6%) | Modelo: deepseek-v4-flash | Procesando 71 a 80 de 1731 ===
[2026-07-22 17:33:28]   [MATCH] EXI_1386520 -> INVIMA 2006L-0003171 (Ballantine'S Finest Blended Scotch Whisky)
[2026-07-22 17:33:28]   [MATCH] EXI_138983 -> INVIMA 2017L-0008877 (Vino Tinto Reservado Carmenere Marca Santa Carolina)
[2026-07-22 17:33:28]   [NO MATCH] EXI_139173 -> Sin registro certificado
[2026-07-22 17:33:28]   [MATCH] EXI_1396024 -> INVIMA 2016L-0008032 (Mezcal Amores)
[2026-07-22 17:33:28]   [MATCH] EXI_140548 -> INVIMA 2017L-0008877 (Vino Tinto Reservado Carmenere Marca Santa Carolina)
[2026-07-22 17:33:28]   [MATCH] EXI_1408633 -> INVIMA 2003L-0001257 (Aguardiente Nectar Club Sin Azúcar)
[2026-07-22 17:33:28]   [MATCH] EXI_141159 -> INVIMA 2008L-0003824 (Vino Blanco Sauvignon Blanc Gran Reserva Sibaris)
[2026-07-22 17:33:28]   [MATCH] EXI_1414164 -> INVIMA 2018L-0009264 (Macallan Double Cask 12 Year Old Single Malt Scotch Whisky Marca Macallan)
[2026-07-22 17:33:28]   [MATCH] EXI_1415176 -> INVIMA 2004L-0001595 (The Glenlivet 18 Year Old Pure Single Malt Scotch Whisky)
[2026-07-22 17:33:28]   [MATCH] EXI_1415904 -> INVIMA 2017L-0009197 (Vino Tinto Finca Las Moras Organico Malbec Marca Las Moras)
[2026-07-22 17:33:28]   [OK] Bloque completado en 37.41s. Acumulado: 57 con INVIMA, 23 sin registro.

[2026-07-22 17:33:30] === Bloque 9/174 (5.2%) | Modelo: deepseek-v4-flash | Procesando 81 a 90 de 1731 ===
[2026-07-22 17:33:49]   [MATCH] EXI_1415905 -> INVIMA 2017L-0009197 (Vino Blanco Finca Las Moras Organico Chardonnay Marca Las Moras)
[2026-07-22 17:33:49]   [MATCH] EXI_1416201 -> INVIMA 2018L-0009347 (Tequila Añejo 100% Agave Reserva 1800 Cristalino Marca 1800.)
[2026-07-22 17:33:49]   [NO MATCH] EXI_1416207 -> Sin registro certificado
[2026-07-22 17:33:49]   [MATCH] EXI_1426950 -> INVIMA 2017L-0009019 (Ron Añejo Reserva Blanca Marca Botran)
[2026-07-22 17:33:49]   [MATCH] EXI_1429151 -> INVIMA 2018L-0009301 (Vino Tinto Cabernet Sauvignon Pays D´Oc)
[2026-07-22 17:33:49]   [MATCH] EXI_1429152 -> INVIMA 2018L-0009301 (Vino Tinto Merlot Pays D´Oc)
[2026-07-22 17:33:49]   [MATCH] EXI_1429153 -> INVIMA 2018L-0009303 (Vino Blanco Sauvignon Blanc Pays D ´ Oc)
[2026-07-22 17:33:49]   [MATCH] EXI_1429154 -> INVIMA 2018L-0009303 (Vino Blanco Chardonnay Pays D ´ Oc)
[2026-07-22 17:33:49]   [MATCH] EXI_1447444 -> INVIMA L-002656 (Whisky Escoces Johnnie Walker Black Label 40º)
[2026-07-22 17:33:49]   [MATCH] EXI_1447755 -> INVIMA 2018L-0009458 (Old Parr 18 Years Old Blended Scotch Whisky)
[2026-07-22 17:33:49]   [OK] Bloque completado en 18.44s. Acumulado: 66 con INVIMA, 24 sin registro.

[2026-07-22 17:33:51] === Bloque 10/174 (5.8%) | Modelo: deepseek-v4-flash | Procesando 91 a 100 de 1731 ===
[2026-07-22 17:34:12]   [MATCH] EXI_145065 -> INVIMA 2009L-0004536 (Vino Tinto Carmenere  Montes Alpha)
[2026-07-22 17:34:12]   [MATCH] EXI_145640 -> INVIMA 2013L-0006359 (Vino Barefoot California Moscato)
[2026-07-22 17:34:12]   [MATCH] EXI_1456680 -> INVIMA 2016L-0008438 (Aguardiente  Antioqueño 24° Sin Azúcar)
[2026-07-22 17:34:12]   [MATCH] EXI_1460117 -> INVIMA 2020L-0010599 (Vino Tinto Marca Codice)
[2026-07-22 17:34:12]   [MATCH] EXI_1466669 -> INVIMA 2020L-0010784 (Chivas Regal Extra 13 Years Blended Scotch Whisky)
[2026-07-22 17:34:12]   [MATCH] EXI_1485398 -> INVIMA 2018L-0009762 (Gordon'S Premium Pink Distilled Gin 37,5 % Marca Gordon'S)
[2026-07-22 17:34:12]   [MATCH] EXI_148965 -> INVIMA 2006L-0002832 (Vino Tinto Syrah  Shiraz - Sirah Reserva Marca Santa Julia)
[2026-07-22 17:34:12]   [MATCH] EXI_148977 -> INVIMA 2006L-0002832 (Vino Tinto Merlot Reserva Marca Santa Julia)
[2026-07-22 17:34:12]   [NO MATCH] EXI_1496712 -> Sin registro certificado
[2026-07-22 17:34:12]   [NO MATCH] EXI_1498036 -> Sin registro certificado
[2026-07-22 17:34:12]   [OK] Bloque completado en 20.4s. Acumulado: 74 con INVIMA, 26 sin registro.

[2026-07-22 17:34:14] === Bloque 11/174 (6.4%) | Modelo: deepseek-v4-flash | Procesando 101 a 110 de 1731 ===
[2026-07-22 17:34:37]   [MATCH] EXI_1502778 -> INVIMA 2018L-0009652 (Vino Rosado Santa Rita Tres Medallas Rose)
[2026-07-22 17:34:37]   [MATCH] EXI_1505816 -> INVIMA 2018L-0009624 (Ron Marca Ron Medellin Gran Solera)
[2026-07-22 17:34:37]   [MATCH] EXI_150740 -> INVIMA 2011L-0005248 (Gran Vino Blanco Don Luis Chardonnay Cousiño Macul)
[2026-07-22 17:34:37]   [MATCH] EXI_1508902 -> INVIMA 2018L-0009695 (Beefeater Pink)
[2026-07-22 17:34:37]   [MATCH] EXI_1514539 -> INVIMA 2018L-0009649 (Vino Verdejo Marca Cuatro Rayas 40 Vendimias)
[2026-07-22 17:34:37]   [NO MATCH] EXI_1514540 -> Sin registro certificado
[2026-07-22 17:34:37]   [NO MATCH] EXI_1523314 -> Sin registro certificado
[2026-07-22 17:34:37]   [MATCH] EXI_1523315 -> INVIMA 2016L-0008419 (Apothic California Dark Red Blend)
[2026-07-22 17:34:37]   [NO MATCH] EXI_1523316 -> Sin registro certificado
[2026-07-22 17:34:37]   [NO MATCH] EXI_1523347 -> Sin registro certificado
[2026-07-22 17:34:37]   [OK] Bloque completado en 22.06s. Acumulado: 80 con INVIMA, 30 sin registro.

[2026-07-22 17:34:39] === Bloque 12/174 (6.9%) | Modelo: deepseek-v4-flash | Procesando 111 a 120 de 1731 ===
[2026-07-22 17:34:56]   [NO MATCH] EXI_1523419 -> Sin registro certificado
[2026-07-22 17:34:56]   [NO MATCH] EXI_1523741 -> Sin registro certificado
[2026-07-22 17:34:56]   [NO MATCH] EXI_1523746 -> Sin registro certificado
[2026-07-22 17:34:56]   [NO MATCH] EXI_1523753 -> Sin registro certificado
[2026-07-22 17:34:56]   [NO MATCH] EXI_1523754 -> Sin registro certificado
[2026-07-22 17:34:56]   [NO MATCH] EXI_1524422 -> Sin registro certificado
[2026-07-22 17:34:56]   [NO MATCH] EXI_1524424 -> Sin registro certificado
[2026-07-22 17:34:56]   [MATCH] EXI_152689 -> INVIMA 2008L-0004015 (Glenmorangie Original Malt Scotch Whisky)
[2026-07-22 17:34:56]   [MATCH] EXI_1529257 -> INVIMA 2011L-0005674 (Vino Carlo Rossi California Rose)
[2026-07-22 17:34:56]   [NO MATCH] EXI_153109 -> Sin registro certificado
[2026-07-22 17:34:56]   [OK] Bloque completado en 16.92s. Acumulado: 82 con INVIMA, 38 sin registro.

[2026-07-22 17:34:58] === Bloque 13/174 (7.5%) | Modelo: deepseek-v4-flash | Procesando 121 a 130 de 1731 ===
[2026-07-22 17:35:27]   [MATCH] EXI_1531094 -> INVIMA 2021L-0010873 (Vino Tinto Reserva Cabernet Sauvignon Marca Siete Soles)
[2026-07-22 17:35:27]   [MATCH] EXI_1531095 -> INVIMA 2021L-0010873 (Vino Blanco Reserva Sauvignon Blanc Marca Siete Soles)
[2026-07-22 17:35:27]   [MATCH] EXI_1533364 -> INVIMA 2014L-0007342 (Vino Tinto Montepulciano D ´ Abruzzo Doc Marca Zaccagnini)
[2026-07-22 17:35:27]   [MATCH] EXI_153493 -> INVIMA 2013L-0006359 (Vino Barefoot California Pink Moscato)
[2026-07-22 17:35:27]   [MATCH] EXI_1536134 -> INVIMA 2017L-0008941 (Vino Tinto Tarpaca Reserva Merlot)
[2026-07-22 17:35:27]   [MATCH] EXI_1536135 -> INVIMA 2017L-0008941 (Vino Tinto Tarapaca Reserva Carmenere)
[2026-07-22 17:35:27]   [NO MATCH] EXI_154557 -> Sin registro certificado
[2026-07-22 17:35:27]   [MATCH] EXI_1548366 -> INVIMA 2020L-0010615 (Vino Tinto Tempranillo D.O Toro Marca Bajoz)
[2026-07-22 17:35:27]   [MATCH] EXI_1552274 -> INVIMA 2017L-0009153 (Vino Tinto Marca Cata Vincorte.)
[2026-07-22 17:35:27]   [MATCH] EXI_1552276 -> INVIMA 2017L-0009153 (Vino Blanco Marca Cata Vincorte.)
[2026-07-22 17:35:27]   [OK] Bloque completado en 29.09s. Acumulado: 91 con INVIMA, 39 sin registro.

[2026-07-22 17:35:29] === Bloque 14/174 (8.1%) | Modelo: deepseek-v4-flash | Procesando 131 a 140 de 1731 ===
[2026-07-22 17:35:50]   [NO MATCH] EXI_156130 -> Sin registro certificado
[2026-07-22 17:35:50]   [MATCH] EXI_1563583 -> INVIMA 2015L-0007541 (Vino Blanco Sauvignon Blanc Leyenda)
[2026-07-22 17:35:50]   [NO MATCH] EXI_1568106 -> Sin registro certificado
[2026-07-22 17:35:50]   [NO MATCH] EXI_1569551 -> Sin registro certificado
[2026-07-22 17:35:50]   [MATCH] EXI_1569572 -> INVIMA 2018L-0009560 (Vino Tinto Alma Negra)
[2026-07-22 17:35:50]   [MATCH] EXI_1569577 -> INVIMA 2018L-0009409 (Vino Tinto Bonarda Marca El Enemigo)
[2026-07-22 17:35:50]   [MATCH] EXI_1569578 -> INVIMA 2018L-0009409 (Vino Tinto Cabernet Franc Marca El Enemigo)
[2026-07-22 17:35:50]   [MATCH] EXI_1570207 -> INVIMA 2018L-0009587 (Vino Compuesto Sanson Maestro)
[2026-07-22 17:35:50]   [MATCH] EXI_1570467 -> INVIMA 2021L-0011220 (Vino Crianza Marca Tinto Pesquera)
[2026-07-22 17:35:50]   [NO MATCH] EXI_1570514 -> Sin registro certificado
[2026-07-22 17:35:50]   [OK] Bloque completado en 20.95s. Acumulado: 97 con INVIMA, 43 sin registro.

[2026-07-22 17:35:53] === Bloque 15/174 (8.7%) | Modelo: deepseek-v4-flash | Procesando 141 a 150 de 1731 ===
[2026-07-22 17:36:20]   [NO MATCH] EXI_1570515 -> Sin registro certificado
[2026-07-22 17:36:20]   [MATCH] EXI_157221 -> INVIMA 2020L-0010691 (Pisco Acholado Marca Da Demonio De Los Andes Tacama)
[2026-07-22 17:36:20]   [NO MATCH] EXI_1588303 -> Sin registro certificado
[2026-07-22 17:36:20]   [NO MATCH] EXI_1588304 -> Sin registro certificado
[2026-07-22 17:36:20]   [NO MATCH] EXI_1588305 -> Sin registro certificado
[2026-07-22 17:36:20]   [MATCH] EXI_1588310 -> INVIMA 2017L-0009175 (Vino Sweet Red Marca Gallo Family Vineyards)
[2026-07-22 17:36:20]   [MATCH] EXI_1588314 -> INVIMA 2012L-0005703 (Vino Gallo Family Vineyards California White Zinfadel)
[2026-07-22 17:36:20]   [MATCH] EXI_1590871 -> INVIMA 2018L-0009234 (Vino Toscana Igt Poggio Badiola Marca Mazzei 1435.)
[2026-07-22 17:36:20]   [MATCH] EXI_1599865 -> INVIMA 2018L-0009739 (Blended Scotch Whisky 15 Years Old "Dewar´S")
[2026-07-22 17:36:20]   [MATCH] EXI_1603306 -> INVIMA 2019L-0009932 (Vino Lambrusco Rosato Emilia Igp Amabile Marca La Piuma)
[2026-07-22 17:36:20]   [OK] Bloque completado en 27.14s. Acumulado: 103 con INVIMA, 47 sin registro.

[2026-07-22 17:36:22] === Bloque 16/174 (9.2%) | Modelo: deepseek-v4-flash | Procesando 151 a 160 de 1731 ===
[2026-07-22 17:36:44]   [NO MATCH] EXI_1603307 -> Sin registro certificado
[2026-07-22 17:36:44]   [MATCH] EXI_1623536 -> INVIMA 2008L-0004239 (Aguardiente Antioqueño)
[2026-07-22 17:36:44]   [NO MATCH] EXI_1623919 -> Sin registro certificado
[2026-07-22 17:36:44]   [MATCH] EXI_1624416 -> INVIMA 2021L-0011234 (Licor De Vodka Smirnoff Sabor A Lulo Sin Azucar)
[2026-07-22 17:36:44]   [NO MATCH] EXI_1627416 -> Sin registro certificado
[2026-07-22 17:36:44]   [MATCH] EXI_1632106 -> INVIMA 2008L-0004187 (Licor De Vodka Bols)
[2026-07-22 17:36:44]   [MATCH] EXI_1632325 -> INVIMA 2015L-0007855 (Islay Dry Gin  The Botanist)
[2026-07-22 17:36:44]   [MATCH] EXI_1632884 -> INVIMA 2019L-0010052 (Buchanans Malts Edition Blended Malt Scotch Whisky)
[2026-07-22 17:36:44]   [MATCH] EXI_1632920 -> INVIMA 2019L-0010050 (The Glenlivet 12 Y.O Single Malt Scotch Whisky)
[2026-07-22 17:36:44]   [MATCH] EXI_1632922 -> INVIMA 2019L-0010036 (The Glenlivet Captains Reserve Single Malt Scotch Whisky)
[2026-07-22 17:36:44]   [OK] Bloque completado en 21.55s. Acumulado: 110 con INVIMA, 50 sin registro.

[2026-07-22 17:36:46] === Bloque 17/174 (9.8%) | Modelo: deepseek-v4-flash | Procesando 161 a 170 de 1731 ===
[2026-07-22 17:37:06]   [MATCH] EXI_1633273 -> INVIMA 2012L-0006312 (Bombay Sapphire London Dry Gin)
[2026-07-22 17:37:06]   [MATCH] EXI_1633280 -> INVIMA 2019L-0010164 (Tequila Añejo 100% De Agave Herradura Ultra Marca Herradura)
[2026-07-22 17:37:06]   [MATCH] EXI_1637041 -> INVIMA 2019L-0009961 (Vino Tinto Marca Embajador)
[2026-07-22 17:37:06]   [NO MATCH] EXI_1638144 -> Sin registro certificado
[2026-07-22 17:37:06]   [NO MATCH] EXI_1639016 -> Sin registro certificado
[2026-07-22 17:37:06]   [MATCH] EXI_1654978 -> INVIMA 2017L-0009036 (Licor Marca John Thomas)
[2026-07-22 17:37:06]   [MATCH] EXI_1658770 -> INVIMA 2019L-0010082 (Ron Viejo De Caldas Roble Blanco)
[2026-07-22 17:37:06]   [MATCH] EXI_1658826 -> INVIMA 2005L-0002459 (Vino Venezie Pinot Grigio Igt Danzante)
[2026-07-22 17:37:06]   [MATCH] EXI_1658827 -> INVIMA 2005L-0002459 (Vino Chianti Docg Danzante)
[2026-07-22 17:37:06]   [NO MATCH] EXI_1663468 -> Sin registro certificado
[2026-07-22 17:37:06]   [OK] Bloque completado en 20.37s. Acumulado: 117 con INVIMA, 53 sin registro.

[2026-07-22 17:37:08] === Bloque 18/174 (10.4%) | Modelo: deepseek-v4-flash | Procesando 171 a 180 de 1731 ===
[2026-07-22 17:37:45]   [NO MATCH] EXI_1663469 -> Sin registro certificado
[2026-07-22 17:37:45]   [NO MATCH] EXI_1666102 -> Sin registro certificado
[2026-07-22 17:37:45]   [MATCH] EXI_166659 -> INVIMA 2017L-0009093 (Vino Tinto Crianza Marca Condado De Haza.)
[2026-07-22 17:37:45]   [MATCH] EXI_166660 -> INVIMA 2019L-0010413 (Vino Blanco Marca Marques De Caceres)
[2026-07-22 17:37:45]   [MATCH] EXI_1671071 -> INVIMA 2016L-0008222 (Aguardiente Blanco Del Valle Sin Azucar - Fiesta 24% Vol Marca Aguardiente Blanco Del Valle Sin Azucar.)
[2026-07-22 17:37:45]   [MATCH] EXI_1671072 -> INVIMA 2016L-0008222 (Aguardiente Blanco Del Valle Sin Azucar - Fiesta 24% Vol Marca Aguardiente Blanco Del Valle Sin Azucar.)
[2026-07-22 17:37:45]   [MATCH] EXI_1671090 -> INVIMA 2017L-0008709 (Tequila 100 % De Agave Añejo 1942 Don Julio 70 Marca Don Julio 70 1942)
[2026-07-22 17:37:45]   [MATCH] EXI_1671092 -> INVIMA 2011L-0005499 (Johnnie Walker Double Black Blended Scotch Whisky Al 40 %)
[2026-07-22 17:37:45]   [MATCH] EXI_1671093 -> INVIMA L-002509 (Whisky Escoces Johnnie Walker Red Label 40%)
[2026-07-22 17:37:45]   [NO MATCH] EXI_1673964 -> Sin registro certificado
[2026-07-22 17:37:45]   [OK] Bloque completado en 36.49s. Acumulado: 124 con INVIMA, 56 sin registro.

[2026-07-22 17:37:47] === Bloque 19/174 (11.0%) | Modelo: deepseek-v4-flash | Procesando 181 a 190 de 1731 ===
[2026-07-22 17:38:02]   [NO MATCH] EXI_1673965 -> Sin registro certificado
[2026-07-22 17:38:02]   [MATCH] EXI_1678591 -> INVIMA 2019L-0009914 (Vino Tinto Ramon Bilbao Reserva)
[2026-07-22 17:38:02]   [MATCH] EXI_1678592 -> INVIMA 2019L-0009914 (Vino Tinto Ramon Bilbao Crianza)
[2026-07-22 17:38:02]   [MATCH] EXI_1678593 -> INVIMA 2019L-0009913 (Vino Blanco Ramon Bilbao Verdejo)
[2026-07-22 17:38:02]   [MATCH] EXI_1678594 -> INVIMA 2019L-0009913 (Vino Rosado Ramon Bilbao Rosado)
[2026-07-22 17:38:02]   [NO MATCH] EXI_1685221 -> Sin registro certificado
[2026-07-22 17:38:02]   [NO MATCH] EXI_1686004 -> Sin registro certificado
[2026-07-22 17:38:02]   [MATCH] EXI_1689625 -> INVIMA 2004L-0001916 (Aguardiente Blanco Del Valle - Sin Azúcar 29 % Vol)
[2026-07-22 17:38:02]   [NO MATCH] EXI_1691665 -> Sin registro certificado
[2026-07-22 17:38:02]   [NO MATCH] EXI_1691667 -> Sin registro certificado
[2026-07-22 17:38:02]   [OK] Bloque completado en 14.87s. Acumulado: 129 con INVIMA, 61 sin registro.

[2026-07-22 17:38:04] === Bloque 20/174 (11.6%) | Modelo: deepseek-v4-flash | Procesando 191 a 200 de 1731 ===
[2026-07-22 17:38:32]   [NO MATCH] EXI_1692072 -> Sin registro certificado
[2026-07-22 17:38:32]   [MATCH] EXI_1696054 -> INVIMA 2019L-0010142 (Licor De Aguardiente Chorrito Ardiente Sin Azucar)
[2026-07-22 17:38:32]   [NO MATCH] EXI_1703972 -> Sin registro certificado
[2026-07-22 17:38:32]   [NO MATCH] EXI_1703973 -> Sin registro certificado
[2026-07-22 17:38:32]   [NO MATCH] EXI_1703974 -> Sin registro certificado
[2026-07-22 17:38:32]   [NO MATCH] EXI_1705623 -> Sin registro certificado
[2026-07-22 17:38:32]   [MATCH] EXI_1705624 -> INVIMA 2019L-0009948 (Vino Tinto Gato Negro 9 Lives Reserve Carmenere)
[2026-07-22 17:38:32]   [MATCH] EXI_1705628 -> INVIMA 2019L-0009949 (Vino Tinto Gato Negro 9 Lives Reserva Ensamblaje Marca Gato Negro)
[2026-07-22 17:38:32]   [NO MATCH] EXI_1705629 -> Sin registro certificado
[2026-07-22 17:38:32]   [MATCH] EXI_1706505 -> INVIMA 2020L-0010784 (Chivas Regal Extra 13 Years Blended Scotch Whisky)
[2026-07-22 17:38:32]   [OK] Bloque completado en 27.95s. Acumulado: 133 con INVIMA, 67 sin registro.

[2026-07-22 17:38:35] === Bloque 21/174 (12.1%) | Modelo: deepseek-v4-flash | Procesando 201 a 210 de 1731 ===
[2026-07-22 17:38:54]   [NO MATCH] EXI_1706817 -> Sin registro certificado
[2026-07-22 17:38:54]   [NO MATCH] EXI_170733 -> Sin registro certificado
[2026-07-22 17:38:54]   [MATCH] EXI_170830 -> L-004713 (Licor Crema Amaretto Marca Convier)
[2026-07-22 17:38:54]   [NO MATCH] EXI_1708367 -> Sin registro certificado
[2026-07-22 17:38:54]   [MATCH] EXI_1709523 -> INVIMA 2019L-0010116 (Aperitivo Cocktail A Base De Vino Blanco Frizzantino Brut Carbonatado Y Aromatizado Marca Frizzantino)
[2026-07-22 17:38:54]   [NO MATCH] EXI_1709525 -> Sin registro certificado
[2026-07-22 17:38:54]   [NO MATCH] EXI_1709620 -> Sin registro certificado
[2026-07-22 17:38:54]   [NO MATCH] EXI_1709621 -> Sin registro certificado
[2026-07-22 17:38:54]   [MATCH] EXI_1712251 -> INVIMA 2019L-0010092 (Rum Original Dark Marca Plantation)
[2026-07-22 17:38:54]   [NO MATCH] EXI_1717090 -> Sin registro certificado
[2026-07-22 17:38:54]   [OK] Bloque completado en 19.58s. Acumulado: 136 con INVIMA, 74 sin registro.

[2026-07-22 17:38:57] === Bloque 22/174 (12.7%) | Modelo: deepseek-v4-flash | Procesando 211 a 220 de 1731 ===
[2026-07-22 17:39:30]   [MATCH] EXI_1717091 -> INVIMA 2014L-0007269 (Vino Dark Horse California Sauvignon Blanc)
[2026-07-22 17:39:30]   [MATCH] EXI_1717092 -> INVIMA 2017L-0009065 (Dark Horse California Rosé Marca Dark Horse)
[2026-07-22 17:39:30]   [MATCH] EXI_1717093 -> INVIMA 2014L-0007269 (Vino Dark Horse California Pinot Noir)
[2026-07-22 17:39:30]   [MATCH] EXI_1724571 -> INVIMA 2008L-0003962 (Vino Blanco Torrontes Finca La Escondida)
[2026-07-22 17:39:30]   [MATCH] EXI_1724572 -> INVIMA 2017L-0008876 (Vino Tinto Gran Reserva Malbec Marca Finca La Escondida.)
[2026-07-22 17:39:30]   [MATCH] EXI_1724623 -> INVIMA 2019L-0010211 (Vino Pinot Noir Frizzante Provincia Di Pavia Igt Pino Pino)
[2026-07-22 17:39:30]   [MATCH] EXI_1724657 -> INVIMA 2019L-0010211 (Vino Pinot Noir Rose Frizzante Pino Pino)
[2026-07-22 17:39:30]   [MATCH] EXI_172488 -> L- 00373 R-2 (Grant S Blended Scotch Whisky Con Las Denominaciones Secundarias The Family Reserve Y Triple Wood)
[2026-07-22 17:39:30]   [MATCH] EXI_1729953 -> INVIMA L-002512 (Whisky Escoces Black And White 40%)
[2026-07-22 17:39:30]   [MATCH] EXI_1739476 -> INVIMA 2018L-0009677 (Licor De Ron Viejo De Caldas Esencial)
[2026-07-22 17:39:30]   [OK] Bloque completado en 33.06s. Acumulado: 146 con INVIMA, 74 sin registro.

[2026-07-22 17:39:33] === Bloque 23/174 (13.3%) | Modelo: deepseek-v4-flash | Procesando 221 a 230 de 1731 ===
[2026-07-22 17:39:54]   [MATCH] EXI_1739477 -> INVIMA 2018L-0009677 (Licor De Ron Viejo De Caldas Esencial)
[2026-07-22 17:39:54]   [NO MATCH] EXI_1740291 -> Sin registro certificado
[2026-07-22 17:39:54]   [MATCH] EXI_1741925 -> INVIMA 2019L-0010278 (Mezcal Joven Marca Union Uno)
[2026-07-22 17:39:54]   [NO MATCH] EXI_1743885 -> Sin registro certificado
[2026-07-22 17:39:54]   [NO MATCH] EXI_1743886 -> Sin registro certificado
[2026-07-22 17:39:54]   [NO MATCH] EXI_1743913 -> Sin registro certificado
[2026-07-22 17:39:54]   [MATCH] EXI_1743914 -> INVIMA 2019L-0010121 (Vino Tinto Beronia Ecológico)
[2026-07-22 17:39:54]   [MATCH] EXI_1743915 -> INVIMA 2019L-0009891 (Tequila Blanco Gran Centenario Plata 100 % Agave)
[2026-07-22 17:39:54]   [MATCH] EXI_1743916 -> INVIMA 2018L-0009721 (Tequila Gran  Centenario Reposado 100 % Agave)
[2026-07-22 17:39:54]   [MATCH] EXI_1743917 -> INVIMA 2018L-0009722 (Tequila Gran Centenario Añejo 100% Agave)
[2026-07-22 17:39:54]   [OK] Bloque completado en 21.7s. Acumulado: 152 con INVIMA, 78 sin registro.

[2026-07-22 17:39:57] === Bloque 24/174 (13.9%) | Modelo: deepseek-v4-flash | Procesando 231 a 240 de 1731 ===
[2026-07-22 17:40:20]   [NO MATCH] EXI_1744368 -> Sin registro certificado
[2026-07-22 17:40:20]   [MATCH] EXI_174734 -> INVIMA L-000648 (Vino Blanco Casillero Del Diablo Chardonnay Reserva)
[2026-07-22 17:40:20]   [MATCH] EXI_1749563 -> INVIMA 2006L-0002832 (Vino Tinto Malbec Reserva Marca Santa Julia)
[2026-07-22 17:40:20]   [NO MATCH] EXI_1749564 -> Sin registro certificado
[2026-07-22 17:40:20]   [MATCH] EXI_1752945 -> INVIMA 2018L-0009409 (Vino Blanco Chardonnay Marca El Enemigo)
[2026-07-22 17:40:20]   [MATCH] EXI_1752947 -> INVIMA 2018L-0009560 (Vino Blanco Alma Negra)
[2026-07-22 17:40:20]   [MATCH] EXI_175950 -> INVIMA L-002509 (Whisky Escoces Johnnie Walker Red Label 40%)
[2026-07-22 17:40:20]   [MATCH] EXI_175952 -> INVIMA L-002656 (Whisky Escoces Johnnie Walker Black Label 40º)
[2026-07-22 17:40:20]   [MATCH] EXI_1763132 -> L-003444 (Vino Blanco Sauvignon Blanc 100% Organic D.O. Rueda Marca Marques De Riscal)
[2026-07-22 17:40:20]   [MATCH] EXI_1763313 -> INVIMA 2019L-0010184 (Chivas Regal Ultis Blended Malt Scotch Whisky Marca Chivas Regal)
[2026-07-22 17:40:20]   [OK] Bloque completado en 22.68s. Acumulado: 160 con INVIMA, 80 sin registro.

[2026-07-22 17:40:22] === Bloque 25/174 (14.4%) | Modelo: deepseek-v4-flash | Procesando 241 a 250 de 1731 ===
[2026-07-22 17:40:39]   [MATCH] EXI_1763452 -> INVIMA L-002656 (Whisky Escoces Johnnie Walker Black Label 40º)
[2026-07-22 17:40:39]   [MATCH] EXI_176521 -> INVIMA 2004L-0001619 (Aperitivo Crema De Whisky Marca Coloma)
[2026-07-22 17:40:39]   [MATCH] EXI_1766115 -> INVIMA 2015L-0007600 (Blended Malt Scotch Whisky Monkey Shoulder)
[2026-07-22 17:40:39]   [NO MATCH] EXI_1769300 -> Sin registro certificado
[2026-07-22 17:40:39]   [NO MATCH] EXI_1769330 -> Sin registro certificado
[2026-07-22 17:40:39]   [MATCH] EXI_1771481 -> INVIMA 2019L-0010061 (Vino Espumoso Prosecco Doc Brut Marca Itinera)
[2026-07-22 17:40:39]   [MATCH] EXI_1772641 -> L-003806 (Absolut Country Of Sweden Vodka)
[2026-07-22 17:40:39]   [MATCH] EXI_1780027 -> INVIMA L-000347 (Carlo Rossi Red Vino Tinto)
[2026-07-22 17:40:39]   [MATCH] EXI_1783386 -> INVIMA 2019L-0009953 (Vino Blanco Sauvignon Blanc Marca Viña Maipo Mi Pueblo)
[2026-07-22 17:40:39]   [MATCH] EXI_1783389 -> INVIMA 2019L-0009952 (Vino Tinto Carmenere Marca Viña Maipo Mi Pueblo)
[2026-07-22 17:40:39]   [OK] Bloque completado en 16.6s. Acumulado: 168 con INVIMA, 82 sin registro.

[2026-07-22 17:40:41] === Bloque 26/174 (15.0%) | Modelo: deepseek-v4-flash | Procesando 251 a 260 de 1731 ===
[2026-07-22 17:41:17]   [MATCH] EXI_1784239 -> INVIMA 2001L-0000286 (Smirnoff Ice Bebida Alcoholica Mixta De Vodka Con Sabor A Limon)
[2026-07-22 17:41:17]   [MATCH] EXI_1784240 -> INVIMA 2015L-0007529 (Smirnoff Ice Green Apple Bebida Alcoholica Mixta De Vodka Con El Sabor De Manzana Verde Aperitivo No Vinico)
[2026-07-22 17:41:17]   [MATCH] EXI_1784241 -> INVIMA 2010L-0004909 (Buchanan'S Master Blended Scotch Whisky)
[2026-07-22 17:41:17]   [MATCH] EXI_1784245 -> INVIMA 2021L-0011234 (Licor De Vodka Smirnoff Sabor A Lulo Sin Azucar)
[2026-07-22 17:41:17]   [MATCH] EXI_1784246 -> INVIMA L-002695 (London Dry Gin Marca Tanqueray)
[2026-07-22 17:41:17]   [MATCH] EXI_1784247 -> INVIMA L-002695 (London Dry Gin Marca Tanqueray)
[2026-07-22 17:41:17]   [MATCH] EXI_1784248 -> INVIMA 2017L-0008834 (Ron Zacapa Centenario Ambar Sistema 12 Solera Reserva)
[2026-07-22 17:41:17]   [MATCH] EXI_1784249 -> INVIMA 2012L-0005835 (Johnnie Walker Gold Label Reserve Blended Scotch Whisky Al 40 %  Johnnie Walker - John Walker And Sons)
[2026-07-22 17:41:17]   [MATCH] EXI_1784250 -> INVIMA L-000132 (Gordon'S Special London Dry Gin)
[2026-07-22 17:41:17]   [MATCH] EXI_1786089 -> INVIMA 2016L-0008548 (Vino Tinto Condesa De Leganza Tempranillo)
[2026-07-22 17:41:17]   [OK] Bloque completado en 35.97s. Acumulado: 178 con INVIMA, 82 sin registro.

[2026-07-22 17:41:20] === Bloque 27/174 (15.6%) | Modelo: deepseek-v4-flash | Procesando 261 a 270 de 1731 ===
[2026-07-22 17:41:39]   [MATCH] EXI_1786090 -> INVIMA 2016L-0008548 (Vino Blanco Condesa De Leganza Verdejo Marca Condesa De Leganza)
[2026-07-22 17:41:39]   [MATCH] EXI_1786091 -> INVIMA 2016L-0008508 (Vino Rosado Condesa De Leganza Marca Condesa De Leganza)
[2026-07-22 17:41:39]   [NO MATCH] EXI_1790742 -> Sin registro certificado
[2026-07-22 17:41:39]   [NO MATCH] EXI_180101 -> Sin registro certificado
[2026-07-22 17:41:39]   [NO MATCH] EXI_180639 -> Sin registro certificado
[2026-07-22 17:41:39]   [NO MATCH] EXI_180674 -> Sin registro certificado
[2026-07-22 17:41:39]   [NO MATCH] EXI_181322 -> Sin registro certificado
[2026-07-22 17:41:39]   [NO MATCH] EXI_185299 -> Sin registro certificado
[2026-07-22 17:41:39]   [MATCH] EXI_1861367 -> INVIMA 2020L-0010684 (Pisco Quebranta Marca: Da Demonio De Los Andes Tacama)
[2026-07-22 17:41:39]   [NO MATCH] EXI_186174 -> Sin registro certificado
[2026-07-22 17:41:39]   [OK] Bloque completado en 19.2s. Acumulado: 181 con INVIMA, 89 sin registro.

[2026-07-22 17:41:41] === Bloque 28/174 (16.2%) | Modelo: deepseek-v4-flash | Procesando 271 a 280 de 1731 ===
[2026-07-22 17:42:00]   [NO MATCH] EXI_1863173 -> Sin registro certificado
[2026-07-22 17:42:00]   [MATCH] EXI_1863251 -> INVIMA 2019L-0010169 (Vino Variedades Valdobbiadene Prosecco Superiore Docg Brut Marca Santa Margherita)
[2026-07-22 17:42:00]   [MATCH] EXI_1863253 -> INVIMA 2019L-0010169 (Vino Variedades Rose Spumante Brut Marca Santa Margherita)
[2026-07-22 17:42:00]   [NO MATCH] EXI_1863254 -> Sin registro certificado
[2026-07-22 17:42:00]   [NO MATCH] EXI_1863327 -> Sin registro certificado
[2026-07-22 17:42:00]   [MATCH] EXI_1863341 -> INVIMA 2009L-0004647 (Vino Tinto Malbec Marca Luca)
[2026-07-22 17:42:00]   [NO MATCH] EXI_1863348 -> Sin registro certificado
[2026-07-22 17:42:00]   [MATCH] EXI_186627 -> INVIMA 2018L-0009708 (Ron Viejo De Caldas 8 Carta De Oro)
[2026-07-22 17:42:00]   [MATCH] EXI_186891 -> INVIMA 2019L-0010299 (Vino White Zinfandel Marca Sutter Home)
[2026-07-22 17:42:00]   [MATCH] EXI_186894 -> INVIMA 2012L-0006173 (Vino Rosado Syrah Shiraz-Sirah Santa Julia)
[2026-07-22 17:42:00]   [OK] Bloque completado en 18.19s. Acumulado: 187 con INVIMA, 93 sin registro.

[2026-07-22 17:42:03] === Bloque 29/174 (16.8%) | Modelo: deepseek-v4-flash | Procesando 281 a 290 de 1731 ===
[2026-07-22 17:42:19]   [MATCH] EXI_187224 -> INVIMA 2006L-0002832 (Vino Tinto Malbec Reserva Marca Santa Julia)
[2026-07-22 17:42:19]   [MATCH] EXI_187230 -> INVIMA 2005L-0002331 (Ron Viejo De Caldas-Juan De La Cruz 5 Años)
[2026-07-22 17:42:19]   [MATCH] EXI_189254 -> INVIMA 2006L-0002813 (Chivas Regal 12 Year Old Blended Scotch Whisky)
[2026-07-22 17:42:19]   [NO MATCH] EXI_192823 -> Sin registro certificado
[2026-07-22 17:42:19]   [NO MATCH] EXI_192846 -> Sin registro certificado
[2026-07-22 17:42:19]   [NO MATCH] EXI_192847 -> Sin registro certificado
[2026-07-22 17:42:19]   [NO MATCH] EXI_192886 -> Sin registro certificado
[2026-07-22 17:42:19]   [NO MATCH] EXI_192920 -> Sin registro certificado
[2026-07-22 17:42:19]   [NO MATCH] EXI_197813 -> Sin registro certificado
[2026-07-22 17:42:19]   [MATCH] EXI_198299 -> INVIMA 2003L-0000987 (Vino Tinto Malbec Reserva  Salentein)
[2026-07-22 17:42:19]   [OK] Bloque completado en 16.52s. Acumulado: 191 con INVIMA, 99 sin registro.

[2026-07-22 17:42:22] === Bloque 30/174 (17.3%) | Modelo: deepseek-v4-flash | Procesando 291 a 300 de 1731 ===
[2026-07-22 17:42:38]   [MATCH] EXI_198564 -> INVIMA 2003L-0000987 (Vino Tinto Cabernet Sauvignon Reserva  Salentein)
[2026-07-22 17:42:38]   [MATCH] EXI_199525 -> INVIMA 2014L-0007419 (Vino Tinto Malbec Los Cardos)
[2026-07-22 17:42:38]   [MATCH] EXI_199575 -> INVIMA 2013L-0006367 (Vino Tinto Malbec Marca Portillo)
[2026-07-22 17:42:38]   [MATCH] EXI_199853 -> INVIMA 2006L-0002710 (Vino Espumoso Blanco- Sparkling Wine Blanc De Blanc´S Brut Jp Chenet)
[2026-07-22 17:42:38]   [MATCH] EXI_199867 -> INVIMA 2021L-0011212 (Vino Blanco Jp Chenet Divine Muscat Vin Mousseaux Blanc De Blancs Demi -Sec Marca J.P. Chenet.)
[2026-07-22 17:42:38]   [NO MATCH] EXI_200699 -> Sin registro certificado
[2026-07-22 17:42:38]   [NO MATCH] EXI_201041 -> Sin registro certificado
[2026-07-22 17:42:38]   [NO MATCH] EXI_202371 -> Sin registro certificado
[2026-07-22 17:42:38]   [MATCH] EXI_202639 -> INVIMA 2012L-0006140 (Vino Tinto Tempranillo - Malbec Santa Julia)
[2026-07-22 17:42:38]   [MATCH] EXI_203006 -> INVIMA 2012L-0006168 (Vino Fino Blanco Chardonnay  Santa Julia)
[2026-07-22 17:42:38]   [OK] Bloque completado en 16.55s. Acumulado: 198 con INVIMA, 102 sin registro.

[2026-07-22 17:42:41] === Bloque 31/174 (17.9%) | Modelo: deepseek-v4-flash | Procesando 301 a 310 de 1731 ===
[2026-07-22 17:43:01]   [MATCH] EXI_203209 -> INVIMA 2006L-0002832 (Vino Tinto Malbec Reserva Marca Santa Julia)
[2026-07-22 17:43:01]   [MATCH] EXI_203355 -> INVIMA 2006L-0002832 (Vino Tinto Cabernet Sauvignon Reserva Marca Santa Julia)
[2026-07-22 17:43:01]   [MATCH] EXI_203452 -> INVIMA 2012L-0006190 (Vino Tinto Fino Tempranillo  Santa Julia)
[2026-07-22 17:43:01]   [MATCH] EXI_204628 -> INVIMA 2003L-0001203 (Tequila Blanco Silver Marca El Charro)
[2026-07-22 17:43:01]   [MATCH] EXI_207084 -> INVIMA 2015L-0007569 (Tanqueray Rangpur Gin Marca Tanqueray)
[2026-07-22 17:43:01]   [NO MATCH] EXI_207724 -> Sin registro certificado
[2026-07-22 17:43:01]   [NO MATCH] EXI_208009 -> Sin registro certificado
[2026-07-22 17:43:01]   [MATCH] EXI_208031 -> INVIMA 2004L-0001585 (Vodka Wyborowa)
[2026-07-22 17:43:01]   [NO MATCH] EXI_209208 -> Sin registro certificado
[2026-07-22 17:43:01]   [NO MATCH] EXI_209307 -> Sin registro certificado
[2026-07-22 17:43:01]   [OK] Bloque completado en 19.81s. Acumulado: 204 con INVIMA, 106 sin registro.

[2026-07-22 17:43:03] === Bloque 32/174 (18.5%) | Modelo: deepseek-v4-flash | Procesando 311 a 320 de 1731 ===
[2026-07-22 17:43:34]   [NO MATCH] EXI_210523 -> Sin registro certificado
[2026-07-22 17:43:34]   [NO MATCH] EXI_210662 -> Sin registro certificado
[2026-07-22 17:43:34]   [NO MATCH] EXI_210685 -> Sin registro certificado
[2026-07-22 17:43:34]   [MATCH] EXI_210730 -> INVIMA 2007L-0003280 (Vino Tinto Tannat Roble Marca Pueblo Del Sol)
[2026-07-22 17:43:34]   [MATCH] EXI_211069 -> INVIMA 2003L-0001138 (Vino Rosado Marca Marqués De Caceres)
[2026-07-22 17:43:34]   [NO MATCH] EXI_212558 -> Sin registro certificado
[2026-07-22 17:43:34]   [NO MATCH] EXI_212569 -> Sin registro certificado
[2026-07-22 17:43:34]   [MATCH] EXI_214193 -> INVIMA 2006L-0002675 (Aguardiente Sin Azúcar  Llanero)
[2026-07-22 17:43:34]   [MATCH] EXI_214195 -> INVIMA 2006L-0002675 (Aguardiente Sin Azúcar  Llanero)
[2026-07-22 17:43:34]   [MATCH] EXI_214736 -> INVIMA 2017L-0008792 (Champagne La Cuvée Brut Laurent Perrier Marca Laurent Perrier.)
[2026-07-22 17:43:34]   [OK] Bloque completado en 30.6s. Acumulado: 209 con INVIMA, 111 sin registro.

[2026-07-22 17:43:36] === Bloque 33/174 (19.1%) | Modelo: deepseek-v4-flash | Procesando 321 a 330 de 1731 ===
[2026-07-22 17:43:52]   [MATCH] EXI_214835 -> INVIMA 2017L-0008792 (Champagne La Cuvée Brut Laurent Perrier Marca Laurent Perrier.)
[2026-07-22 17:43:52]   [MATCH] EXI_215433 -> INVIMA 2003L-0001125 (Vino Blanco Sauvignon Blanc Lazo)
[2026-07-22 17:43:52]   [MATCH] EXI_215441 -> INVIMA 2003L-0001124 (Vino Blanco Chardonnay Marca Lazo)
[2026-07-22 17:43:52]   [MATCH] EXI_215445 -> INVIMA 2003L-0001122 (Vino Tinto Cabernet Sauvignon Marca Lazo)
[2026-07-22 17:43:52]   [NO MATCH] EXI_216978 -> Sin registro certificado
[2026-07-22 17:43:52]   [MATCH] EXI_218209 -> INVIMA 2005L-0002241 (Tequila Reposado Jose Cuervo Tradicional)
[2026-07-22 17:43:52]   [NO MATCH] EXI_219120 -> Sin registro certificado
[2026-07-22 17:43:52]   [MATCH] EXI_220442 -> INVIMA L-002348 (Vino Rose Seco Marca Casa Grajales)
[2026-07-22 17:43:52]   [NO MATCH] EXI_220667 -> Sin registro certificado
[2026-07-22 17:43:52]   [MATCH] EXI_220890 -> INVIMA 2022L-0011446 (Vino Tinto Santa Carolina Gran Reserva Cabernet Sauvignon Marca Santa Carolina)
[2026-07-22 17:43:52]   [OK] Bloque completado en 15.58s. Acumulado: 216 con INVIMA, 114 sin registro.

[2026-07-22 17:43:54] === Bloque 34/174 (19.6%) | Modelo: deepseek-v4-flash | Procesando 331 a 340 de 1731 ===
[2026-07-22 17:44:16]   [NO MATCH] EXI_220891 -> Sin registro certificado
[2026-07-22 17:44:16]   [NO MATCH] EXI_221006 -> Sin registro certificado
[2026-07-22 17:44:16]   [NO MATCH] EXI_224086 -> Sin registro certificado
[2026-07-22 17:44:16]   [NO MATCH] EXI_224944 -> Sin registro certificado
[2026-07-22 17:44:16]   [MATCH] EXI_227392 -> INVIMA 2008L-0003769 (Licor Jagermeister)
[2026-07-22 17:44:16]   [NO MATCH] EXI_228024 -> Sin registro certificado
[2026-07-22 17:44:16]   [NO MATCH] EXI_229614 -> Sin registro certificado
[2026-07-22 17:44:16]   [NO MATCH] EXI_229652 -> Sin registro certificado
[2026-07-22 17:44:16]   [MATCH] EXI_229682 -> INVIMA 2015L-0007529 (Smirnoff Ice Green Apple Bebida Alcoholica Mixta De Vodka Con El Sabor De Manzana Verde Aperitivo No Vinico)
[2026-07-22 17:44:16]   [MATCH] EXI_231060 -> INVIMA 2015L-0007529 (Smirnoff Ice Green Apple Bebida Alcoholica Mixta De Vodka Con El Sabor De Manzana Verde Aperitivo No Vinico)
[2026-07-22 17:44:16]   [OK] Bloque completado en 21.59s. Acumulado: 219 con INVIMA, 121 sin registro.

[2026-07-22 17:44:18] === Bloque 35/174 (20.2%) | Modelo: deepseek-v4-flash | Procesando 341 a 350 de 1731 ===
[2026-07-22 17:44:59]   [MATCH] EXI_232096 -> INVIMA 2012L-0005866 (Vino Blanco Chardonnay Marca Las Moras)
[2026-07-22 17:44:59]   [MATCH] EXI_233880 -> INVIMA 2004L-0001659 (Vino Tinto Cabernet Sauvignon Marca Santiago 1541)
[2026-07-22 17:44:59]   [MATCH] EXI_234559 -> INVIMA 2004L-0001659 (Vino Tinto Merlot Marca Santiago 1541)
[2026-07-22 17:44:59]   [MATCH] EXI_235805 -> INVIMA 2007L-0003374 (Ron Viejo De Caldas Tradicional)
[2026-07-22 17:44:59]   [MATCH] EXI_237125 -> INVIMA 2004L-0001659 (Vino Blanco Sauvignon Blanc Marca Santiago 1541)
[2026-07-22 17:44:59]   [MATCH] EXI_237248 -> INVIMA 2004L-0001659 (Vino Blanco Chardonnay Marca Santiago 1541)
[2026-07-22 17:44:59]   [MATCH] EXI_238329 -> INVIMA 2007L-0003735 (Aguardiente  Nectar Azul Sin Azúcar 29°)
[2026-07-22 17:44:59]   [MATCH] EXI_24269 -> INVIMA 2014L-0007177 (Sabajon Sabor A Vainilla Marca Apolo)
[2026-07-22 17:44:59]   [MATCH] EXI_24270 -> INVIMA 2004L-0001895 (Sabajon Sabor A Brandy Marca Apolo)
[2026-07-22 17:44:59]   [MATCH] EXI_24279 -> INVIMA L-002234 (Vino Blanco Sauvignon Blanc  Gato Negro)
[2026-07-22 17:44:59]   [OK] Bloque completado en 40.89s. Acumulado: 229 con INVIMA, 121 sin registro.

[2026-07-22 17:45:01] === Bloque 36/174 (20.8%) | Modelo: deepseek-v4-flash | Procesando 351 a 360 de 1731 ===
[2026-07-22 17:45:28]   [NO MATCH] EXI_24281 -> Sin registro certificado
[2026-07-22 17:45:28]   [NO MATCH] EXI_242817 -> Sin registro certificado
[2026-07-22 17:45:28]   [MATCH] EXI_24334 -> INVIMA L-002657 (Whisky Scotch  Escocés  Buchanan ' S Deluxe 12Yo Marca Buchanan ´ S Deluxe)
[2026-07-22 17:45:28]   [NO MATCH] EXI_24346 -> Sin registro certificado
[2026-07-22 17:45:28]   [MATCH] EXI_24356 -> L-002347 (Vino Dulce Marca Gran Sidon - Casa Grajales)
[2026-07-22 17:45:28]   [NO MATCH] EXI_24358 -> Sin registro certificado
[2026-07-22 17:45:28]   [NO MATCH] EXI_24359 -> Sin registro certificado
[2026-07-22 17:45:28]   [MATCH] EXI_24360 -> L-002345 (Vino Blanco De Misa Marca Casa Grajales)
[2026-07-22 17:45:28]   [NO MATCH] EXI_24361 -> Sin registro certificado
[2026-07-22 17:45:28]   [MATCH] EXI_24363 -> L-003209 (Brandy Marca  Casa Grajales)
[2026-07-22 17:45:28]   [OK] Bloque completado en 26.65s. Acumulado: 233 con INVIMA, 127 sin registro.

[2026-07-22 17:45:30] === Bloque 37/174 (21.4%) | Modelo: deepseek-v4-flash | Procesando 361 a 370 de 1731 ===
[2026-07-22 17:45:49]   [NO MATCH] EXI_24365 -> Sin registro certificado
[2026-07-22 17:45:49]   [MATCH] EXI_24370 -> INVIMA L-0000445 (Vino Generoso Abocado Marca Casa Grajales)
[2026-07-22 17:45:49]   [MATCH] EXI_24372 -> L-002431 (Vino Tinto Seco Marca Casa Grajales)
[2026-07-22 17:45:49]   [MATCH] EXI_24378 -> INVIMA L-002288 (Vino Blanco Seco Reservado Casa Grajales)
[2026-07-22 17:45:49]   [MATCH] EXI_24381 -> INVIMA L-002348 (Vino Rose Seco Marca Casa Grajales)
[2026-07-22 17:45:49]   [MATCH] EXI_24386 -> INVIMA L-000459 (Aperitivo Crema Maracuya Convier)
[2026-07-22 17:45:49]   [MATCH] EXI_24408 -> INVIMA 2013L-0006450 (Vino Tinto Santa Helena Varietal Cabernet Sauvigon)
[2026-07-22 17:45:49]   [NO MATCH] EXI_24417 -> Sin registro certificado
[2026-07-22 17:45:49]   [MATCH] EXI_24418 -> INVIMA L-000718 (Sangria Fiesta)
[2026-07-22 17:45:49]   [NO MATCH] EXI_24419 -> Sin registro certificado
[2026-07-22 17:45:49]   [OK] Bloque completado en 18.83s. Acumulado: 240 con INVIMA, 130 sin registro.

[2026-07-22 17:45:52] === Bloque 38/174 (22.0%) | Modelo: deepseek-v4-flash | Procesando 371 a 380 de 1731 ===
[2026-07-22 17:46:16]   [MATCH] EXI_24440 -> INVIMA 2018L-0009599 (Vino Blanco Sauvignon Blanc Reserva Especial Casillero Del Diablo)
[2026-07-22 17:46:16]   [MATCH] EXI_24443 -> INVIMA L-000635 (Vino Marques De Casa Concha Chardonnay)
[2026-07-22 17:46:16]   [MATCH] EXI_24447 -> L-002169 (Vino Blanco Sauvignon Blanc/Pedro Jimenez Marca Frontera)
[2026-07-22 17:46:16]   [MATCH] EXI_24449 -> INVIMA L-000636 (Vino Tinto Cabernet Sauvignon Casillero Del Diablo Reserva)
[2026-07-22 17:46:16]   [MATCH] EXI_24451 -> INVIMA L-000638 (Vino Marques De Casa Concha Cabernet Sauvignon)
[2026-07-22 17:46:16]   [MATCH] EXI_24452 -> INVIMA L-000854 (Vino Tinto Cabernet Sauvignon Frontera)
[2026-07-22 17:46:16]   [MATCH] EXI_24460 -> INVIMA 2006L-0003139 (Brandy Marca Pedro Domecq)
[2026-07-22 17:46:16]   [NO MATCH] EXI_24462 -> Sin registro certificado
[2026-07-22 17:46:16]   [MATCH] EXI_24463 -> INVIMA L-001342 (Champagne Veuve Clicquot Ponsardin Brut Marca Veuve Clicquot)
[2026-07-22 17:46:16]   [MATCH] EXI_24468 -> INVIMA 2006L-0003139 (Brandy Marca Pedro Domecq)
[2026-07-22 17:46:16]   [OK] Bloque completado en 24.2s. Acumulado: 249 con INVIMA, 131 sin registro.

[2026-07-22 17:46:19] === Bloque 39/174 (22.5%) | Modelo: deepseek-v4-flash | Procesando 381 a 390 de 1731 ===
[2026-07-22 17:46:37]   [MATCH] EXI_24472 -> INVIMA 2015L-0007994 (Cousiño Macul Don Luis Sauvignon Blanc Gran Vino Blanco)
[2026-07-22 17:46:37]   [NO MATCH] EXI_24490 -> Sin registro certificado
[2026-07-22 17:46:37]   [MATCH] EXI_24496 -> INVIMA 2006L-0002755 (Vino Tinto Cabernet Sauvignon Undurraga)
[2026-07-22 17:46:37]   [MATCH] EXI_24497 -> INVIMA 2006L-0002755 (Vino Tinto Cabernet Sauvignon Undurraga)
[2026-07-22 17:46:37]   [NO MATCH] EXI_24498 -> Sin registro certificado
[2026-07-22 17:46:37]   [MATCH] EXI_24499 -> INVIMA 2006L-0002755 (Vino Blanco Sauvignon Blanc Undurraga)
[2026-07-22 17:46:37]   [MATCH] EXI_24500 -> L-000032 (Vino Blanco Isabella)
[2026-07-22 17:46:37]   [MATCH] EXI_24502 -> L-000435 (Vino Tinto Marca Isabella)
[2026-07-22 17:46:37]   [MATCH] EXI_24509 -> INVIMA 2004L-0001953 (Vino Espumoso Brut Cordon Negro Freixenet)
[2026-07-22 17:46:37]   [MATCH] EXI_246006 -> INVIMA 2010L-0005011 (Vino Blanco Insigne Chardonnay Marca Carmen)
[2026-07-22 17:46:37]   [OK] Bloque completado en 17.52s. Acumulado: 257 con INVIMA, 133 sin registro.

[2026-07-22 17:46:40] === Bloque 40/174 (23.1%) | Modelo: deepseek-v4-flash | Procesando 391 a 400 de 1731 ===
[2026-07-22 17:47:15]   [MATCH] EXI_246112 -> INVIMA 2010L-0005011 (Vino Tinto Insigne Cabernet Sauvignon Marca Carmen)
[2026-07-22 17:47:15]   [MATCH] EXI_246113 -> INVIMA 2010L-0005011 (Vino Tinto Insigne Merlot Marca Carmen)
[2026-07-22 17:47:15]   [MATCH] EXI_248605 -> INVIMA L-002827 (Vino Blanco Morande Gran Reserva Sauvignon Blanc)
[2026-07-22 17:47:15]   [MATCH] EXI_248708 -> INVIMA L-002814 R1 (Vino Blanco Morandé Pionero Reserva Chardonnay)
[2026-07-22 17:47:15]   [MATCH] EXI_249090 -> INVIMA L-002813 (Vino Tinto House Of Morande Cabernet Sauvignon)
[2026-07-22 17:47:15]   [MATCH] EXI_249513 -> INVIMA L-002814 R1 (Vino Blanco Morandé Pionero Reserva Sauvignon Blanc)
[2026-07-22 17:47:15]   [MATCH] EXI_249515 -> INVIMA L-002813 (Vino Tinto House Of Morande Cabernet Sauvignon)
[2026-07-22 17:47:15]   [MATCH] EXI_249516 -> INVIMA L-002814 R1 (Vino Tinto Morandé Pionero Reserva Merlot)
[2026-07-22 17:47:15]   [MATCH] EXI_249642 -> INVIMA L-002831 (Vino Tinto Gran Reserva Carmenere Morandé)
[2026-07-22 17:47:15]   [MATCH] EXI_252154 -> INVIMA 2018L-0009259 (Vino Blanco Chenin Dulce Marca Santa Julia)
[2026-07-22 17:47:15]   [OK] Bloque completado en 35.41s. Acumulado: 267 con INVIMA, 133 sin registro.

[2026-07-22 17:47:18] === Bloque 41/174 (23.7%) | Modelo: deepseek-v4-flash | Procesando 401 a 410 de 1731 ===
[2026-07-22 17:47:49]   [MATCH] EXI_255159 -> INVIMA 2019L-0010413 (Vino Blanco Marca Marques De Caceres)
[2026-07-22 17:47:49]   [MATCH] EXI_256074 -> L-003436 (Vino Rosado Marqués De Riscal D.O.C. Rioja Marca Marqués De Riscal)
[2026-07-22 17:47:49]   [MATCH] EXI_257849 -> INVIMA 2014L-0007300 (Vino Espumoso Extra Brut Navarro Correas)
[2026-07-22 17:47:49]   [NO MATCH] EXI_258649 -> Sin registro certificado
[2026-07-22 17:47:49]   [MATCH] EXI_265335 -> INVIMA 2005L-0002257 (Vino Tinto Santa Rita 120 Reserva Especial Carmenere Marca Santa Rita)
[2026-07-22 17:47:49]   [MATCH] EXI_266557 -> L-000245 (Vino De Jerez Tio Pepe)
[2026-07-22 17:47:49]   [NO MATCH] EXI_266843 -> Sin registro certificado
[2026-07-22 17:47:49]   [NO MATCH] EXI_267764 -> Sin registro certificado
[2026-07-22 17:47:49]   [NO MATCH] EXI_267776 -> Sin registro certificado
[2026-07-22 17:47:49]   [MATCH] EXI_267848 -> INVIMA 2011L-0005271 (Tequila Reposado 100 % Agave Leyenda Del Milagro)
[2026-07-22 17:47:49]   [OK] Bloque completado en 31.73s. Acumulado: 273 con INVIMA, 137 sin registro.

[2026-07-22 17:47:52] === Bloque 42/174 (24.3%) | Modelo: deepseek-v4-flash | Procesando 411 a 420 de 1731 ===
[2026-07-22 17:48:17]   [NO MATCH] EXI_269941 -> Sin registro certificado
[2026-07-22 17:48:17]   [NO MATCH] EXI_270334 -> Sin registro certificado
[2026-07-22 17:48:17]   [NO MATCH] EXI_270432 -> Sin registro certificado
[2026-07-22 17:48:17]   [MATCH] EXI_270885 -> INVIMA 2013L-0006930 (Tequila Reposado Olmeca 35 Grados)
[2026-07-22 17:48:17]   [NO MATCH] EXI_273038 -> Sin registro certificado
[2026-07-22 17:48:17]   [MATCH] EXI_274280 -> INVIMA 2003L-0001293 (Vino Tinto Malbec Trivento Reserve)
[2026-07-22 17:48:17]   [MATCH] EXI_27594 -> INVIMA 2003L-0001294 (Vino Tinto Malbec Golden Reserve Trivento)
[2026-07-22 17:48:17]   [MATCH] EXI_27610 -> INVIMA 2003L-0001418 (Vino Tinto Casillero Del Diablo Carmenere Reserva)
[2026-07-22 17:48:17]   [NO MATCH] EXI_276259 -> Sin registro certificado
[2026-07-22 17:48:17]   [MATCH] EXI_277648 -> INVIMA 2003L-0001185 (Boone'S Strawberry Hill)
[2026-07-22 17:48:17]   [OK] Bloque completado en 25.37s. Acumulado: 278 con INVIMA, 142 sin registro.

[2026-07-22 17:48:20] === Bloque 43/174 (24.8%) | Modelo: deepseek-v4-flash | Procesando 421 a 430 de 1731 ===
[2026-07-22 17:48:55]   [MATCH] EXI_278456 -> INVIMA 2018L-0009680 (Sidra Marca El Gaitero)
[2026-07-22 17:48:55]   [MATCH] EXI_282493 -> INVIMA 2012L-0006098 (Vino Fino Tinto Malbec Trapiche)
[2026-07-22 17:48:55]   [MATCH] EXI_282514 -> INVIMA 2014L-0006986 (Vino Tinto Cabernet Sauvignon Vino Marca Trapiche)
[2026-07-22 17:48:55]   [MATCH] EXI_283119 -> INVIMA 2004L-0001659 (Vino Blanco Sauvignon Blanc Marca Santiago 1541)
[2026-07-22 17:48:55]   [MATCH] EXI_284376 -> INVIMA 2012L-0006287 (Vino Tinto Monterio)
[2026-07-22 17:48:55]   [MATCH] EXI_284627 -> INVIMA 2006L-0002875 (Vino Tinto Cabernet Carmenere Reserva Marca Aliwen)
[2026-07-22 17:48:55]   [MATCH] EXI_284703 -> INVIMA 2006L-0003127 (Vino Tinto Casa Silva Reserva Cuvee Colchagua Cabernet Sauvignon)
[2026-07-22 17:48:55]   [NO MATCH] EXI_284964 -> Sin registro certificado
[2026-07-22 17:48:55]   [MATCH] EXI_285259 -> INVIMA 2006L-0003127 (Vino Tinto Casa Silva Reserva Cuvee Colchagua Carmenere)
[2026-07-22 17:48:55]   [MATCH] EXI_285319 -> INVIMA 2012L-0006292 (Vino Tinto V Reserva Marca Faustino)
[2026-07-22 17:48:55]   [OK] Bloque completado en 35.43s. Acumulado: 287 con INVIMA, 143 sin registro.

[2026-07-22 17:48:58] === Bloque 44/174 (25.4%) | Modelo: deepseek-v4-flash | Procesando 431 a 440 de 1731 ===
[2026-07-22 17:49:27]   [MATCH] EXI_285665 -> INVIMA 2006L-0003127 (Vino Tinto Casa Silva Gran Terroir Merlot)
[2026-07-22 17:49:27]   [MATCH] EXI_286467 -> INVIMA 2012L-0006292 (Vino Tinto Vii Marca Faustino)
[2026-07-22 17:49:27]   [MATCH] EXI_286632 -> INVIMA 2012L-0006292 (Vino Tinto Crianza Marca Faustino)
[2026-07-22 17:49:27]   [MATCH] EXI_287066 -> L-004163 (Ron Medellin Añejo)
[2026-07-22 17:49:27]   [MATCH] EXI_287648 -> INVIMA 2006L-0002875 (Vino Tinto Cabernet Merlot Reserva Marca Aliwen)
[2026-07-22 17:49:27]   [MATCH] EXI_287742 -> INVIMA 2020L-0010847 (Vino Tinto Michel Torino Colecciòn Cabernet Sauvignon Marca Michel Torino)
[2026-07-22 17:49:27]   [MATCH] EXI_288345 -> INVIMA L-001555 (Vino Tinto Barton & Guestier Bordeaux)
[2026-07-22 17:49:27]   [MATCH] EXI_288946 -> INVIMA 2012L-0005860 (Vino Tinto Barton & Guestier Reserve Cabernet Sauvignon)
[2026-07-22 17:49:27]   [MATCH] EXI_289105 -> INVIMA 2012L-0005860 (Vino Tinto Barton & Guestier Reserve Merlot)
[2026-07-22 17:49:27]   [MATCH] EXI_289235 -> INVIMA 2012L-0005860 (Vino Tinto Barton & Guestier Reserve Merlot)
[2026-07-22 17:49:27]   [OK] Bloque completado en 29.29s. Acumulado: 297 con INVIMA, 143 sin registro.

[2026-07-22 17:49:29] === Bloque 45/174 (26.0%) | Modelo: deepseek-v4-flash | Procesando 441 a 450 de 1731 ===
[2026-07-22 17:49:49]   [MATCH] EXI_289276 -> INVIMA 2005L-0002217 (Martini Vermouth Bianco)
[2026-07-22 17:49:49]   [NO MATCH] EXI_290021 -> Sin registro certificado
[2026-07-22 17:49:49]   [MATCH] EXI_296072 -> L-003806 (Absolut Country Of Sweden Vodka)
[2026-07-22 17:49:49]   [MATCH] EXI_296188 -> INVIMA 2010L-0004936 (Tequila 100 % De Agave Reposado  Altos Olmeca)
[2026-07-22 17:49:49]   [MATCH] EXI_296212 -> INVIMA 2010L-0004934 (Tequila 100 % De Agave Plata Altos Olmeca)
[2026-07-22 17:49:49]   [MATCH] EXI_296964 -> INVIMA 2006L-0002875 (Vino Tinto Cabernet Sauvignon Reserva Marca Aliwen)
[2026-07-22 17:49:49]   [MATCH] EXI_297943 -> INVIMA 2006L-0002875 (Vino Blanco Sauvignon Blanc Reserva Marca Aliwen)
[2026-07-22 17:49:49]   [MATCH] EXI_299029 -> INVIMA 2006L-0002875 (Vino Blanco Chardonnay Reserva Marca Aliwen)
[2026-07-22 17:49:49]   [MATCH] EXI_3001361 -> INVIMA 2005L-0002290 (Ron Zacapa Centenario Solera Gran Reserva Sistema Solera 23 -Marca Zacapa Centenario)
[2026-07-22 17:49:49]   [MATCH] EXI_3001769 -> INVIMA 2015L-0007529 (Smirnoff Ice Green Apple Bebida Alcoholica Mixta De Vodka Con El Sabor De Manzana Verde Aperitivo No Vinico)
[2026-07-22 17:49:49]   [OK] Bloque completado en 20.09s. Acumulado: 306 con INVIMA, 144 sin registro.

[2026-07-22 17:49:52] === Bloque 46/174 (26.6%) | Modelo: deepseek-v4-flash | Procesando 451 a 460 de 1731 ===
[2026-07-22 17:50:23]   [MATCH] EXI_3001770 -> INVIMA 2001L-0000286 (Smirnoff Ice Bebida Alcoholica Mixta De Vodka Con Sabor A Limon)
[2026-07-22 17:50:23]   [MATCH] EXI_3001985 -> INVIMA 2019L-0010253 (Aperitivo Cocktail A Base De Vino Rosado Fizzy Rosé Frizzante Carbonatado Y Aromatizado Marca J.P. Chenet)
[2026-07-22 17:50:23]   [NO MATCH] EXI_3002222 -> Sin registro certificado
[2026-07-22 17:50:23]   [MATCH] EXI_3003286 -> INVIMA 2019L-0010315 (Aperitivo No Vinico Blue Marca Four Loko)
[2026-07-22 17:50:23]   [MATCH] EXI_3003287 -> INVIMA 2019L-0010319 (Aperitivo No Vinico Con Sabor Sandia Marca Four Loko)
[2026-07-22 17:50:23]   [MATCH] EXI_3003288 -> INVIMA 2019L-0010317 (Aperitivo No Vinico Con Sabor Ponche De Frutas Marca Four Loko)
[2026-07-22 17:50:23]   [MATCH] EXI_3003289 -> INVIMA 2019L-0010318 (Aperitivo No Vinico Gold Marca Four Loko)
[2026-07-22 17:50:23]   [MATCH] EXI_3003680 -> INVIMA 2010L-0004771 (Tequila Plata Jose Cuervo Especial)
[2026-07-22 17:50:23]   [MATCH] EXI_3003709 -> INVIMA 2019L-0009985 (Aguardiente Sin Azucar Amarillo De Manzanares)
[2026-07-22 17:50:23]   [MATCH] EXI_3003710 -> INVIMA 2019L-0009985 (Aguardiente Sin Azucar Amarillo De Manzanares)
[2026-07-22 17:50:23]   [OK] Bloque completado en 31.54s. Acumulado: 315 con INVIMA, 145 sin registro.

[2026-07-22 17:50:26] === Bloque 47/174 (27.2%) | Modelo: deepseek-v4-flash | Procesando 461 a 470 de 1731 ===
[2026-07-22 17:50:56]   [MATCH] EXI_3006897 -> INVIMA 2019L-0010346 (Vino Blanco Reservado Chardonnay Marca Santa Carolina)
[2026-07-22 17:50:56]   [NO MATCH] EXI_3006898 -> Sin registro certificado
[2026-07-22 17:50:56]   [NO MATCH] EXI_3006899 -> Sin registro certificado
[2026-07-22 17:50:56]   [MATCH] EXI_3007185 -> INVIMA 2019L-0009900 (Vino Frizzante Blanco Piccini Lambrusco Emilia Igt Marca Piccini)
[2026-07-22 17:50:56]   [MATCH] EXI_3007269 -> INVIMA 2016L-0008222 (Aguardiente Blanco Del Valle Sin Azucar - Fiesta 24% Vol Marca Aguardiente Blanco Del Valle Sin Azucar.)
[2026-07-22 17:50:56]   [MATCH] EXI_3007297 -> INVIMA 2012L-0006312 (Bombay Sapphire London Dry Gin)
[2026-07-22 17:50:56]   [MATCH] EXI_3007299 -> INVIMA 2015L-0007921 (Vodka Original Marca Grey Goose)
[2026-07-22 17:50:56]   [MATCH] EXI_3007300 -> INVIMA 2010L-0005124 (Vodka Skyy)
[2026-07-22 17:50:56]   [NO MATCH] EXI_3007301 -> Sin registro certificado
[2026-07-22 17:50:56]   [MATCH] EXI_3007302 -> INVIMA 2004L-0001634 (Whiskey Jack Daniel'S Tennessee)
[2026-07-22 17:50:56]   [OK] Bloque completado en 30.5s. Acumulado: 322 con INVIMA, 148 sin registro.

[2026-07-22 17:50:59] === Bloque 48/174 (27.7%) | Modelo: deepseek-v4-flash | Procesando 471 a 480 de 1731 ===
[2026-07-22 17:51:26]   [NO MATCH] EXI_3009580 -> Sin registro certificado
[2026-07-22 17:51:26]   [MATCH] EXI_3010036 -> INVIMA 2018L-0009665 (Vino Tinto Due Fratelli Kosher Marca Due Fratelli)
[2026-07-22 17:51:26]   [NO MATCH] EXI_3011007 -> Sin registro certificado
[2026-07-22 17:51:26]   [MATCH] EXI_3012328 -> INVIMA 2018L-0009677 (Licor De Ron Viejo De Caldas Esencial)
[2026-07-22 17:51:26]   [NO MATCH] EXI_301283 -> Sin registro certificado
[2026-07-22 17:51:26]   [NO MATCH] EXI_3014718 -> Sin registro certificado
[2026-07-22 17:51:26]   [MATCH] EXI_3014921 -> INVIMA 2017L-0008716 (Vino Pinot Blanco Doc Marca Cantina Colli Euganei.)
[2026-07-22 17:51:26]   [MATCH] EXI_3014925 -> INVIMA 2017L-0008716 (Vino Rosso Doc Marca Cantina Colli Euganei.)
[2026-07-22 17:51:26]   [MATCH] EXI_3015210 -> INVIMA 2004L-0001483 (Catena Appellation Chardonnay Tupungato)
[2026-07-22 17:51:26]   [MATCH] EXI_3015213 -> INVIMA 2004L-0001483 (Catena Appellation Malbec La Consulta)
[2026-07-22 17:51:26]   [OK] Bloque completado en 26.5s. Acumulado: 328 con INVIMA, 152 sin registro.

[2026-07-22 17:51:28] === Bloque 49/174 (28.3%) | Modelo: deepseek-v4-flash | Procesando 481 a 490 de 1731 ===
[2026-07-22 17:52:03]   [MATCH] EXI_3015214 -> INVIMA 2004L-0001480 (Vino Fino Tinto Marca Nicolas Catena Zapata)
[2026-07-22 17:52:03]   [MATCH] EXI_3015260 -> INVIMA 2016L-0008032 (Mezcal Amores)
[2026-07-22 17:52:03]   [MATCH] EXI_3015261 -> INVIMA 2018L-0009772 (Mezcal Amores Cupreata)
[2026-07-22 17:52:03]   [MATCH] EXI_3019029 -> INVIMA 2017L-0009151 (Tequila 100 % De Agave Añejo Reserva De Don Julio)
[2026-07-22 17:52:03]   [MATCH] EXI_3019030 -> INVIMA 2017L-0008808 (Tequila 100% De Agave Blanco Reserva De Don Julio)
[2026-07-22 17:52:03]   [MATCH] EXI_3019031 -> INVIMA 2006L-0002725 (Tequila Reposado 100% De Agave Reserva De Don Julio)
[2026-07-22 17:52:03]   [MATCH] EXI_3020017 -> INVIMA 2019L-0010281 (Vino Espumoso Blanco Brut Celebratión Calvet)
[2026-07-22 17:52:03]   [MATCH] EXI_3020208 -> INVIMA 2002L-0000855 (Vino Blanco Sauvignon Blanc Marca Las Moras)
[2026-07-22 17:52:03]   [MATCH] EXI_3020231 -> INVIMA 2015L-0007655 (Vino Blanco Trapiche Torrontes)
[2026-07-22 17:52:03]   [NO MATCH] EXI_3024454 -> Sin registro certificado
[2026-07-22 17:52:03]   [OK] Bloque completado en 34.57s. Acumulado: 337 con INVIMA, 153 sin registro.

[2026-07-22 17:52:05] === Bloque 50/174 (28.9%) | Modelo: deepseek-v4-flash | Procesando 491 a 500 de 1731 ===
[2026-07-22 17:52:35]   [MATCH] EXI_3024455 -> INVIMA 2021L-0011024 (Vino Blanco Chateau Hospitalet Grand Vin Blanc Aop La Clape Marca Gerard Bertrand)
[2026-07-22 17:52:35]   [MATCH] EXI_3026532 -> INVIMA 2020L-0010552 (Vino Blanco Espumoso Brut Marca Marques De Caceres)
[2026-07-22 17:52:35]   [MATCH] EXI_3028846 -> INVIMA 2017L-0008575 (Vino Tinto Ecologico - Protocolo Tempranillo)
[2026-07-22 17:52:35]   [MATCH] EXI_3028847 -> INVIMA 2018L-0009409 (Vino Tinto Cabernet Franc Marca El Enemigo)
[2026-07-22 17:52:35]   [NO MATCH] EXI_303451 -> Sin registro certificado
[2026-07-22 17:52:35]   [MATCH] EXI_3035450 -> INVIMA 2019L-0010350 (Crema De Ron Viejo De Caldas Marca Cheers)
[2026-07-22 17:52:35]   [NO MATCH] EXI_303935 -> Sin registro certificado
[2026-07-22 17:52:35]   [MATCH] EXI_3040301 -> INVIMA 2020L-0010662 (Chivas Regal Mizunara Blended Scotch Whisky)
[2026-07-22 17:52:35]   [MATCH] EXI_3041841 -> INVIMA 2021L-0010873 (Vino Tinto Reserva Merlot Marca Siete Soles)
[2026-07-22 17:52:35]   [MATCH] EXI_3041842 -> INVIMA 2021L-0010873 (Vino Tinto Reserva Carmenere Marca Siete Soles)
[2026-07-22 17:52:35]   [OK] Bloque completado en 30.05s. Acumulado: 345 con INVIMA, 155 sin registro.

[2026-07-22 17:52:38] === Bloque 51/174 (29.5%) | Modelo: deepseek-v4-flash | Procesando 501 a 510 de 1731 ===
[2026-07-22 17:53:04]   [NO MATCH] EXI_3041843 -> Sin registro certificado
[2026-07-22 17:53:04]   [MATCH] EXI_3042694 -> INVIMA 2016L-0008438 (Aguardiente Antioqueño 24° Sin Azúcar)
[2026-07-22 17:53:04]   [NO MATCH] EXI_3042695 -> Sin registro certificado
[2026-07-22 17:53:04]   [MATCH] EXI_3047138 -> INVIMA 2012L-0005720 (Vino Pinot Grigio Valdadige D. O. C. Marca Santa Margherita)
[2026-07-22 17:53:04]   [MATCH] EXI_3047139 -> INVIMA 2019L-0010062 (Vino Reserva Tannat Marca Garzon)
[2026-07-22 17:53:04]   [MATCH] EXI_3047509 -> INVIMA 2019L-0010062 (Vino Reserva Tannat Marca Garzon)
[2026-07-22 17:53:04]   [NO MATCH] EXI_3047511 -> Sin registro certificado
[2026-07-22 17:53:04]   [MATCH] EXI_3049092 -> INVIMA 2014L-0007075 (Vino Tinto Joven Marca Care)
[2026-07-22 17:53:04]   [NO MATCH] EXI_3049093 -> Sin registro certificado
[2026-07-22 17:53:04]   [NO MATCH] EXI_3049524 -> Sin registro certificado
[2026-07-22 17:53:04]   [OK] Bloque completado en 26.24s. Acumulado: 350 con INVIMA, 160 sin registro.

[2026-07-22 17:53:07] === Bloque 52/174 (30.0%) | Modelo: deepseek-v4-flash | Procesando 511 a 520 de 1731 ===
[2026-07-22 17:53:40]   [NO MATCH] EXI_3050604 -> Sin registro certificado
[2026-07-22 17:53:40]   [NO MATCH] EXI_3050686 -> Sin registro certificado
[2026-07-22 17:53:40]   [MATCH] EXI_3054286 -> INVIMA 2003L-0001138 (Vino Rosado Marca Marqués De Caceres)
[2026-07-22 17:53:40]   [MATCH] EXI_3054287 -> INVIMA 2019L-0010413 (Vino Blanco Marca Marques De Caceres)
[2026-07-22 17:53:40]   [MATCH] EXI_3055480 -> INVIMA 2017L-0008770 (Mezcal Joven Marca Los Siete Misterios.)
[2026-07-22 17:53:40]   [MATCH] EXI_3059798 -> INVIMA 2018L-0009422 (Vino Tinto Diaz Bayo 15 Meses (Crianza))
[2026-07-22 17:53:40]   [MATCH] EXI_3059799 -> INVIMA 2018L-0009422 (Vino Tinto Diaz Bayo 8 Meses (Vino Diaz Bayo 4U))
[2026-07-22 17:53:40]   [NO MATCH] EXI_3067386 -> Sin registro certificado
[2026-07-22 17:53:40]   [NO MATCH] EXI_3067387 -> Sin registro certificado
[2026-07-22 17:53:40]   [MATCH] EXI_3070636 -> INVIMA 2020L-0010721 (Macallan 12 Years Old Sherry Oak Cask Single Malt Scotch  Whisky)
[2026-07-22 17:53:40]   [OK] Bloque completado en 33.79s. Acumulado: 356 con INVIMA, 164 sin registro.

[2026-07-22 17:53:44] === Bloque 53/174 (30.6%) | Modelo: deepseek-v4-flash | Procesando 521 a 530 de 1731 ===
[2026-07-22 17:54:12]   [NO MATCH] EXI_3071047 -> Sin registro certificado
[2026-07-22 17:54:12]   [MATCH] EXI_3071048 -> INVIMA 2020L-0010554 (Vino Tinto Crianza Marca Marqués De Altillo)
[2026-07-22 17:54:12]   [MATCH] EXI_3071049 -> INVIMA 2019L-0010313 (Vino Tinto Gran Andes Del Sur Cabernet Sauvignon)
[2026-07-22 17:54:12]   [MATCH] EXI_3071050 -> INVIMA 2019L-0010313 (Vino Blanco Gran Andes Del Sur Marca Gran Andes Del Sur)
[2026-07-22 17:54:12]   [MATCH] EXI_307153 -> INVIMA 2006L-0002620 (Ron Bacardi Superior Carta Blanca)
[2026-07-22 17:54:12]   [MATCH] EXI_3072951 -> INVIMA 2016L-0008051 (Vino Cuatro Rayas Verdejo Organico)
[2026-07-22 17:54:12]   [MATCH] EXI_3072952 -> INVIMA 2016L-0008051 (Vino Cuatro Rayas Tempranillo - Verdejo Organic Rose Marca Cuatro Rayas)
[2026-07-22 17:54:12]   [MATCH] EXI_3072953 -> INVIMA 2016L-0008051 (Vino Cuatro Rayas Tempranillo Organic Marca Cuatro Rayas)
[2026-07-22 17:54:12]   [MATCH] EXI_30741 -> INVIMA L-000937 (Sangria Don Simon)
[2026-07-22 17:54:12]   [MATCH] EXI_307643 -> INVIMA 2013L-0006546 (Vino Tinto Malbec D O C Marca Norton)
[2026-07-22 17:54:12]   [OK] Bloque completado en 28.81s. Acumulado: 365 con INVIMA, 165 sin registro.

[2026-07-22 17:54:15] === Bloque 54/174 (31.2%) | Modelo: deepseek-v4-flash | Procesando 531 a 540 de 1731 ===
[2026-07-22 17:54:43]   [MATCH] EXI_3079661 -> INVIMA 2020L-0010772 (Vino Blanco Espumoso Santiago 1541 Demi Sec)
[2026-07-22 17:54:43]   [NO MATCH] EXI_3080752 -> Sin registro certificado
[2026-07-22 17:54:43]   [NO MATCH] EXI_3080753 -> Sin registro certificado
[2026-07-22 17:54:43]   [MATCH] EXI_3084406 -> INVIMA 2006L-0002818 (Something Special Blended Scotch Whisky)
[2026-07-22 17:54:43]   [MATCH] EXI_3084459 -> INVIMA 2019L-0010345 (Brandy Marca Pedro Domecq Escudo Dorado Solera Reserva Premium 8 Años)
[2026-07-22 17:54:43]   [MATCH] EXI_3084462 -> INVIMA 2020L-0010587 (Licor Noble 1954 Light)
[2026-07-22 17:54:43]   [MATCH] EXI_3087755 -> INVIMA 2020L-0010743 (Vino Tinto Cabernet Sauvignon Marca Bodega Volcanes De Chile)
[2026-07-22 17:54:43]   [MATCH] EXI_3087756 -> INVIMA 2020L-0010743 (Vino Tinto Carmenere Marca Bodega Volcanes De Chile)
[2026-07-22 17:54:43]   [MATCH] EXI_3087758 -> INVIMA 2020L-0010743 (Vino Tinto Merlot Marca Bodega Volcanes De Chile)
[2026-07-22 17:54:43]   [MATCH] EXI_3087759 -> INVIMA 2012L-0006276 (Vino Tinto Portia Roble Marca Portia)
[2026-07-22 17:54:43]   [OK] Bloque completado en 27.79s. Acumulado: 373 con INVIMA, 167 sin registro.

[2026-07-22 17:54:45] === Bloque 55/174 (31.8%) | Modelo: deepseek-v4-flash | Procesando 541 a 550 de 1731 ===
[2026-07-22 17:55:07]   [MATCH] EXI_3090268 -> INVIMA 2017L-0008677 (Licor De Ron Sabor A Mandarina Marca Bacardi)
[2026-07-22 17:55:07]   [MATCH] EXI_3090269 -> INVIMA 2020L-0010820 (Cocktail Bahama Mama Bacardi)
[2026-07-22 17:55:07]   [MATCH] EXI_3093440 -> INVIMA 2023L-0012326 (Gin London Dry Bulldog)
[2026-07-22 17:55:07]   [MATCH] EXI_3094117 -> INVIMA 2020L-0010830 (Whitley Neill Handcrafted Gin - Rhubarb &Ginger; Gin Marca Whitley Neill)
[2026-07-22 17:55:07]   [NO MATCH] EXI_3096459 -> Sin registro certificado
[2026-07-22 17:55:07]   [MATCH] EXI_3099627 -> INVIMA 2016L-0008438 (Aguardiente  Antioqueño 24° Sin Azúcar)
[2026-07-22 17:55:07]   [MATCH] EXI_3101851 -> INVIMA 2019L-0010320 (Aperitivo No Vinico Purple Marca Four Loko)
[2026-07-22 17:55:07]   [MATCH] EXI_3102427 -> INVIMA 2019L-0010304 (Tequila Reposado Cristalino 100% De Agave Marca El Jimador)
[2026-07-22 17:55:07]   [MATCH] EXI_3110265 -> INVIMA 2019L-0010253 (Aperitivo Cocktail A Base De Vino Rosado Fizzy Rosé Frizzante Carbonatado Y Aromatizado Marca J.P. Chenet)
[2026-07-22 17:55:07]   [NO MATCH] EXI_3110658 -> Sin registro certificado
[2026-07-22 17:55:07]   [OK] Bloque completado en 21.58s. Acumulado: 381 con INVIMA, 169 sin registro.

[2026-07-22 17:55:10] === Bloque 56/174 (32.4%) | Modelo: deepseek-v4-flash | Procesando 551 a 560 de 1731 ===
[2026-07-22 17:55:34]   [NO MATCH] EXI_3110659 -> Sin registro certificado
[2026-07-22 17:55:34]   [NO MATCH] EXI_3110660 -> Sin registro certificado
[2026-07-22 17:55:34]   [NO MATCH] EXI_3110661 -> Sin registro certificado
[2026-07-22 17:55:34]   [NO MATCH] EXI_3113082 -> Sin registro certificado
[2026-07-22 17:55:34]   [NO MATCH] EXI_3113083 -> Sin registro certificado
[2026-07-22 17:55:34]   [NO MATCH] EXI_3113084 -> Sin registro certificado
[2026-07-22 17:55:34]   [MATCH] EXI_3114075 -> INVIMA 2009L-0004375 (Ron Añejo 7 Años  Havana Club)
[2026-07-22 17:55:34]   [MATCH] EXI_3114413 -> INVIMA 2013L-0006447 (Ron Añejo 3 Años Havana Club)
[2026-07-22 17:55:34]   [MATCH] EXI_3114671 -> INVIMA 2021L-0011055 (Aperitivo No Vinico Sabor Frambuesa Limón - Hard Seltzer Marca Lit Hard Seltzer)
[2026-07-22 17:55:34]   [MATCH] EXI_3114672 -> INVIMA 2021L-0011044 (Aperitivo No Vinico Sabor Arandano Cereza - Hard Seltzer Marca Lit Hard Seltzer)
[2026-07-22 17:55:34]   [OK] Bloque completado en 23.96s. Acumulado: 385 con INVIMA, 175 sin registro.

[2026-07-22 17:55:36] === Bloque 57/174 (32.9%) | Modelo: deepseek-v4-flash | Procesando 561 a 570 de 1731 ===
[2026-07-22 17:55:54]   [MATCH] EXI_3114673 -> INVIMA 2021L-0011053 (Aperitivo No Vínico Sabor A Manzana Kiwi - Hard Seltzer Marca Lit Hard Seltzer)
[2026-07-22 17:55:54]   [NO MATCH] EXI_3114674 -> Sin registro certificado
[2026-07-22 17:55:54]   [MATCH] EXI_3116984 -> INVIMA 2008L-0004227 (Ron Havana Club Añejo Especial)
[2026-07-22 17:55:54]   [MATCH] EXI_3118179 -> INVIMA 2020L-0010841 (Cocktail Zombie Bacardi Marca Bacardi)
[2026-07-22 17:55:54]   [MATCH] EXI_3118411 -> INVIMA 2019L-0009837 (Vino Tinto Cabernet Sauvignon Marca Terra Vega)
[2026-07-22 17:55:54]   [MATCH] EXI_3118412 -> INVIMA 2019L-0009837 (Vino Tinto Carmenere Marca Terra Vega)
[2026-07-22 17:55:54]   [MATCH] EXI_3118413 -> INVIMA 2019L-0009837 (Vino Blanco Sauvignon Blanc Marca Terra Vega)
[2026-07-22 17:55:54]   [NO MATCH] EXI_3118414 -> Sin registro certificado
[2026-07-22 17:55:54]   [MATCH] EXI_3118415 -> INVIMA 2019L-0009837 (Vino Tinto Merlot  Marca Terra Vega)
[2026-07-22 17:55:54]   [MATCH] EXI_3118416 -> INVIMA 2019L-0009837 (Vino Tinto Malbec Marca Terra Vega)
[2026-07-22 17:55:54]   [OK] Bloque completado en 17.68s. Acumulado: 393 con INVIMA, 177 sin registro.

[2026-07-22 17:55:57] === Bloque 58/174 (33.5%) | Modelo: deepseek-v4-flash | Procesando 571 a 580 de 1731 ===
[2026-07-22 17:56:22]   [MATCH] EXI_3118417 -> INVIMA 2018L-0009635 (Vino Tinto Merlot Reserva Marca Terra Vega)
[2026-07-22 17:56:22]   [MATCH] EXI_3118418 -> INVIMA 2019L-0009820 (Vino Blanco Chardonnay Gran Reserva Marca Terra Vega)
[2026-07-22 17:56:22]   [MATCH] EXI_3118420 -> INVIMA 2018L-0009635 (Vino Tinto Cabernet Sauvignon Reserva Marca Terra Vega)
[2026-07-22 17:56:22]   [MATCH] EXI_3118422 -> INVIMA 2018L-0009635 (Vino Tinto Carmenere Reserva Marca Terra Vega)
[2026-07-22 17:56:22]   [MATCH] EXI_3118423 -> INVIMA 2018L-0009635 (Vino Blanco Sauvignon Blanc Reserva Marca Terra Vega)
[2026-07-22 17:56:22]   [MATCH] EXI_3118424 -> INVIMA 2019L-0009837 (Vino Tinto Cabernet Sauvignon Marca Terra Vega)
[2026-07-22 17:56:22]   [NO MATCH] EXI_313385 -> Sin registro certificado
[2026-07-22 17:56:22]   [NO MATCH] EXI_3135042 -> Sin registro certificado
[2026-07-22 17:56:22]   [MATCH] EXI_3135043 -> INVIMA 2021L-0011018 (Ron Añejo Botran Oro Sistema 5 Solera Marca Botran Oro)
[2026-07-22 17:56:22]   [MATCH] EXI_3139338 -> INVIMA 2019L-0009807 (Tequila Reposado Maestro Tequilero Dobel Diamante 100 % Agave)
[2026-07-22 17:56:22]   [OK] Bloque completado en 24.89s. Acumulado: 401 con INVIMA, 179 sin registro.

[2026-07-22 17:56:24] === Bloque 59/174 (34.1%) | Modelo: deepseek-v4-flash | Procesando 581 a 590 de 1731 ===
[2026-07-22 17:56:41]   [MATCH] EXI_3142604 -> INVIMA 2016L-0008346 (Vino Vermouth Blanco Cinzano Blanco)
[2026-07-22 17:56:41]   [MATCH] EXI_3142830 -> INVIMA 2020L-0010632 (Vino Spumante Cinzano To Spritz Marca Cinzano)
[2026-07-22 17:56:41]   [NO MATCH] EXI_3142832 -> Sin registro certificado
[2026-07-22 17:56:41]   [MATCH] EXI_3145761 -> INVIMA 2021L-0011052 (Whisky Blended Scotch Marca Scottish Fox)
[2026-07-22 17:56:41]   [MATCH] EXI_314583 -> INVIMA L-002657 (Whisky Scotch  Escocés  Buchanan ' S Deluxe 12Yo Marca Buchanan ´ S Deluxe)
[2026-07-22 17:56:41]   [MATCH] EXI_3149588 -> INVIMA 2014L-0007299 (Tequila Silver Marca Olmeca)
[2026-07-22 17:56:41]   [MATCH] EXI_3150821 -> INVIMA 2013L-0006930 (Tequila Reposado Olmeca 35 Grados)
[2026-07-22 17:56:41]   [NO MATCH] EXI_3153225 -> Sin registro certificado
[2026-07-22 17:56:41]   [NO MATCH] EXI_3153226 -> Sin registro certificado
[2026-07-22 17:56:41]   [NO MATCH] EXI_3153227 -> Sin registro certificado
[2026-07-22 17:56:41]   [OK] Bloque completado en 17.07s. Acumulado: 407 con INVIMA, 183 sin registro.

[2026-07-22 17:56:44] === Bloque 60/174 (34.7%) | Modelo: deepseek-v4-flash | Procesando 591 a 600 de 1731 ===
[2026-07-22 17:57:03]   [NO MATCH] EXI_3153228 -> Sin registro certificado
[2026-07-22 17:57:03]   [NO MATCH] EXI_3157286 -> Sin registro certificado
[2026-07-22 17:57:03]   [NO MATCH] EXI_3157381 -> Sin registro certificado
[2026-07-22 17:57:03]   [MATCH] EXI_3166995 -> INVIMA 2020L-0010686 (Tequila Reposado 100% De Agave Cazadores)
[2026-07-22 17:57:03]   [MATCH] EXI_3170887 -> INVIMA 2022L-0011747 (Aguardiente Tradicion Marca Desquite)
[2026-07-22 17:57:03]   [MATCH] EXI_3173113 -> INVIMA 2015L-0007825 (Ron Extra Añejo 12 Años Marca Gobernador)
[2026-07-22 17:57:03]   [MATCH] EXI_3180020 -> INVIMA 2004L-0001916 (Aguardiente Blanco Del Valle - Sin Azúcar 29 % Vol)
[2026-07-22 17:57:03]   [MATCH] EXI_3188259 -> INVIMA 2016L-0008033 (Vino Blanco Marca Cruzares)
[2026-07-22 17:57:03]   [MATCH] EXI_3189082 -> INVIMA 2021L-0011183 (Aperitivo Cocktail A Base De Vino Blanco Fizzy Blanc Frizzante Carbonatado Y Aromatizado Marca J.P. Chenet)
[2026-07-22 17:57:03]   [MATCH] EXI_3189442 -> INVIMA 2021L-0010977 (Tequila Blanco 100% De Agave Cazadores)
[2026-07-22 17:57:03]   [OK] Bloque completado en 19.84s. Acumulado: 414 con INVIMA, 186 sin registro.

[2026-07-22 17:57:06] === Bloque 61/174 (35.2%) | Modelo: deepseek-v4-flash | Procesando 601 a 610 de 1731 ===
[2026-07-22 17:57:24]   [MATCH] EXI_3189443 -> INVIMA 2021L-0010977 (Tequila Blanco 100% De Agave Cazadores)
[2026-07-22 17:57:24]   [NO MATCH] EXI_3197062 -> Sin registro certificado
[2026-07-22 17:57:24]   [NO MATCH] EXI_3197108 -> Sin registro certificado
[2026-07-22 17:57:24]   [NO MATCH] EXI_3197389 -> Sin registro certificado
[2026-07-22 17:57:24]   [NO MATCH] EXI_3197390 -> Sin registro certificado
[2026-07-22 17:57:24]   [NO MATCH] EXI_3197410 -> Sin registro certificado
[2026-07-22 17:57:24]   [NO MATCH] EXI_3199908 -> Sin registro certificado
[2026-07-22 17:57:24]   [MATCH] EXI_3203113 -> INVIMA 2011L-0005523 (Sailor Jerry Spiced - Licor De Ron)
[2026-07-22 17:57:24]   [MATCH] EXI_320557 -> INVIMA 2017L-0008877 (Vino Tinto Reservado Edición Limitada Cabernet Sauvignon / Merlot, Marca "Santa Carolina".)
[2026-07-22 17:57:24]   [MATCH] EXI_3211491 -> INVIMA 2021L-0011201 (Gin Bosque De Indias)
[2026-07-22 17:57:24]   [OK] Bloque completado en 17.66s. Acumulado: 418 con INVIMA, 192 sin registro.

[2026-07-22 17:57:26] === Bloque 62/174 (35.8%) | Modelo: deepseek-v4-flash | Procesando 611 a 620 de 1731 ===
[2026-07-22 17:58:01]   [MATCH] EXI_3211553 -> INVIMA 2023L-0012478 (Grants Triple Wood 12 Years Old Blended Scotch Whisky 40% Marca Grants)
[2026-07-22 17:58:01]   [MATCH] EXI_32118 -> INVIMA 2013L-0006930 (Tequila Reposado Olmeca 35 Grados)
[2026-07-22 17:58:01]   [MATCH] EXI_3211874 -> L-004163 (Ron Medellin Añejo)
[2026-07-22 17:58:01]   [MATCH] EXI_3211875 -> L-004163 (Ron Medellin Añejo)
[2026-07-22 17:58:01]   [MATCH] EXI_3213418 -> INVIMA 2003L-0001122 (Vino Tinto Carmenere Lazo Marca Lazo)
[2026-07-22 17:58:01]   [MATCH] EXI_3213421 -> INVIMA 2021L-0011188 (Ron Viejo Cubason 35% Vol Añejo Marca Viejo Cubason)
[2026-07-22 17:58:01]   [MATCH] EXI_3215986 -> INVIMA 2020L-0010540 (Vino Tinto Malbec Marques De La Colina)
[2026-07-22 17:58:01]   [MATCH] EXI_3215987 -> INVIMA 2020L-0010540 (Vino Tinto Cabernet Sauvignon Marques De La Colina)
[2026-07-22 17:58:01]   [MATCH] EXI_3215988 -> INVIMA 2020L-0010540 (Vino Blanco Torrontes Marques De La Colina)
[2026-07-22 17:58:01]   [MATCH] EXI_32161 -> INVIMA 2003L-0001427 (Aguardiente Tapa Roja)
[2026-07-22 17:58:01]   [OK] Bloque completado en 34.87s. Acumulado: 428 con INVIMA, 192 sin registro.

[2026-07-22 17:58:03] === Bloque 63/174 (36.4%) | Modelo: deepseek-v4-flash | Procesando 621 a 630 de 1731 ===
[2026-07-22 17:58:32]   [MATCH] EXI_3217524 -> INVIMA 2018L-0009590 (Vino Blanco Chardonnay Marca Bodega Toro Centenario)
[2026-07-22 17:58:32]   [MATCH] EXI_32181 -> INVIMA 2008L-0004239 (Aguardiente Antioqueño)
[2026-07-22 17:58:32]   [MATCH] EXI_32182 -> INVIMA 2008L-0004239 (Aguardiente Antioqueño)
[2026-07-22 17:58:32]   [MATCH] EXI_32191 -> L-004163 (Ron Medellin Añejo)
[2026-07-22 17:58:32]   [MATCH] EXI_32201 -> L-004163 (Ron Medellin Añejo)
[2026-07-22 17:58:32]   [MATCH] EXI_32202 -> L-004163 (Ron Medellin Añejo)
[2026-07-22 17:58:32]   [MATCH] EXI_32203 -> INVIMA 2005L-0002195 (Ron Medellin Extra Añejo)
[2026-07-22 17:58:32]   [MATCH] EXI_32205 -> INVIMA 2015L-0007722 (Vodka Marca Montesskaya)
[2026-07-22 17:58:32]   [NO MATCH] EXI_3223867 -> Sin registro certificado
[2026-07-22 17:58:32]   [MATCH] EXI_3223917 -> L-003436 (Vino Tinto Reserva Marques De Riscal D O C Rioja)
[2026-07-22 17:58:32]   [OK] Bloque completado en 28.61s. Acumulado: 437 con INVIMA, 193 sin registro.

[2026-07-22 17:58:35] === Bloque 64/174 (37.0%) | Modelo: deepseek-v4-flash | Procesando 631 a 640 de 1731 ===
[2026-07-22 17:59:03]   [MATCH] EXI_3226736 -> INVIMA 2011L-0005398 (Vino Tinto Carmenere Santiago 1541 Reserva)
[2026-07-22 17:59:03]   [MATCH] EXI_3226737 -> INVIMA 2012L-0005909 (Vino Blanco Sauvignon Blanc Reserva Volcanes De Chile)
[2026-07-22 17:59:03]   [MATCH] EXI_3226738 -> INVIMA 2019L-0010386 (Vino Rosato Lambrusco Di Modena Dop Frizzante Amabile Marca Cc Cantine Di Carpi)
[2026-07-22 17:59:03]   [MATCH] EXI_3226739 -> INVIMA 2019L-0010386 (Vino Il Duomo Rosso Lambrusco Di Modena Dop Frizzante Amabile Marca Cc Cantine Di Carpi)
[2026-07-22 17:59:03]   [MATCH] EXI_3226740 -> INVIMA 2021L-0010979 (Vino Blanco Espumoso Brut Santiago 1541 Marca Santiago 1541)
[2026-07-22 17:59:03]   [MATCH] EXI_322760 -> INVIMA 2003L-0001200 (Vino Tinto Lan Crianza)
[2026-07-22 17:59:03]   [MATCH] EXI_3228568 -> INVIMA 2019L-0010242 (Vino Blanco J.P Chenet Divine Chardonnay Brut (Vin Mousseaux) Blanc De Blancs)
[2026-07-22 17:59:03]   [NO MATCH] EXI_323021 -> Sin registro certificado
[2026-07-22 17:59:03]   [MATCH] EXI_3233472 -> INVIMA 2021L-0011071 (Aberlour 12 Years Old Single Malt Scotch Whisky)
[2026-07-22 17:59:03]   [NO MATCH] EXI_3236851 -> Sin registro certificado
[2026-07-22 17:59:03]   [OK] Bloque completado en 28.18s. Acumulado: 445 con INVIMA, 195 sin registro.

[2026-07-22 17:59:05] === Bloque 65/174 (37.6%) | Modelo: deepseek-v4-flash | Procesando 641 a 650 de 1731 ===
[2026-07-22 17:59:31]   [NO MATCH] EXI_3236861 -> Sin registro certificado
[2026-07-22 17:59:31]   [MATCH] EXI_323978 -> INVIMA 2012L-0005867 (Vino Tinto Cabernet Sauvignon  Las Moras)
[2026-07-22 17:59:31]   [MATCH] EXI_323992 -> INVIMA 2002L-0000855 (Vino Tinto Malbec Marca Las Moras)
[2026-07-22 17:59:31]   [MATCH] EXI_3239980 -> INVIMA 2019L-0010291 (Talisker 10 Yo Single Malt Scotch Whisky 45.8% Marca Talisker)
[2026-07-22 17:59:31]   [MATCH] EXI_324030 -> INVIMA 2012L-0005868 (Vino Tinto Bonarda Marca Las Moras)
[2026-07-22 17:59:31]   [MATCH] EXI_324031 -> INVIMA 2012L-0005866 (Vino Blanco Chardonnay Marca Las Moras)
[2026-07-22 17:59:31]   [MATCH] EXI_3240807 -> INVIMA 2021L-0011103 (Vino Frizzante Lambrusco Rosso Dolce Dell Emilia Igt Marca Botticello)
[2026-07-22 17:59:31]   [MATCH] EXI_3240808 -> INVIMA 2021L-0011103 (Vino Frizzante Lambrusco Rosso Dolce Dell Emilia Igt Marca Botticello)
[2026-07-22 17:59:31]   [MATCH] EXI_3240809 -> INVIMA 2021L-0011103 (Vino Frizzante Lambrusco Rosato Dolce Dell Emilia Igt  Marca Botticello)
[2026-07-22 17:59:31]   [MATCH] EXI_3244053 -> INVIMA 2021L-0010917 (Vino Tinto Cabernet Sauvignon Marca Vagabundo)
[2026-07-22 17:59:31]   [OK] Bloque completado en 25.64s. Acumulado: 454 con INVIMA, 196 sin registro.

[2026-07-22 17:59:34] === Bloque 66/174 (38.1%) | Modelo: deepseek-v4-flash | Procesando 651 a 660 de 1731 ===
[2026-07-22 17:59:58]   [MATCH] EXI_3244055 -> INVIMA 2021L-0010917 (Vino Tinto Merlot Marca Vagabundo)
[2026-07-22 17:59:58]   [MATCH] EXI_3245046 -> INVIMA 2021L-0011259 (Chivas Regal Extra Aged 13 Years Blended Scotch Whisky Finished In Tequila Casks Marca Chivas Regal)
[2026-07-22 17:59:58]   [MATCH] EXI_3246197 -> INVIMA 2021L-0011111 (Hendrick'S Lunar Gin Marca Hendrick'S)
[2026-07-22 17:59:58]   [MATCH] EXI_3246574 -> INVIMA 2019L-0010386 (Vino Bianco Lambrusco Dell´Emilia Igp Frizzante Amabile Marca Cc Cantine Di Carpi)
[2026-07-22 17:59:58]   [MATCH] EXI_3247392 -> INVIMA 2021L-0011105 (Vino Tinto Espumante Labrusco Marca Isabella Frizzante)
[2026-07-22 17:59:58]   [MATCH] EXI_3247393 -> INVIMA 2021L-0011319 (Vino Blanco Demisec Espumante Marca Isabella Perlado)
[2026-07-22 17:59:58]   [NO MATCH] EXI_3249661 -> Sin registro certificado
[2026-07-22 17:59:58]   [NO MATCH] EXI_3250581 -> Sin registro certificado
[2026-07-22 17:59:58]   [NO MATCH] EXI_3250582 -> Sin registro certificado
[2026-07-22 17:59:58]   [MATCH] EXI_3250584 -> INVIMA 2014L-0007418 (Vino Tinto Malbec Marca Doña Paula Estate)
[2026-07-22 17:59:58]   [OK] Bloque completado en 24.27s. Acumulado: 461 con INVIMA, 199 sin registro.

[2026-07-22 18:00:01] === Bloque 67/174 (38.7%) | Modelo: deepseek-v4-flash | Procesando 661 a 670 de 1731 ===
[2026-07-22 18:00:29]   [NO MATCH] EXI_3250588 -> Sin registro certificado
[2026-07-22 18:00:29]   [MATCH] EXI_3250591 -> INVIMA 2017L-0009152 (Vino Tinto Malbec Andean Vineyards)
[2026-07-22 18:00:29]   [MATCH] EXI_3250593 -> INVIMA 2017L-0009152 (Vino Blanco Chardonnay Andean Vineyards)
[2026-07-22 18:00:29]   [NO MATCH] EXI_3250682 -> Sin registro certificado
[2026-07-22 18:00:29]   [MATCH] EXI_3250909 -> INVIMA 2015L-0007541 (Vino Tinto Cabernet Sauvignon / Merlot Red Blend Marca Leyenda)
[2026-07-22 18:00:29]   [MATCH] EXI_3251937 -> INVIMA 2020L-0010710 (Vino Blanco Chardonnay Reserva Undurraga)
[2026-07-22 18:00:29]   [MATCH] EXI_3251938 -> INVIMA 2020L-0010710 (Vino Tinto Cabernet Sauvignon Reserva Undurraga)
[2026-07-22 18:00:29]   [MATCH] EXI_3251939 -> INVIMA 2020L-0010710 (Vino Tinto Merlot Reserva Undurraga)
[2026-07-22 18:00:29]   [MATCH] EXI_3251940 -> INVIMA 2020L-0010710 (Vino Blanco Sauvignon Blanc Reserva Undurraga)
[2026-07-22 18:00:29]   [MATCH] EXI_3253268 -> INVIMA 2020L-0010697 (Ron Santafe Extraviejo 6 Años)
[2026-07-22 18:00:29]   [OK] Bloque completado en 28.58s. Acumulado: 469 con INVIMA, 201 sin registro.

[2026-07-22 18:00:31] === Bloque 68/174 (39.3%) | Modelo: deepseek-v4-flash | Procesando 671 a 680 de 1731 ===
[2026-07-22 18:00:50]   [NO MATCH] EXI_3253269 -> Sin registro certificado
[2026-07-22 18:00:50]   [NO MATCH] EXI_3253479 -> Sin registro certificado
[2026-07-22 18:00:50]   [NO MATCH] EXI_3253480 -> Sin registro certificado
[2026-07-22 18:00:50]   [NO MATCH] EXI_3253482 -> Sin registro certificado
[2026-07-22 18:00:50]   [MATCH] EXI_3260398 -> INVIMA 2022L-0011427 (Bombay Bramble Gin)
[2026-07-22 18:00:50]   [NO MATCH] EXI_326235 -> Sin registro certificado
[2026-07-22 18:00:50]   [NO MATCH] EXI_326246 -> Sin registro certificado
[2026-07-22 18:00:50]   [NO MATCH] EXI_326293 -> Sin registro certificado
[2026-07-22 18:00:50]   [MATCH] EXI_3263641 -> INVIMA 2019L-0010466 (Gin Mg 40° Marca Ginmg)
[2026-07-22 18:00:50]   [NO MATCH] EXI_326387 -> Sin registro certificado
[2026-07-22 18:00:50]   [OK] Bloque completado en 19.11s. Acumulado: 471 con INVIMA, 209 sin registro.

[2026-07-22 18:00:54] === Bloque 69/174 (39.9%) | Modelo: deepseek-v4-flash | Procesando 681 a 690 de 1731 ===
[2026-07-22 18:01:14]   [MATCH] EXI_3266690 -> INVIMA 2022L-0011600 (Buchanan´S Two Souls Blended Scotch Whisky 40% Marca Buchanan´S)
[2026-07-22 18:01:14]   [NO MATCH] EXI_3270623 -> Sin registro certificado
[2026-07-22 18:01:14]   [MATCH] EXI_327323 -> INVIMA 2020L-0010507 (Vino Malbec Gran Reserva Marca Viu Manent)
[2026-07-22 18:01:14]   [MATCH] EXI_327339 -> INVIMA 2020L-0010535 (Vino Cabernet Sauvignon Reserva Estate Collection Marca Viu Manent)
[2026-07-22 18:01:14]   [MATCH] EXI_327610 -> INVIMA 2017L-0008927 (Vino Blanco Chardonnay Reserva Estate Collection Marca Viu Manenet)
[2026-07-22 18:01:14]   [MATCH] EXI_327612 -> INVIMA 2017L-0008927 (Vino Blanco Sauvignon Blanc Reserva Estate Collection Marca Viu Manenet)
[2026-07-22 18:01:14]   [MATCH] EXI_3277464 -> INVIMA 2021L-0011099 (Vino Rosado Aoc Denominacion Bordeaux Rose Marca Chateau Jaron Bordeaux)
[2026-07-22 18:01:14]   [MATCH] EXI_3277465 -> INVIMA 2021L-0011099 (Vino Tinto Aoc Denominacion Bordeaux Rouge Marca Chateau Jaron Bordeaux)
[2026-07-22 18:01:14]   [NO MATCH] EXI_3279490 -> Sin registro certificado
[2026-07-22 18:01:14]   [NO MATCH] EXI_327985 -> Sin registro certificado
[2026-07-22 18:01:14]   [OK] Bloque completado en 20.73s. Acumulado: 478 con INVIMA, 212 sin registro.

[2026-07-22 18:01:16] === Bloque 70/174 (40.4%) | Modelo: deepseek-v4-flash | Procesando 691 a 700 de 1731 ===
[2026-07-22 18:01:47]   [MATCH] EXI_3280462 -> INVIMA 2021L-0011276 (Licor Con Blend De Brandy Marca Chemineaud)
[2026-07-22 18:01:47]   [NO MATCH] EXI_3281949 -> Sin registro certificado
[2026-07-22 18:01:47]   [MATCH] EXI_3287699 -> INVIMA 2019L-0010007 (Ron Cierva Dorada 12 Años Extra Añejo)
[2026-07-22 18:01:47]   [MATCH] EXI_3287700 -> INVIMA 2019L-0009993 (Ron Añejo La Mojana)
[2026-07-22 18:01:47]   [MATCH] EXI_3287701 -> INVIMA 2019L-0009993 (Ron Añejo La Mojana)
[2026-07-22 18:01:47]   [NO MATCH] EXI_3292242 -> Sin registro certificado
[2026-07-22 18:01:47]   [MATCH] EXI_3294624 -> INVIMA 2020L-0010784 (Chivas Regal Extra 13 Years Blended Scotch Whisky)
[2026-07-22 18:01:47]   [MATCH] EXI_3295521 -> INVIMA 2006L-0002813 (Chivas Regal 12 Year Old Blended Scotch Whisky)
[2026-07-22 18:01:47]   [MATCH] EXI_3295933 -> INVIMA 2017L-0009043 (Vino Tinto Merlot Chilensis)
[2026-07-22 18:01:47]   [NO MATCH] EXI_3295934 -> Sin registro certificado
[2026-07-22 18:01:47]   [OK] Bloque completado en 30.1s. Acumulado: 485 con INVIMA, 215 sin registro.

[2026-07-22 18:01:49] === Bloque 71/174 (41.0%) | Modelo: deepseek-v4-flash | Procesando 701 a 710 de 1731 ===
[2026-07-22 18:02:09]   [MATCH] EXI_3295935 -> INVIMA 2017L-0009043 (Vino Tinto Cabernet Sauvignon Chilensis)
[2026-07-22 18:02:09]   [NO MATCH] EXI_3298868 -> Sin registro certificado
[2026-07-22 18:02:09]   [NO MATCH] EXI_3300878 -> Sin registro certificado
[2026-07-22 18:02:09]   [NO MATCH] EXI_3300879 -> Sin registro certificado
[2026-07-22 18:02:09]   [NO MATCH] EXI_3300880 -> Sin registro certificado
[2026-07-22 18:02:09]   [NO MATCH] EXI_3300881 -> Sin registro certificado
[2026-07-22 18:02:09]   [MATCH] EXI_330442 -> INVIMA 2003L-0001257 (Aguardiente Nectar Club Sin Azúcar)
[2026-07-22 18:02:09]   [MATCH] EXI_330744 -> INVIMA 2003L-0001257 (Aguardiente Nectar Club Sin Azúcar)
[2026-07-22 18:02:09]   [NO MATCH] EXI_3309950 -> Sin registro certificado
[2026-07-22 18:02:09]   [MATCH] EXI_3310421 -> INVIMA 2019L-0009985 (Aguardiente Sin Azucar Amarillo De Manzanares)
[2026-07-22 18:02:09]   [OK] Bloque completado en 19.64s. Acumulado: 489 con INVIMA, 221 sin registro.

[2026-07-22 18:02:11] === Bloque 72/174 (41.6%) | Modelo: deepseek-v4-flash | Procesando 711 a 720 de 1731 ===
[2026-07-22 18:02:44]   [NO MATCH] EXI_331374 -> Sin registro certificado
[2026-07-22 18:02:44]   [MATCH] EXI_331419 -> INVIMA 2006L-0002703 (Vino Tinto Cabernet Sauvignon - Malbec - Syrah  Santa Julia Magna)
[2026-07-22 18:02:44]   [MATCH] EXI_3314290 -> INVIMA 2021L-0011094 (Tequila Corralejo Blanco 100% De Agave Marca Corralejo)
[2026-07-22 18:02:44]   [MATCH] EXI_3314291 -> INVIMA 2014L-0007343 (Tequila Corralejo Reposado 100% De Agave)
[2026-07-22 18:02:44]   [MATCH] EXI_3317733 -> INVIMA 2022L-0011886 (Blended Scotch Whisky King Of Queens Marca King Of Queens)
[2026-07-22 18:02:44]   [MATCH] EXI_3317734 -> INVIMA 2022L-0011886 (Blended Scotch Whisky King Of Queens Marca King Of Queens)
[2026-07-22 18:02:44]   [MATCH] EXI_3318942 -> INVIMA 2014L-0007454 (Aguardiente Cristal Sin Azúcar Xs)
[2026-07-22 18:02:44]   [NO MATCH] EXI_3320360 -> Sin registro certificado
[2026-07-22 18:02:44]   [MATCH] EXI_3320926 -> INVIMA 2002L-0000455 (Vino Rosado Aire De Protos Marca Protos)
[2026-07-22 18:02:44]   [MATCH] EXI_3320930 -> INVIMA 2017L-0008715 (Vino Espumoso Saint - Louis Rosé Brut Marca Saint - Louis.)
[2026-07-22 18:02:44]   [OK] Bloque completado en 32.65s. Acumulado: 497 con INVIMA, 223 sin registro.

[2026-07-22 18:02:47] === Bloque 73/174 (42.2%) | Modelo: deepseek-v4-flash | Procesando 721 a 730 de 1731 ===
[2026-07-22 18:03:10]   [MATCH] EXI_3321767 -> INVIMA 2021L-0011013 (Cocktail Hurricane Bacardi)
[2026-07-22 18:03:10]   [MATCH] EXI_3321963 -> INVIMA 2022L-0011907 (Aguardiente Blanco Del Valle Night Sin Azucar 27°)
[2026-07-22 18:03:10]   [MATCH] EXI_3322813 -> INVIMA 2023L-0012478 (Grants Triple Wood 12 Years Old Blended Scotch Whisky 40% Marca Grants)
[2026-07-22 18:03:10]   [NO MATCH] EXI_332454 -> Sin registro certificado
[2026-07-22 18:03:10]   [MATCH] EXI_3325616 -> INVIMA 2019L-0010200 (Vino Blanco Mar De Frades Albariño Atlantico Marca Mar De Frades)
[2026-07-22 18:03:10]   [NO MATCH] EXI_3327597 -> Sin registro certificado
[2026-07-22 18:03:10]   [NO MATCH] EXI_3327598 -> Sin registro certificado
[2026-07-22 18:03:10]   [MATCH] EXI_3327599 -> RSA-0021808-2022 (Bebida Embriagante Con Vino Con Volumen De Alcohol Del 2%. Sabor A Lyche Marca Eniwer Ready To Drink)
[2026-07-22 18:03:10]   [NO MATCH] EXI_332931 -> Sin registro certificado
[2026-07-22 18:03:10]   [NO MATCH] EXI_333083 -> Sin registro certificado
[2026-07-22 18:03:10]   [OK] Bloque completado en 23.36s. Acumulado: 502 con INVIMA, 228 sin registro.

[2026-07-22 18:03:13] === Bloque 74/174 (42.7%) | Modelo: deepseek-v4-flash | Procesando 731 a 740 de 1731 ===
[2026-07-22 18:03:33]   [NO MATCH] EXI_333183 -> Sin registro certificado
[2026-07-22 18:03:33]   [MATCH] EXI_333275 -> INVIMA 2021L-0010874 (Vino Barefoot California White Zinfandel)
[2026-07-22 18:03:33]   [NO MATCH] EXI_333651 -> Sin registro certificado
[2026-07-22 18:03:33]   [NO MATCH] EXI_334026 -> Sin registro certificado
[2026-07-22 18:03:33]   [MATCH] EXI_334762 -> INVIMA 2006L-0002832 (Vino Tinto Malbec Reserva Marca Santa Julia)
[2026-07-22 18:03:33]   [MATCH] EXI_3349250 -> INVIMA 2015L-0007987 (Mezcal Montelobos)
[2026-07-22 18:03:33]   [MATCH] EXI_3350328 -> INVIMA 2021L-0011324 (Lambrusco Dell´Emilia Igt Vino Burbujeante Bianco Amabile Marca Sarsitano)
[2026-07-22 18:03:33]   [MATCH] EXI_3350329 -> INVIMA 2021L-0011324 (Lambrusco Dell´Emilia Igt Vino Burbujeante Rosso Amabile Marca Sarsitano)
[2026-07-22 18:03:33]   [MATCH] EXI_3350330 -> INVIMA 2021L-0011324 (Lambrusco Dell´Emilia Igt Vino Burbujeante Rosato Amabile Marca Sarsitano)
[2026-07-22 18:03:33]   [NO MATCH] EXI_3351235 -> Sin registro certificado
[2026-07-22 18:03:33]   [OK] Bloque completado en 19.75s. Acumulado: 508 con INVIMA, 232 sin registro.

[2026-07-22 18:03:36] === Bloque 75/174 (43.3%) | Modelo: deepseek-v4-flash | Procesando 741 a 750 de 1731 ===
[2026-07-22 18:03:54]   [MATCH] EXI_3351247 -> INVIMA 2014L-0007254 (Licor Jack Daniel`S Tennessee Honey Liqueur)
[2026-07-22 18:03:54]   [MATCH] EXI_3351248 -> INVIMA 2011L-0005164 (Gentleman Jack Rare Tennessee Whiskey)
[2026-07-22 18:03:54]   [MATCH] EXI_3351249 -> INVIMA L-000907 (Tequila Herradura Añejo)
[2026-07-22 18:03:54]   [MATCH] EXI_3351250 -> INVIMA 2010L-0005040 (Tequila Herradura Plata 100 % De Agave)
[2026-07-22 18:03:54]   [MATCH] EXI_3351251 -> INVIMA 2013L-0006640 (Tequila Blanco 100 % De Agave El Jimador)
[2026-07-22 18:03:54]   [MATCH] EXI_3351252 -> INVIMA 2019L-0010304 (Tequila Reposado Cristalino 100% De Agave Marca El Jimador)
[2026-07-22 18:03:54]   [MATCH] EXI_3351253 -> INVIMA L-000678 (Tequila Reposado Herradura)
[2026-07-22 18:03:54]   [MATCH] EXI_335136 -> INVIMA 2022L-0011446 (Vino Tinto Santa Carolina Gran Reserva Cabernet Sauvignon Marca Santa Carolina)
[2026-07-22 18:03:54]   [MATCH] EXI_3352240 -> INVIMA 2011L-0005163 (Jack Daniels Single Barrel Tennessee Whiskey)
[2026-07-22 18:03:54]   [MATCH] EXI_3352241 -> INVIMA 2004L-0001634 (Whiskey Jack Daniel'S Tennessee)
[2026-07-22 18:03:54]   [OK] Bloque completado en 18.6s. Acumulado: 518 con INVIMA, 232 sin registro.

[2026-07-22 18:03:57] === Bloque 76/174 (43.9%) | Modelo: deepseek-v4-flash | Procesando 751 a 760 de 1731 ===
[2026-07-22 18:04:29]   [MATCH] EXI_335241 -> INVIMA 2006L-0002832 (Vino Tinto Cabernet Sauvignon Reserva Marca Santa Julia)
[2026-07-22 18:04:29]   [MATCH] EXI_3352888 -> INVIMA 2019L-0010000 (Tequila Blanco Sierra Marca Sierra Blanco)
[2026-07-22 18:04:29]   [MATCH] EXI_3352889 -> INVIMA 2019L-0010000 (Tequila Blanco Sierra Marca Sierra Blanco)
[2026-07-22 18:04:29]   [MATCH] EXI_335441 -> INVIMA 2017L-0008877 (Vino Tinto Reservado Merlot Marca Santa Carolina)
[2026-07-22 18:04:29]   [MATCH] EXI_335931 -> INVIMA 2011L-0005271 (Tequila Reposado 100 % Agave  Leyenda Del Milagro)
[2026-07-22 18:04:29]   [MATCH] EXI_3361433 -> INVIMA 2023L-0012085 (Jack Daniel´S Tennessee Apple Marca Jack Daniel´S)
[2026-07-22 18:04:29]   [MATCH] EXI_336329 -> INVIMA 2003L-0001257 (Aguardiente Nectar Club Sin Azúcar)
[2026-07-22 18:04:29]   [MATCH] EXI_3367049 -> INVIMA 2022L-0011822 (Aperitivo Cocktail J.P.Chenet Fizzy Mimosa Frizzante Gasificado Y Y Aromatizado De Productos Vitivinicolas)
[2026-07-22 18:04:29]   [MATCH] EXI_3367050 -> INVIMA 2022L-0011822 (Aperitivo Cocktail J.P.Chenet Fizzy Mimosa Frizzante Gasificado Y Y Aromatizado De Productos Vitivinicolas)
[2026-07-22 18:04:29]   [MATCH] EXI_3367051 -> INVIMA 2022L-0011822 (Aperitivo Cocktail J.P.Chenet Fizzy Mimosa Frizzante Gasificado Y Y Aromatizado De Productos Vitivinicolas)
[2026-07-22 18:04:29]   [OK] Bloque completado en 31.92s. Acumulado: 528 con INVIMA, 232 sin registro.

[2026-07-22 18:04:31] === Bloque 77/174 (44.5%) | Modelo: deepseek-v4-flash | Procesando 761 a 770 de 1731 ===
[2026-07-22 18:05:01]   [NO MATCH] EXI_3369439 -> Sin registro certificado
[2026-07-22 18:05:01]   [NO MATCH] EXI_3370856 -> Sin registro certificado
[2026-07-22 18:05:01]   [NO MATCH] EXI_337310 -> Sin registro certificado
[2026-07-22 18:05:01]   [NO MATCH] EXI_3381252 -> Sin registro certificado
[2026-07-22 18:05:01]   [NO MATCH] EXI_3381253 -> Sin registro certificado
[2026-07-22 18:05:01]   [NO MATCH] EXI_3381254 -> Sin registro certificado
[2026-07-22 18:05:01]   [MATCH] EXI_3382428 -> INVIMA 2022L-0011713 (Coctel Gin Tonic Marca Bosque De Indias)
[2026-07-22 18:05:01]   [MATCH] EXI_3382430 -> INVIMA 2022L-0011707 (Cóctel Cuba Libre -  Coctel De Ron Con Sabor Limon - Cola Marca Ron Viejo De Caldas)
[2026-07-22 18:05:01]   [MATCH] EXI_3382988 -> INVIMA 2021L-0011058 (Coctel Sabor A Maracuya Parce Hard Seltzer)
[2026-07-22 18:05:01]   [NO MATCH] EXI_3382989 -> Sin registro certificado
[2026-07-22 18:05:01]   [OK] Bloque completado en 29.73s. Acumulado: 531 con INVIMA, 239 sin registro.

[2026-07-22 18:05:03] === Bloque 78/174 (45.1%) | Modelo: deepseek-v4-flash | Procesando 771 a 780 de 1731 ===
[2026-07-22 18:05:31]   [MATCH] EXI_3383514 -> INVIMA 2020L-0010596 (Mezcal Reposado Joven Espadin 100% Agave Marca 400 Conejos)
[2026-07-22 18:05:31]   [MATCH] EXI_3383763 -> INVIMA 2011L-0005143 (Hendrick ´ S Gin)
[2026-07-22 18:05:31]   [MATCH] EXI_3384194 -> INVIMA 2023L-0012049 (Aperitivo No Vínico Sabor A Vodka Y Limón Marca Like Ice Cooler Citrus)
[2026-07-22 18:05:31]   [MATCH] EXI_3384195 -> INVIMA 2023L-0012060 (Aperitivo No Vínico Sabor A Vodka Y Manzana Verde Marca Like Ice Cooler Fresh Apple)
[2026-07-22 18:05:31]   [MATCH] EXI_3385555 -> INVIMA 2020L-0010797 (Ron La Hechicera Serie Experimental)
[2026-07-22 18:05:31]   [MATCH] EXI_3386525 -> INVIMA 2019L-0010278 (Mezcal Joven Marca Union Uno)
[2026-07-22 18:05:31]   [MATCH] EXI_338658 -> INVIMA L-000347 (Carlo Rossi Red Vino Tinto)
[2026-07-22 18:05:31]   [MATCH] EXI_3386676 -> INVIMA 2014L-0007337 (Vino Blanco Marca El Coto)
[2026-07-22 18:05:31]   [MATCH] EXI_3386677 -> INVIMA 2014L-0007321 (Vino Tinto Crianza El Coto)
[2026-07-22 18:05:31]   [MATCH] EXI_3386678 -> INVIMA 2014L-0007337 (Vino Rosado Marca El Coto)
[2026-07-22 18:05:31]   [OK] Bloque completado en 27.57s. Acumulado: 541 con INVIMA, 239 sin registro.

[2026-07-22 18:05:33] === Bloque 79/174 (45.6%) | Modelo: deepseek-v4-flash | Procesando 781 a 790 de 1731 ===
[2026-07-22 18:05:48]   [MATCH] EXI_3386936 -> INVIMA 2022L-0011866 (Ron Blanco Marca Amuleto)
[2026-07-22 18:05:48]   [MATCH] EXI_3386942 -> INVIMA 2021L-0010909 (Aguardiente Premiun Cumbe)
[2026-07-22 18:05:48]   [MATCH] EXI_3387097 -> INVIMA 2009L-0004307 (Tequila Añejo 100% Agave Patron)
[2026-07-22 18:05:48]   [MATCH] EXI_3387098 -> INVIMA 2009L-0004308 (Tequila Reposado 100% Agave Patron)
[2026-07-22 18:05:48]   [MATCH] EXI_3387099 -> INVIMA 2009L-0004311 (Tequila Blanco 100 % De Agave  Patron)
[2026-07-22 18:05:48]   [MATCH] EXI_3387368 -> INVIMA 2018L-0009677 (Licor De Ron Viejo De Caldas Esencial)
[2026-07-22 18:05:48]   [MATCH] EXI_3387374 -> INVIMA 2018L-0009677 (Licor De Ron Viejo De Caldas Esencial)
[2026-07-22 18:05:48]   [NO MATCH] EXI_3389260 -> Sin registro certificado
[2026-07-22 18:05:48]   [NO MATCH] EXI_3389261 -> Sin registro certificado
[2026-07-22 18:05:48]   [NO MATCH] EXI_3389262 -> Sin registro certificado
[2026-07-22 18:05:48]   [OK] Bloque completado en 15.17s. Acumulado: 548 con INVIMA, 242 sin registro.

[2026-07-22 18:05:51] === Bloque 80/174 (46.2%) | Modelo: deepseek-v4-flash | Procesando 791 a 800 de 1731 ===
[2026-07-22 18:06:15]   [NO MATCH] EXI_3389263 -> Sin registro certificado
[2026-07-22 18:06:15]   [NO MATCH] EXI_3389264 -> Sin registro certificado
[2026-07-22 18:06:15]   [MATCH] EXI_339073 -> INVIMA 2023L-0012148 (Ron Viejo De Caldas 15 Gran Reserva Especial Bosque De Niebla Marca Ron Viejo De Caldas 15 Sensaciones Gran Reserva Especial Bosque De Niebla.)
[2026-07-22 18:06:15]   [MATCH] EXI_3391488 -> INVIMA 2017L-0009010 (Ron Extra Añejo Blanco Planas Marca  Diplomatico)
[2026-07-22 18:06:15]   [MATCH] EXI_3391489 -> INVIMA 2022L-0011893 (Vino Tinto Malbec Marca Canale Black River)
[2026-07-22 18:06:15]   [NO MATCH] EXI_3391490 -> Sin registro certificado
[2026-07-22 18:06:15]   [NO MATCH] EXI_3391493 -> Sin registro certificado
[2026-07-22 18:06:15]   [MATCH] EXI_3391495 -> INVIMA 2008L-0004228 (Vino Blanco Verdejo Marca Marques De Caceres)
[2026-07-22 18:06:15]   [MATCH] EXI_3393973 -> INVIMA 2021L-0011037 (Ron 18 Años Marca Flor De Caña Centenario)
[2026-07-22 18:06:15]   [MATCH] EXI_3393978 -> INVIMA 2003L-0001039 (Ron Flor De Caña Gran Reserva)
[2026-07-22 18:06:15]   [OK] Bloque completado en 23.63s. Acumulado: 554 con INVIMA, 246 sin registro.

[2026-07-22 18:06:18] === Bloque 81/174 (46.8%) | Modelo: deepseek-v4-flash | Procesando 801 a 810 de 1731 ===
[2026-07-22 18:06:46]   [NO MATCH] EXI_3393979 -> Sin registro certificado
[2026-07-22 18:06:46]   [MATCH] EXI_3395369 -> INVIMA 2022L-0011922 (Brandy 5 Años Marca Domecq - Pedro Domecq)
[2026-07-22 18:06:46]   [MATCH] EXI_3395370 -> INVIMA 2017L-0008828 (Vino Blanco Verdejo Marca Alto De Los Carneros)
[2026-07-22 18:06:46]   [MATCH] EXI_3395371 -> INVIMA 2017L-0008828 (Vino Tinto Tempranillo Reserva Marca Alto De Los Carneros)
[2026-07-22 18:06:46]   [MATCH] EXI_3396831 -> INVIMA 2022L-0011793 (Vino Espumoso Baron De Valls Ice Blanco)
[2026-07-22 18:06:46]   [MATCH] EXI_3396832 -> INVIMA 2022L-0011793 (Vino Espumoso Baron De Valls Ice Rosado)
[2026-07-22 18:06:46]   [MATCH] EXI_3396833 -> INVIMA L-001272 (Vino Tinto Santa Rita Medalla Real Reserva Cabernet Sauvignon)
[2026-07-22 18:06:46]   [MATCH] EXI_3396834 -> INVIMA L-001272 (Vino Tinto Santa Rita Medalla Real Reserva Carmenere)
[2026-07-22 18:06:46]   [MATCH] EXI_3396835 -> INVIMA L-000409 (Vino Blanco Reserva Sauvignon Blanc Santa Rita)
[2026-07-22 18:06:46]   [MATCH] EXI_3396836 -> INVIMA L-001272 (Vino Tinto Santa Rita Medalla Real Reserva Merlot)
[2026-07-22 18:06:46]   [OK] Bloque completado en 28.21s. Acumulado: 563 con INVIMA, 247 sin registro.

[2026-07-22 18:06:49] === Bloque 82/174 (47.4%) | Modelo: deepseek-v4-flash | Procesando 811 a 820 de 1731 ===
[2026-07-22 18:07:13]   [MATCH] EXI_3396837 -> INVIMA L-001272 (Vino Blanco Santa Rita Medalla Real Reserva Chardonnay)
[2026-07-22 18:07:13]   [NO MATCH] EXI_3407258 -> Sin registro certificado
[2026-07-22 18:07:13]   [NO MATCH] EXI_3407259 -> Sin registro certificado
[2026-07-22 18:07:13]   [NO MATCH] EXI_3408013 -> Sin registro certificado
[2026-07-22 18:07:13]   [MATCH] EXI_3408014 -> INVIMA L-000638 (Vino Marques De Casa Concha Cabernet Sauvignon)
[2026-07-22 18:07:13]   [NO MATCH] EXI_3408015 -> Sin registro certificado
[2026-07-22 18:07:13]   [MATCH] EXI_3408395 -> INVIMA 2016L-0008331 (Aperitivo Crema Piña Colada Rivelino)
[2026-07-22 18:07:13]   [MATCH] EXI_3408396 -> INVIMA 2022L-0011466 (Licor Con Tequila Sabor Dark Chocolate Olmeca)
[2026-07-22 18:07:13]   [MATCH] EXI_340920 -> INVIMA 2007L-0003735 (Aguardiente  Nectar Azul Sin Azúcar 29°)
[2026-07-22 18:07:13]   [MATCH] EXI_340929 -> INVIMA 2007L-0003735 (Aguardiente  Nectar Azul Sin Azúcar 29°)
[2026-07-22 18:07:13]   [OK] Bloque completado en 23.88s. Acumulado: 569 con INVIMA, 251 sin registro.

[2026-07-22 18:07:15] === Bloque 83/174 (47.9%) | Modelo: deepseek-v4-flash | Procesando 821 a 830 de 1731 ===
[2026-07-22 18:07:33]   [MATCH] EXI_3410155 -> INVIMA 2022L-0011494 (Ron Marca Quimbaya Gold)
[2026-07-22 18:07:33]   [NO MATCH] EXI_3413263 -> Sin registro certificado
[2026-07-22 18:07:33]   [NO MATCH] EXI_3413275 -> Sin registro certificado
[2026-07-22 18:07:33]   [MATCH] EXI_3415296 -> INVIMA 2021L-0011208 (Vino Espumoso Blanco Sec Ice Edition Marca Nuitdoree)
[2026-07-22 18:07:33]   [NO MATCH] EXI_3415297 -> Sin registro certificado
[2026-07-22 18:07:33]   [MATCH] EXI_3415881 -> INVIMA 2021L-0011212 (Vino Blanco Jp Chenet Divine Muscat Vin Mousseaux Blanc De Blancs Demi -Sec Marca J.P. Chenet.)
[2026-07-22 18:07:33]   [NO MATCH] EXI_3415886 -> Sin registro certificado
[2026-07-22 18:07:33]   [NO MATCH] EXI_3416201 -> Sin registro certificado
[2026-07-22 18:07:33]   [NO MATCH] EXI_3416202 -> Sin registro certificado
[2026-07-22 18:07:33]   [NO MATCH] EXI_3416493 -> Sin registro certificado
[2026-07-22 18:07:33]   [OK] Bloque completado en 18.51s. Acumulado: 572 con INVIMA, 258 sin registro.

[2026-07-22 18:07:36] === Bloque 84/174 (48.5%) | Modelo: deepseek-v4-flash | Procesando 831 a 840 de 1731 ===
[2026-07-22 18:07:51]   [MATCH] EXI_3416527 -> INVIMA 2023L-0012383 (Vino Espumoso Blanc Brut Marca Paris De Nuit)
[2026-07-22 18:07:51]   [MATCH] EXI_3416528 -> INVIMA 2023L-0012403 (Vino Espumoso Ice Blanc Demi Sec Marca Paris De Nuit)
[2026-07-22 18:07:51]   [MATCH] EXI_3416529 -> INVIMA 2023L-0012383 (Vino Espumoso Rosé Brut Marca Paris De Nuit)
[2026-07-22 18:07:51]   [MATCH] EXI_3416530 -> INVIMA 2023L-0012403 (Vino Espumoso Ice Rose Demi Sec Paris De Nuit Marca Paris De Nuit)
[2026-07-22 18:07:51]   [MATCH] EXI_3419299 -> INVIMA 2019L-0009837 (Vino Blanco Sauvignon Blanc Marca Terra Vega)
[2026-07-22 18:07:51]   [NO MATCH] EXI_3419790 -> Sin registro certificado
[2026-07-22 18:07:51]   [MATCH] EXI_3421196 -> INVIMA 2021L-0010906 (Vino Tinto Cabernet Sauvignon Marca La Mascota)
[2026-07-22 18:07:51]   [NO MATCH] EXI_3424925 -> Sin registro certificado
[2026-07-22 18:07:51]   [NO MATCH] EXI_3427494 -> Sin registro certificado
[2026-07-22 18:07:51]   [NO MATCH] EXI_3427495 -> Sin registro certificado
[2026-07-22 18:07:51]   [OK] Bloque completado en 15.34s. Acumulado: 578 con INVIMA, 262 sin registro.

[2026-07-22 18:07:53] === Bloque 85/174 (49.1%) | Modelo: deepseek-v4-flash | Procesando 841 a 850 de 1731 ===
[2026-07-22 18:08:12]   [MATCH] EXI_3427958 -> INVIMA 2020L-0010829 (Vino Ugalde Reserva Marca Ugalde)
[2026-07-22 18:08:12]   [NO MATCH] EXI_3429370 -> Sin registro certificado
[2026-07-22 18:08:12]   [NO MATCH] EXI_3429935 -> Sin registro certificado
[2026-07-22 18:08:12]   [MATCH] EXI_3430820 -> INVIMA 2019L-0009961 (Vino Blanco Marca Embajador)
[2026-07-22 18:08:12]   [NO MATCH] EXI_3430822 -> Sin registro certificado
[2026-07-22 18:08:12]   [NO MATCH] EXI_3433534 -> Sin registro certificado
[2026-07-22 18:08:12]   [NO MATCH] EXI_3433709 -> Sin registro certificado
[2026-07-22 18:08:12]   [NO MATCH] EXI_3437596 -> Sin registro certificado
[2026-07-22 18:08:12]   [NO MATCH] EXI_3444509 -> Sin registro certificado
[2026-07-22 18:08:12]   [MATCH] EXI_3444772 -> INVIMA 2020L-0010829 (Vino Ugalde Blanco Marca Ugalde)
[2026-07-22 18:08:12]   [OK] Bloque completado en 18.8s. Acumulado: 581 con INVIMA, 269 sin registro.

[2026-07-22 18:08:15] === Bloque 86/174 (49.7%) | Modelo: deepseek-v4-flash | Procesando 851 a 860 de 1731 ===
[2026-07-22 18:08:43]   [MATCH] EXI_3444773 -> INVIMA 2018L-0009409 (Vino Tinto Bonarda El Barranco Marca El Enemigo)
[2026-07-22 18:08:43]   [MATCH] EXI_3444774 -> INVIMA 2018L-0009409 (Vino Tinto Bonarda Los Paraisos Marca El Enemigo)
[2026-07-22 18:08:43]   [MATCH] EXI_3444775 -> INVIMA 2018L-0009409 (Vino Tinto Syrah-Viognier Marca El Enemigo)
[2026-07-22 18:08:43]   [NO MATCH] EXI_3448668 -> Sin registro certificado
[2026-07-22 18:08:43]   [NO MATCH] EXI_3448669 -> Sin registro certificado
[2026-07-22 18:08:43]   [MATCH] EXI_3449574 -> INVIMA 2022L-0011638 (Michters Us*1 Rye Whiskey Marca Michter´S)
[2026-07-22 18:08:43]   [MATCH] EXI_3449575 -> INVIMA 2022L-0011522 (Michter'S Us*1 Bourbon Whiskey)
[2026-07-22 18:08:43]   [MATCH] EXI_3449576 -> INVIMA 2022L-0011638 (Michters Us*1 Rye Whiskey Marca Michter´S)
[2026-07-22 18:08:43]   [NO MATCH] EXI_3449641 -> Sin registro certificado
[2026-07-22 18:08:43]   [NO MATCH] EXI_3449642 -> Sin registro certificado
[2026-07-22 18:08:43]   [OK] Bloque completado en 27.78s. Acumulado: 587 con INVIMA, 273 sin registro.

[2026-07-22 18:08:45] === Bloque 87/174 (50.3%) | Modelo: deepseek-v4-flash | Procesando 861 a 870 de 1731 ===
[2026-07-22 18:09:02]   [NO MATCH] EXI_3449644 -> Sin registro certificado
[2026-07-22 18:09:02]   [MATCH] EXI_3449717 -> INVIMA 2022L-0011486 (Whisky Marca The Damarcus 40% Vol)
[2026-07-22 18:09:02]   [MATCH] EXI_3449718 -> INVIMA 2022L-0011750 (Ron Añejo Marca Comandante 35%Vol)
[2026-07-22 18:09:02]   [MATCH] EXI_3457446 -> RSA-0021808-2022 (Bebida Embriagante Con Vino Con Volumen De Alcohol Del 2%. Sabor A Lyche Marca Eniwer Ready To Drink)
[2026-07-22 18:09:02]   [NO MATCH] EXI_3457447 -> Sin registro certificado
[2026-07-22 18:09:02]   [MATCH] EXI_3458389 -> INVIMA 2015L-0007596 (Tequila Reposado 100 % De Agave Marca Arraigo)
[2026-07-22 18:09:02]   [NO MATCH] EXI_3460671 -> Sin registro certificado
[2026-07-22 18:09:02]   [NO MATCH] EXI_3460672 -> Sin registro certificado
[2026-07-22 18:09:02]   [NO MATCH] EXI_3460673 -> Sin registro certificado
[2026-07-22 18:09:02]   [MATCH] EXI_3465875 -> INVIMA L-001555 (Vino Rosado Barton & Guestier Pays Doc Rose Reserve Grenache-Syrah)
[2026-07-22 18:09:02]   [OK] Bloque completado en 16.88s. Acumulado: 592 con INVIMA, 278 sin registro.

[2026-07-22 18:09:04] === Bloque 88/174 (50.8%) | Modelo: deepseek-v4-flash | Procesando 871 a 880 de 1731 ===
[2026-07-22 18:09:40]   [NO MATCH] EXI_3465876 -> Sin registro certificado
[2026-07-22 18:09:40]   [MATCH] EXI_3467102 -> INVIMA 2020L-0010722 (Macallan 15 Years Old Double Cask Single Malt Scotch Whisky)
[2026-07-22 18:09:40]   [MATCH] EXI_3467108 -> INVIMA 2020L-0010855 (Macallan 18 Years Old Double Cask Single Malt Scotch Whisky)
[2026-07-22 18:09:40]   [MATCH] EXI_3467944 -> INVIMA 2009L-0004429 (Aguardiente Sin Azúcar Nectar)
[2026-07-22 18:09:40]   [MATCH] EXI_3467945 -> INVIMA 2009L-0004429 (Aguardiente Sin Azúcar Nectar)
[2026-07-22 18:09:40]   [NO MATCH] EXI_3468730 -> Sin registro certificado
[2026-07-22 18:09:40]   [MATCH] EXI_3468733 -> INVIMA 2021L-0011164 (Gin Marca Magista Ginebra)
[2026-07-22 18:09:40]   [MATCH] EXI_3468734 -> INVIMA 2021L-0011170 (Vodka Marca Rabota Ultramar Vodka Premium Quality)
[2026-07-22 18:09:40]   [NO MATCH] EXI_3468735 -> Sin registro certificado
[2026-07-22 18:09:40]   [MATCH] EXI_34707 -> INVIMA 2013L-0006359 (Vino Barefoot California Red Moscato)
[2026-07-22 18:09:40]   [OK] Bloque completado en 35.47s. Acumulado: 599 con INVIMA, 281 sin registro.

[2026-07-22 18:09:43] === Bloque 89/174 (51.4%) | Modelo: deepseek-v4-flash | Procesando 881 a 890 de 1731 ===
[2026-07-22 18:10:08]   [MATCH] EXI_3470928 -> INVIMA 2012L-0006292 (Vino Tinto Faustino Vii Garnacha Marca Faustino)
[2026-07-22 18:10:08]   [MATCH] EXI_3472253 -> INVIMA 2019L-0010316 (Vino Rosado Espumoso (Sweet Rose) Marca Frontera)
[2026-07-22 18:10:08]   [MATCH] EXI_3474839 -> INVIMA 2022L-0011471 (The Glenlivet Caribbean Reserve Single Malt Scotch Whisky)
[2026-07-22 18:10:08]   [MATCH] EXI_3477192 -> INVIMA 2018L-0009598 (Jack Daniel´S Tennesse Fire)
[2026-07-22 18:10:08]   [NO MATCH] EXI_347800 -> Sin registro certificado
[2026-07-22 18:10:08]   [NO MATCH] EXI_3479504 -> Sin registro certificado
[2026-07-22 18:10:08]   [NO MATCH] EXI_347969 -> Sin registro certificado
[2026-07-22 18:10:08]   [NO MATCH] EXI_3480280 -> Sin registro certificado
[2026-07-22 18:10:08]   [MATCH] EXI_3480281 -> INVIMA 2022L-0011896 (Vino Espumoso Vilarnau Ice Marca Vilarnau)
[2026-07-22 18:10:08]   [MATCH] EXI_3480894 -> INVIMA 2023L-0012113 (Vino Espumoso Anna Codorniu Ice Edition Semi Seco)
[2026-07-22 18:10:08]   [OK] Bloque completado en 25.54s. Acumulado: 605 con INVIMA, 285 sin registro.

[2026-07-22 18:10:11] === Bloque 90/174 (52.0%) | Modelo: deepseek-v4-flash | Procesando 891 a 900 de 1731 ===
[2026-07-22 18:10:36]   [NO MATCH] EXI_3480895 -> Sin registro certificado
[2026-07-22 18:10:36]   [MATCH] EXI_348103 -> INVIMA 2003L-0001013 (Vino Tinto Reserva Carmenere Ventisquero)
[2026-07-22 18:10:36]   [MATCH] EXI_3481302 -> INVIMA 2003L-0001122 (Vino Rosado Lazo Rosé Marca Lazo)
[2026-07-22 18:10:36]   [MATCH] EXI_3481656 -> INVIMA 2022L-0011472 (Mezcal Artesanal Joven Ojo De Tigre)
[2026-07-22 18:10:36]   [MATCH] EXI_3482050 -> INVIMA 2006L-0002837 (Chivas Regal 18 Years Old Blended Scotch Whisky)
[2026-07-22 18:10:36]   [NO MATCH] EXI_3482923 -> Sin registro certificado
[2026-07-22 18:10:36]   [NO MATCH] EXI_3482924 -> Sin registro certificado
[2026-07-22 18:10:36]   [MATCH] EXI_3483127 -> INVIMA 2023L-0012046 (Vino Blanco Chardonnay Marca Callia)
[2026-07-22 18:10:36]   [MATCH] EXI_3483128 -> INVIMA 2023L-0012046 (Vino Rosado Syrah Marca Callia)
[2026-07-22 18:10:36]   [NO MATCH] EXI_3483129 -> Sin registro certificado
[2026-07-22 18:10:36]   [OK] Bloque completado en 24.95s. Acumulado: 611 con INVIMA, 289 sin registro.

[2026-07-22 18:10:38] === Bloque 91/174 (52.6%) | Modelo: deepseek-v4-flash | Procesando 901 a 910 de 1731 ===
[2026-07-22 18:11:14]   [MATCH] EXI_3483130 -> INVIMA 2023L-0012046 (Vino Tinto Malbec Marca Callia)
[2026-07-22 18:11:14]   [MATCH] EXI_3484168 -> INVIMA 2018L-0009599 (Vino Tinto Cabernet Sauvignon Reserva Especial Casillero Del Diablo)
[2026-07-22 18:11:14]   [MATCH] EXI_3484183 -> INVIMA 2023L-0012698 (Pink Licor De Ron Medellín)
[2026-07-22 18:11:14]   [NO MATCH] EXI_348592 -> Sin registro certificado
[2026-07-22 18:11:14]   [MATCH] EXI_3488573 -> INVIMA 2021L-0011257 (Aguardiente Marca Nectar Dorado)
[2026-07-22 18:11:14]   [NO MATCH] EXI_3488574 -> Sin registro certificado
[2026-07-22 18:11:14]   [MATCH] EXI_348858 -> INVIMA 2006L-0003127 (Vino Tinto Casa Silva Microterroir Carmenere)
[2026-07-22 18:11:14]   [NO MATCH] EXI_3489063 -> Sin registro certificado
[2026-07-22 18:11:14]   [MATCH] EXI_349320 -> INVIMA L-000292 (Vino Tinto Merlot Undurraga)
[2026-07-22 18:11:14]   [MATCH] EXI_3493573 -> INVIMA L-000563 (Vino Blanco Castillo De Liria Organic)
[2026-07-22 18:11:14]   [OK] Bloque completado en 35.29s. Acumulado: 618 con INVIMA, 292 sin registro.

[2026-07-22 18:11:16] === Bloque 92/174 (53.1%) | Modelo: deepseek-v4-flash | Procesando 911 a 920 de 1731 ===
[2026-07-22 18:11:30]   [NO MATCH] EXI_3494042 -> Sin registro certificado
[2026-07-22 18:11:30]   [MATCH] EXI_350403 -> INVIMA 2015L-0007560 (Vino Blanco Carlo Rossi White)
[2026-07-22 18:11:30]   [NO MATCH] EXI_3510961 -> Sin registro certificado
[2026-07-22 18:11:30]   [MATCH] EXI_3511395 -> INVIMA 2022L-0011819 (Vino Tinto Cabernet Sauvignon Marca Barkan)
[2026-07-22 18:11:30]   [MATCH] EXI_3511396 -> INVIMA 2022L-0011820 (Vino Tinto Malbec - Barkan Marca Barkan)
[2026-07-22 18:11:30]   [MATCH] EXI_3511397 -> INVIMA 2022L-0011823 (Vino Blanco Sauvignon Blanc - Barkan)
[2026-07-22 18:11:30]   [NO MATCH] EXI_3511600 -> Sin registro certificado
[2026-07-22 18:11:30]   [NO MATCH] EXI_3511601 -> Sin registro certificado
[2026-07-22 18:11:30]   [NO MATCH] EXI_3511602 -> Sin registro certificado
[2026-07-22 18:11:30]   [NO MATCH] EXI_3511603 -> Sin registro certificado
[2026-07-22 18:11:30]   [OK] Bloque completado en 14.3s. Acumulado: 622 con INVIMA, 298 sin registro.

[2026-07-22 18:11:33] === Bloque 93/174 (53.7%) | Modelo: deepseek-v4-flash | Procesando 921 a 930 de 1731 ===
[2026-07-22 18:12:09]   [MATCH] EXI_3516162 -> INVIMA 2022L-0011914 (Tequila Blanco (200 Ml, 1L) Marca Buen Amigo)
[2026-07-22 18:12:09]   [MATCH] EXI_3516163 -> INVIMA 2022L-0011912 (Tequila Oro (200 Ml, 1 L) Marca Buen Amigo)
[2026-07-22 18:12:09]   [MATCH] EXI_3516164 -> INVIMA 2022L-0011805 (Tequila Añejo 100% De Agave Marca Don Ramon)
[2026-07-22 18:12:09]   [MATCH] EXI_3516166 -> INVIMA 2022L-0011734 (Tequila Platinium Añejo Cristalino 100% De Agave Marca Don Ramon)
[2026-07-22 18:12:09]   [MATCH] EXI_3516167 -> INVIMA 2022L-0011733 (Tequila Platinium Plata 100% De Agave Marca Don Ramon)
[2026-07-22 18:12:09]   [MATCH] EXI_3516168 -> INVIMA 2022L-0011735 (Tequila Platinium Reposado Cristalino 100% De Agave Marca Don Ramon)
[2026-07-22 18:12:09]   [MATCH] EXI_3516169 -> INVIMA 2022L-0011804 (Tequila Reposado 100% De Agave (200 Ml, 750Ml) Marca Don Ramon)
[2026-07-22 18:12:09]   [MATCH] EXI_3516170 -> INVIMA 2022L-0011732 (Tequila Plata 100% De Agave Marca Don Ramon)
[2026-07-22 18:12:09]   [NO MATCH] EXI_3516984 -> Sin registro certificado
[2026-07-22 18:12:09]   [MATCH] EXI_3517646 -> INVIMA 2021L-0010919 (Vino Tinto Carmen El Compas Estate Reserva Carmenere)
[2026-07-22 18:12:09]   [OK] Bloque completado en 36.58s. Acumulado: 631 con INVIMA, 299 sin registro.

[2026-07-22 18:12:12] === Bloque 94/174 (54.3%) | Modelo: deepseek-v4-flash | Procesando 931 a 940 de 1731 ===
[2026-07-22 18:12:42]   [NO MATCH] EXI_3517647 -> Sin registro certificado
[2026-07-22 18:12:42]   [NO MATCH] EXI_3517648 -> Sin registro certificado
[2026-07-22 18:12:42]   [NO MATCH] EXI_3517649 -> Sin registro certificado
[2026-07-22 18:12:42]   [NO MATCH] EXI_3518880 -> Sin registro certificado
[2026-07-22 18:12:42]   [NO MATCH] EXI_3518881 -> Sin registro certificado
[2026-07-22 18:12:42]   [NO MATCH] EXI_3518882 -> Sin registro certificado
[2026-07-22 18:12:42]   [NO MATCH] EXI_3521056 -> Sin registro certificado
[2026-07-22 18:12:42]   [NO MATCH] EXI_3522879 -> Sin registro certificado
[2026-07-22 18:12:42]   [NO MATCH] EXI_3522880 -> Sin registro certificado
[2026-07-22 18:12:42]   [NO MATCH] EXI_3527393 -> Sin registro certificado
[2026-07-22 18:12:42]   [OK] Bloque completado en 29.09s. Acumulado: 631 con INVIMA, 309 sin registro.

[2026-07-22 18:12:44] === Bloque 95/174 (54.9%) | Modelo: deepseek-v4-flash | Procesando 941 a 950 de 1731 ===
[2026-07-22 18:12:58]   [NO MATCH] EXI_3527394 -> Sin registro certificado
[2026-07-22 18:12:58]   [NO MATCH] EXI_3528337 -> Sin registro certificado
[2026-07-22 18:12:58]   [NO MATCH] EXI_3529356 -> Sin registro certificado
[2026-07-22 18:12:58]   [NO MATCH] EXI_3529357 -> Sin registro certificado
[2026-07-22 18:12:58]   [NO MATCH] EXI_3529359 -> Sin registro certificado
[2026-07-22 18:12:58]   [NO MATCH] EXI_3529360 -> Sin registro certificado
[2026-07-22 18:12:58]   [NO MATCH] EXI_3529361 -> Sin registro certificado
[2026-07-22 18:12:58]   [NO MATCH] EXI_3529362 -> Sin registro certificado
[2026-07-22 18:12:58]   [NO MATCH] EXI_3529363 -> Sin registro certificado
[2026-07-22 18:12:58]   [NO MATCH] EXI_3529364 -> Sin registro certificado
[2026-07-22 18:12:58]   [OK] Bloque completado en 14.87s. Acumulado: 631 con INVIMA, 319 sin registro.

[2026-07-22 18:13:01] === Bloque 96/174 (55.5%) | Modelo: deepseek-v4-flash | Procesando 951 a 960 de 1731 ===
[2026-07-22 18:13:18]   [NO MATCH] EXI_3529754 -> Sin registro certificado
[2026-07-22 18:13:18]   [MATCH] EXI_3530911 -> INVIMA 2023L-0012060 (Aperitivo No Vínico Sabor A Vodka Y Manzana Verde Marca Like Ice Cooler Fresh Apple)
[2026-07-22 18:13:18]   [MATCH] EXI_3530912 -> INVIMA 2023L-0012049 (Aperitivo No Vínico Sabor A Vodka Y Limón Marca Like Ice Cooler Citrus)
[2026-07-22 18:13:18]   [MATCH] EXI_3537305 -> INVIMA 2024L-0013021 (Licor De Vodka Smirnoff Sabor A Tamarindo Picante Marca Smirnoff)
[2026-07-22 18:13:18]   [MATCH] EXI_3537723 -> INVIMA 2020L-0010615 (Vino Tinto Tempranillo D.O Toro Marca  Bajoz)
[2026-07-22 18:13:18]   [MATCH] EXI_3537724 -> INVIMA 2020L-0010615 (Vino Tinto Tempranillo D.O Toro Marca  Bajoz)
[2026-07-22 18:13:18]   [MATCH] EXI_3537726 -> INVIMA 2022L-0011903 (Licor De Ginebra Marca Mom God Save The Gin)
[2026-07-22 18:13:18]   [MATCH] EXI_3537727 -> INVIMA 2014L-0007099 (Vino Rosado Morandé Visionario Rosé)
[2026-07-22 18:13:18]   [MATCH] EXI_3537782 -> INVIMA 2021L-0011384 (Aguardiente Costeño Sin Azúcar)
[2026-07-22 18:13:18]   [MATCH] EXI_3537783 -> INVIMA 2021L-0011384 (Aguardiente Costeño Sin Azúcar)
[2026-07-22 18:13:18]   [OK] Bloque completado en 16.38s. Acumulado: 640 con INVIMA, 320 sin registro.

[2026-07-22 18:13:20] === Bloque 97/174 (56.0%) | Modelo: deepseek-v4-flash | Procesando 961 a 970 de 1731 ===
[2026-07-22 18:13:38]   [NO MATCH] EXI_353870 -> Sin registro certificado
[2026-07-22 18:13:38]   [NO MATCH] EXI_353878 -> Sin registro certificado
[2026-07-22 18:13:38]   [NO MATCH] EXI_353880 -> Sin registro certificado
[2026-07-22 18:13:38]   [MATCH] EXI_3539565 -> INVIMA 2006L-0002675 (Aguardiente Sin Azúcar  Llanero)
[2026-07-22 18:13:38]   [MATCH] EXI_3539567 -> INVIMA 2021L-0011088 (Aguardiente Llanero Ligero 24° Sin Azucar)
[2026-07-22 18:13:38]   [MATCH] EXI_3539666 -> INVIMA 2021L-0011273 (Aperitivo No Vínico Con Sabores A Limón Y Jengibre Marca Bretaña)
[2026-07-22 18:13:38]   [MATCH] EXI_3544556 -> INVIMA 2021L-0011115 (Tequila Blanco 100% De Agave Campo Azul Selecto Marca Campo Azul)
[2026-07-22 18:13:38]   [MATCH] EXI_3544557 -> INVIMA 2019L-0010378 (Tequila Campo Azul Selecto Reposado Marca Campo Azul)
[2026-07-22 18:13:38]   [MATCH] EXI_3549023 -> INVIMA 2019L-0009807 (Tequila Reposado Maestro Tequilero Dobel Diamante 100 % Agave)
[2026-07-22 18:13:38]   [NO MATCH] EXI_3552073 -> Sin registro certificado
[2026-07-22 18:13:38]   [OK] Bloque completado en 17.42s. Acumulado: 646 con INVIMA, 324 sin registro.

[2026-07-22 18:13:41] === Bloque 98/174 (56.6%) | Modelo: deepseek-v4-flash | Procesando 971 a 980 de 1731 ===
[2026-07-22 18:14:06]   [MATCH] EXI_3552215 -> INVIMA 2021L-0011257 (Aguardiente Marca Nectar Dorado)
[2026-07-22 18:14:06]   [MATCH] EXI_3552216 -> INVIMA 2015L-0007465 (Woodford Reserve Distiller^S Selec Whiskey Woosford Reserve)
[2026-07-22 18:14:06]   [NO MATCH] EXI_3552834 -> Sin registro certificado
[2026-07-22 18:14:06]   [MATCH] EXI_3555273 -> INVIMA 2005L-0002037 (Fine Champagne Cognac Remy Martin Vsop)
[2026-07-22 18:14:06]   [MATCH] EXI_3555459 -> INVIMA 2021L-0010917 (Vino Tinto Cabernet Sauvignon Marca Vagabundo)
[2026-07-22 18:14:06]   [MATCH] EXI_3556425 -> INVIMA 2024L-0013130 (Vino Tinto Casillero Del Diablo Devil´S Carnaval Fabulous Red Marca Casillero Del Diablo)
[2026-07-22 18:14:06]   [MATCH] EXI_3556426 -> INVIMA 2024L-0013113 (Vino Tinto Casillero Del Diablo Devil´S Carnaval Fantastic Sweet Marca Casillero Del Diablo)
[2026-07-22 18:14:06]   [MATCH] EXI_3556427 -> INVIMA 2024L-0013131 (Vino Blanco Casillero Del Diablo Devil´S Carnaval Phenomenal Sauvignon Marca Casillero Del Diablo)
[2026-07-22 18:14:06]   [MATCH] EXI_3556527 -> INVIMA 2012L-0005818 (Licor Cointreau)
[2026-07-22 18:14:06]   [MATCH] EXI_355771 -> INVIMA L-002040 (Aguardiente Nectar)
[2026-07-22 18:14:06]   [OK] Bloque completado en 25.27s. Acumulado: 655 con INVIMA, 325 sin registro.

[2026-07-22 18:14:08] === Bloque 99/174 (57.2%) | Modelo: deepseek-v4-flash | Procesando 981 a 990 de 1731 ===
[2026-07-22 18:14:21]   [NO MATCH] EXI_3558373 -> Sin registro certificado
[2026-07-22 18:14:21]   [NO MATCH] EXI_3558374 -> Sin registro certificado
[2026-07-22 18:14:21]   [NO MATCH] EXI_3558375 -> Sin registro certificado
[2026-07-22 18:14:21]   [NO MATCH] EXI_3558376 -> Sin registro certificado
[2026-07-22 18:14:21]   [MATCH] EXI_3559394 -> INVIMA 2022L-0011861 (Tequila Silver 100% De Agave Patron)
[2026-07-22 18:14:21]   [MATCH] EXI_356117 -> INVIMA 2005L-0002218 (Martini Vermouth Rosso Martini)
[2026-07-22 18:14:21]   [NO MATCH] EXI_3564963 -> Sin registro certificado
[2026-07-22 18:14:21]   [NO MATCH] EXI_3564964 -> Sin registro certificado
[2026-07-22 18:14:21]   [NO MATCH] EXI_356604 -> Sin registro certificado
[2026-07-22 18:14:21]   [NO MATCH] EXI_356649 -> Sin registro certificado
[2026-07-22 18:14:21]   [OK] Bloque completado en 12.28s. Acumulado: 657 con INVIMA, 333 sin registro.

[2026-07-22 18:14:23] === Bloque 100/174 (57.8%) | Modelo: deepseek-v4-flash | Procesando 991 a 1000 de 1731 ===
[2026-07-22 18:14:52]   [MATCH] EXI_3566725 -> INVIMA 2021L-0011266 (Licor Dulce Con Ron Sabor A Coco Marca Naiguata)
[2026-07-22 18:14:52]   [NO MATCH] EXI_3567587 -> Sin registro certificado
[2026-07-22 18:14:52]   [NO MATCH] EXI_3567588 -> Sin registro certificado
[2026-07-22 18:14:52]   [MATCH] EXI_3567677 -> INVIMA 2006L-0002813 (Chivas Regal 12 Year Old Blended Scotch Whisky)
[2026-07-22 18:14:52]   [MATCH] EXI_3567679 -> INVIMA 2023L-0012478 (Grants Triple Wood 12 Years Old Blended Scotch Whisky 40% Marca Grants)
[2026-07-22 18:14:52]   [NO MATCH] EXI_3568691 -> Sin registro certificado
[2026-07-22 18:14:52]   [NO MATCH] EXI_3568692 -> Sin registro certificado
[2026-07-22 18:14:52]   [NO MATCH] EXI_3569450 -> Sin registro certificado
[2026-07-22 18:14:52]   [NO MATCH] EXI_3569451 -> Sin registro certificado
[2026-07-22 18:14:52]   [MATCH] EXI_3575985 -> INVIMA 2023L-0012648 (Coctel De Vino White Elderflower Spritzer Frontera)
[2026-07-22 18:14:52]   [OK] Bloque completado en 29.57s. Acumulado: 661 con INVIMA, 339 sin registro.

[2026-07-22 18:14:55] === Bloque 101/174 (58.3%) | Modelo: deepseek-v4-flash | Procesando 1001 a 1010 de 1731 ===
[2026-07-22 18:15:23]   [MATCH] EXI_3576228 -> INVIMA 2022L-0011494 (Ron Marca Quimbaya Gold)
[2026-07-22 18:15:23]   [NO MATCH] EXI_3577864 -> Sin registro certificado
[2026-07-22 18:15:23]   [MATCH] EXI_3577865 -> INVIMA 2001L-0000302 (Vino Tinto Malbec Casillero Del Diablo Reserva)
[2026-07-22 18:15:23]   [NO MATCH] EXI_3577867 -> Sin registro certificado
[2026-07-22 18:15:23]   [NO MATCH] EXI_3577868 -> Sin registro certificado
[2026-07-22 18:15:23]   [MATCH] EXI_3577869 -> INVIMA 2023L-0012425 (Vino Tinto Garnacha Marca La Maldita)
[2026-07-22 18:15:23]   [NO MATCH] EXI_3578315 -> Sin registro certificado
[2026-07-22 18:15:23]   [MATCH] EXI_3578409 -> INVIMA 2018L-0009350 (Vino Vinho Verde Branco Blanco Alvarinho Loureiro Trajadura Escolha Marca Quinta Da Lixa.)
[2026-07-22 18:15:23]   [NO MATCH] EXI_3578410 -> Sin registro certificado
[2026-07-22 18:15:23]   [NO MATCH] EXI_3578411 -> Sin registro certificado
[2026-07-22 18:15:23]   [OK] Bloque completado en 28.29s. Acumulado: 665 con INVIMA, 345 sin registro.

[2026-07-22 18:15:26] === Bloque 102/174 (58.9%) | Modelo: deepseek-v4-flash | Procesando 1011 a 1020 de 1731 ===
[2026-07-22 18:15:42]   [MATCH] EXI_3578412 -> INVIMA 2022L-0011669 (Vino Douro Tinto Marca Lello)
[2026-07-22 18:15:42]   [MATCH] EXI_3578413 -> INVIMA 2018L-0009350 (Vino Vinho Verde Branco Blanco Alvarinho Loureiro Trajadura Escolha Marca Quinta Da Lixa.)
[2026-07-22 18:15:42]   [MATCH] EXI_3578414 -> INVIMA 2018L-0009350 (Vino Vinho Verde Branco Blanco Escolha Loureiro Marca Quinta Da Lixa.)
[2026-07-22 18:15:42]   [MATCH] EXI_3578415 -> INVIMA 2018L-0009350 (Vino Vinho Verde Branco Blanco Trajadura Marca Quinta Da Lixa.)
[2026-07-22 18:15:42]   [NO MATCH] EXI_3578416 -> Sin registro certificado
[2026-07-22 18:15:42]   [NO MATCH] EXI_3578417 -> Sin registro certificado
[2026-07-22 18:15:42]   [NO MATCH] EXI_3578418 -> Sin registro certificado
[2026-07-22 18:15:42]   [NO MATCH] EXI_3578419 -> Sin registro certificado
[2026-07-22 18:15:42]   [NO MATCH] EXI_3578420 -> Sin registro certificado
[2026-07-22 18:15:42]   [NO MATCH] EXI_3578421 -> Sin registro certificado
[2026-07-22 18:15:42]   [OK] Bloque completado en 15.63s. Acumulado: 669 con INVIMA, 351 sin registro.

[2026-07-22 18:15:44] === Bloque 103/174 (59.5%) | Modelo: deepseek-v4-flash | Procesando 1021 a 1030 de 1731 ===
[2026-07-22 18:16:11]   [NO MATCH] EXI_3578422 -> Sin registro certificado
[2026-07-22 18:16:11]   [MATCH] EXI_3578423 -> INVIMA 2015L-0007630 (Vino Verde Blanco Gatao)
[2026-07-22 18:16:11]   [MATCH] EXI_3578425 -> INVIMA 2022L-0011646 (Vino Blanco Porto White Marca Borges)
[2026-07-22 18:16:11]   [NO MATCH] EXI_3578496 -> Sin registro certificado
[2026-07-22 18:16:11]   [NO MATCH] EXI_3578497 -> Sin registro certificado
[2026-07-22 18:16:11]   [MATCH] EXI_3578498 -> INVIMA 2003L-0001427 (Aguardiente Tapa Roja)
[2026-07-22 18:16:11]   [NO MATCH] EXI_3579652 -> Sin registro certificado
[2026-07-22 18:16:11]   [MATCH] EXI_3579873 -> INVIMA 2023L-0012706 (Aperitivo Marca Frizzantino)
[2026-07-22 18:16:11]   [MATCH] EXI_3579876 -> INVIMA 2022L-0012014 (Vino Tinto Tempranillo-Merlot Oak Aged Marca Pago De Cirsus)
[2026-07-22 18:16:11]   [MATCH] EXI_3579877 -> INVIMA 2021L-0011189 (Vino Tinto Ramon Bilbao Gran Reserva Marca Rb Ramon Bilbao)
[2026-07-22 18:16:11]   [OK] Bloque completado en 26.55s. Acumulado: 675 con INVIMA, 355 sin registro.

[2026-07-22 18:16:14] === Bloque 104/174 (60.1%) | Modelo: deepseek-v4-flash | Procesando 1031 a 1040 de 1731 ===
[2026-07-22 18:16:32]   [NO MATCH] EXI_3579879 -> Sin registro certificado
[2026-07-22 18:16:32]   [NO MATCH] EXI_3579880 -> Sin registro certificado
[2026-07-22 18:16:32]   [NO MATCH] EXI_3579881 -> Sin registro certificado
[2026-07-22 18:16:32]   [NO MATCH] EXI_3579882 -> Sin registro certificado
[2026-07-22 18:16:32]   [NO MATCH] EXI_3579883 -> Sin registro certificado
[2026-07-22 18:16:32]   [NO MATCH] EXI_3579884 -> Sin registro certificado
[2026-07-22 18:16:32]   [NO MATCH] EXI_3581994 -> Sin registro certificado
[2026-07-22 18:16:32]   [NO MATCH] EXI_3581995 -> Sin registro certificado
[2026-07-22 18:16:32]   [NO MATCH] EXI_3582332 -> Sin registro certificado
[2026-07-22 18:16:32]   [MATCH] EXI_3582617 -> INVIMA 2024L-0013100 (Tequila Añejo 100% De Agave Cristalino Patron)
[2026-07-22 18:16:32]   [OK] Bloque completado en 17.73s. Acumulado: 676 con INVIMA, 364 sin registro.

[2026-07-22 18:16:34] === Bloque 105/174 (60.7%) | Modelo: deepseek-v4-flash | Procesando 1041 a 1050 de 1731 ===
[2026-07-22 18:16:50]   [NO MATCH] EXI_358397 -> Sin registro certificado
[2026-07-22 18:16:50]   [NO MATCH] EXI_3584171 -> Sin registro certificado
[2026-07-22 18:16:50]   [NO MATCH] EXI_358423 -> Sin registro certificado
[2026-07-22 18:16:50]   [MATCH] EXI_3584487 -> INVIMA 2023L-0012622 (Aperitivo No Vinico Sabor A Manzana Green Marca Four Loko)
[2026-07-22 18:16:50]   [MATCH] EXI_3584488 -> INVIMA 2024L-0012934 (Aperitivo No Vínico Sabor Lulo Marca Four Loko)
[2026-07-22 18:16:50]   [NO MATCH] EXI_3586179 -> Sin registro certificado
[2026-07-22 18:16:50]   [NO MATCH] EXI_3590369 -> Sin registro certificado
[2026-07-22 18:16:50]   [NO MATCH] EXI_3590370 -> Sin registro certificado
[2026-07-22 18:16:50]   [NO MATCH] EXI_3598408 -> Sin registro certificado
[2026-07-22 18:16:50]   [MATCH] EXI_3602735 -> INVIMA 2017L-0008873 (Vino Blanco Faustino Vii Verdejo Marca Faustino)
[2026-07-22 18:16:50]   [OK] Bloque completado en 15.78s. Acumulado: 679 con INVIMA, 371 sin registro.

[2026-07-22 18:16:52] === Bloque 106/174 (61.2%) | Modelo: deepseek-v4-flash | Procesando 1051 a 1060 de 1731 ===
[2026-07-22 18:17:09]   [NO MATCH] EXI_3602741 -> Sin registro certificado
[2026-07-22 18:17:09]   [MATCH] EXI_3603649 -> INVIMA 2024L-0013217 (Aperitivo No Vinico Sabor A Vodka Y Mora Azul Marca Like Ice Cooler Blueberry)
[2026-07-22 18:17:09]   [MATCH] EXI_3603650 -> INVIMA 2024L-0013217 (Aperitivo No Vinico Sabor A Vodka Y Mora Azul Marca Like Ice Cooler Blueberry)
[2026-07-22 18:17:09]   [NO MATCH] EXI_3606614 -> Sin registro certificado
[2026-07-22 18:17:09]   [NO MATCH] EXI_3608315 -> Sin registro certificado
[2026-07-22 18:17:09]   [NO MATCH] EXI_3608316 -> Sin registro certificado
[2026-07-22 18:17:09]   [NO MATCH] EXI_3608317 -> Sin registro certificado
[2026-07-22 18:17:09]   [MATCH] EXI_361035 -> INVIMA 2008L-0003824 (Vino Tinto Cabernet Sauvignon Gran Reserva Sibaris)
[2026-07-22 18:17:09]   [MATCH] EXI_361040 -> INVIMA 2008L-0003824 (Vino Tinto Carmenere Gran Reserva Sibaris)
[2026-07-22 18:17:09]   [MATCH] EXI_361088 -> INVIMA 2008L-0003824 (Vino Tinto Merlot Gran Reserva Sibaris)
[2026-07-22 18:17:09]   [OK] Bloque completado en 16.19s. Acumulado: 684 con INVIMA, 376 sin registro.

[2026-07-22 18:17:11] === Bloque 107/174 (61.8%) | Modelo: deepseek-v4-flash | Procesando 1061 a 1070 de 1731 ===
[2026-07-22 18:17:24]   [MATCH] EXI_3611344 -> INVIMA 2015L-0007921 (Vodka Original Marca Grey Goose)
[2026-07-22 18:17:24]   [MATCH] EXI_3611347 -> INVIMA 2017L-0008677 (Licor De Ron Sabor A Mandarina Marca Bacardi)
[2026-07-22 18:17:24]   [MATCH] EXI_361458 -> INVIMA 2008L-0003824 (Vino Blanco Chardonnay Gran Reserva Sibaris)
[2026-07-22 18:17:24]   [NO MATCH] EXI_3616368 -> Sin registro certificado
[2026-07-22 18:17:24]   [NO MATCH] EXI_3616369 -> Sin registro certificado
[2026-07-22 18:17:24]   [NO MATCH] EXI_3616862 -> Sin registro certificado
[2026-07-22 18:17:24]   [NO MATCH] EXI_3617383 -> Sin registro certificado
[2026-07-22 18:17:24]   [MATCH] EXI_3617397 -> INVIMA 2022L-0011658 (Vino Tinto Bonarda Argentina Marca Durigutti)
[2026-07-22 18:17:24]   [MATCH] EXI_3617398 -> INVIMA 2022L-0011658 (Vino Tinto Cabernet Franc Marca Durigutti)
[2026-07-22 18:17:24]   [MATCH] EXI_3617399 -> INVIMA 2022L-0011658 (Vino Tinto Malbec Marca Durigutti)
[2026-07-22 18:17:24]   [OK] Bloque completado en 13.09s. Acumulado: 690 con INVIMA, 380 sin registro.

[2026-07-22 18:17:27] === Bloque 108/174 (62.4%) | Modelo: deepseek-v4-flash | Procesando 1071 a 1080 de 1731 ===
[2026-07-22 18:17:39]   [NO MATCH] EXI_3617400 -> Sin registro certificado
[2026-07-22 18:17:39]   [MATCH] EXI_3617401 -> INVIMA 2022L-0011658 (Vino Tinto Malbec Marca Durigutti)
[2026-07-22 18:17:39]   [MATCH] EXI_3617402 -> INVIMA 2022L-0011658 (Vino Tinto Malbec Marca Durigutti)
[2026-07-22 18:17:39]   [NO MATCH] EXI_3617692 -> Sin registro certificado
[2026-07-22 18:17:39]   [NO MATCH] EXI_3617693 -> Sin registro certificado
[2026-07-22 18:17:39]   [MATCH] EXI_3617697 -> INVIMA 2006L-0002656 (Ron Bacardi Añejo 35% Vol)
[2026-07-22 18:17:39]   [NO MATCH] EXI_3617698 -> Sin registro certificado
[2026-07-22 18:17:39]   [MATCH] EXI_3617699 -> INVIMA 2017L-0008677 (Licor De Ron Sabor A Mandarina Marca Bacardi)
[2026-07-22 18:17:39]   [MATCH] EXI_3617700 -> INVIMA 2006L-0002620 (Ron Bacardi Superior Carta Blanca)
[2026-07-22 18:17:39]   [NO MATCH] EXI_3617830 -> Sin registro certificado
[2026-07-22 18:17:39]   [OK] Bloque completado en 12.78s. Acumulado: 695 con INVIMA, 385 sin registro.

[2026-07-22 18:17:42] === Bloque 109/174 (63.0%) | Modelo: deepseek-v4-flash | Procesando 1081 a 1090 de 1731 ===
[2026-07-22 18:18:01]   [NO MATCH] EXI_3617929 -> Sin registro certificado
[2026-07-22 18:18:01]   [MATCH] EXI_3621639 -> INVIMA 2004L-0001916 (Aguardiente Blanco Del Valle - Sin Azúcar 29 % Vol)
[2026-07-22 18:18:01]   [MATCH] EXI_3621640 -> INVIMA 2004L-0001916 (Aguardiente Blanco Del Valle - Sin Azúcar 29 % Vol)
[2026-07-22 18:18:01]   [NO MATCH] EXI_3622151 -> Sin registro certificado
[2026-07-22 18:18:01]   [NO MATCH] EXI_3622152 -> Sin registro certificado
[2026-07-22 18:18:01]   [MATCH] EXI_3622153 -> INVIMA 2024L-0013046 (Ron Viejo De Caldas Oscuro Marca Ron Viejo De Caldas Oscuro)
[2026-07-22 18:18:01]   [NO MATCH] EXI_362899 -> Sin registro certificado
[2026-07-22 18:18:01]   [MATCH] EXI_3629486 -> INVIMA 2002L-0000872 (Vino Espumoso Blanco  Alteza)
[2026-07-22 18:18:01]   [MATCH] EXI_3629487 -> INVIMA 2002L-0000872 (Vino Espumoso Rosado  Alteza)
[2026-07-22 18:18:01]   [MATCH] EXI_3629589 -> INVIMA 2023L-0012276 (Vino Tinto Marca Mucho Mas)
[2026-07-22 18:18:01]   [OK] Bloque completado en 19.35s. Acumulado: 701 con INVIMA, 389 sin registro.

[2026-07-22 18:18:03] === Bloque 110/174 (63.5%) | Modelo: deepseek-v4-flash | Procesando 1091 a 1100 de 1731 ===
[2026-07-22 18:18:16]   [NO MATCH] EXI_3629599 -> Sin registro certificado
[2026-07-22 18:18:16]   [NO MATCH] EXI_3629600 -> Sin registro certificado
[2026-07-22 18:18:16]   [NO MATCH] EXI_3629601 -> Sin registro certificado
[2026-07-22 18:18:16]   [NO MATCH] EXI_3629933 -> Sin registro certificado
[2026-07-22 18:18:16]   [MATCH] EXI_3630435 -> INVIMA 2021L-0010862 (Vino Blanco Chardonnay Marca Olas Del Sur)
[2026-07-22 18:18:16]   [MATCH] EXI_3630436 -> INVIMA 2021L-0010862 (Vino Rose Cabernet Sauvignon Marca Olas Del Sur)
[2026-07-22 18:18:16]   [MATCH] EXI_3630437 -> INVIMA 2021L-0010862 (Vino Tinto Cabernet Sauvignon Marca Olas Del Sur)
[2026-07-22 18:18:16]   [MATCH] EXI_3630438 -> INVIMA 2021L-0010862 (Vino Tinto Carmenere Marca Olas Del Sur)
[2026-07-22 18:18:16]   [MATCH] EXI_3630439 -> INVIMA 2021L-0010862 (Vino Tinto Malbec Marca Olas Del Sur)
[2026-07-22 18:18:16]   [MATCH] EXI_3630440 -> INVIMA 2021L-0010862 (Vino Tinto Merlot Marca Olas Del Sur)
[2026-07-22 18:18:16]   [OK] Bloque completado en 12.57s. Acumulado: 707 con INVIMA, 393 sin registro.

[2026-07-22 18:18:19] === Bloque 111/174 (64.1%) | Modelo: deepseek-v4-flash | Procesando 1101 a 1110 de 1731 ===
[2026-07-22 18:18:52]   [NO MATCH] EXI_3632422 -> Sin registro certificado
[2026-07-22 18:18:52]   [NO MATCH] EXI_3632697 -> Sin registro certificado
[2026-07-22 18:18:52]   [NO MATCH] EXI_3632699 -> Sin registro certificado
[2026-07-22 18:18:52]   [NO MATCH] EXI_3635554 -> Sin registro certificado
[2026-07-22 18:18:52]   [MATCH] EXI_3635555 -> INVIMA 2018L-0009409 (Vino Blanco Semillon Marca El Enemigo Marca El Enemigo)
[2026-07-22 18:18:52]   [NO MATCH] EXI_3635969 -> Sin registro certificado
[2026-07-22 18:18:52]   [NO MATCH] EXI_3636330 -> Sin registro certificado
[2026-07-22 18:18:52]   [MATCH] EXI_3636835 -> INVIMA 2015L-0007722 (Vodka Marca Montesskaya)
[2026-07-22 18:18:52]   [MATCH] EXI_3636836 -> INVIMA 2008L-0004239 (Aguardiente Antioqueño)
[2026-07-22 18:18:52]   [NO MATCH] EXI_3636838 -> Sin registro certificado
[2026-07-22 18:18:52]   [OK] Bloque completado en 33.82s. Acumulado: 710 con INVIMA, 400 sin registro.

[2026-07-22 18:18:55] === Bloque 112/174 (64.7%) | Modelo: deepseek-v4-flash | Procesando 1111 a 1120 de 1731 ===
[2026-07-22 18:19:19]   [MATCH] EXI_3636839 -> INVIMA 2003L-0001427 (Aguardiente Tapa Roja)
[2026-07-22 18:19:19]   [NO MATCH] EXI_3636840 -> Sin registro certificado
[2026-07-22 18:19:19]   [MATCH] EXI_3636909 -> INVIMA 2018L-0009362 (Sabajon Sabor A Whisky Marca Sabajón Cipres, 1976, Paipano)
[2026-07-22 18:19:19]   [NO MATCH] EXI_3636910 -> Sin registro certificado
[2026-07-22 18:19:19]   [NO MATCH] EXI_3639970 -> Sin registro certificado
[2026-07-22 18:19:19]   [MATCH] EXI_3640697 -> INVIMA 2021L-0011257 (Aguardiente Marca Nectar Dorado)
[2026-07-22 18:19:19]   [MATCH] EXI_3640698 -> INVIMA 2003L-0001257 (Aguardiente Nectar Club Sin Azúcar)
[2026-07-22 18:19:19]   [MATCH] EXI_3640699 -> INVIMA 2003L-0001257 (Aguardiente Nectar Club Sin Azúcar)
[2026-07-22 18:19:19]   [NO MATCH] EXI_3645011 -> Sin registro certificado
[2026-07-22 18:19:19]   [NO MATCH] EXI_3648969 -> Sin registro certificado
[2026-07-22 18:19:19]   [OK] Bloque completado en 23.7s. Acumulado: 715 con INVIMA, 405 sin registro.

[2026-07-22 18:19:21] === Bloque 113/174 (65.3%) | Modelo: deepseek-v4-flash | Procesando 1121 a 1130 de 1731 ===
[2026-07-22 18:19:36]   [MATCH] EXI_365567 -> INVIMA 2011L-0005262 (Vino Tinto Montepulciano D ' Abruzzo Doc Pasqua Capitolio 21)
[2026-07-22 18:19:36]   [NO MATCH] EXI_365913 -> Sin registro certificado
[2026-07-22 18:19:36]   [NO MATCH] EXI_365966 -> Sin registro certificado
[2026-07-22 18:19:36]   [MATCH] EXI_3660716 -> INVIMA 2019L-0010050 (The Glenlivet 12 Y.O Single Malt Scotch Whisky)
[2026-07-22 18:19:36]   [MATCH] EXI_3665342 -> INVIMA 2013L-0006493 (Ginebra Martin Miller´S Gin)
[2026-07-22 18:19:36]   [NO MATCH] EXI_367158 -> Sin registro certificado
[2026-07-22 18:19:36]   [MATCH] EXI_367356 -> INVIMA 2003L-0001427 (Aguardiente Tapa Roja)
[2026-07-22 18:19:36]   [MATCH] EXI_3674559 -> INVIMA 2020L-0010835 (Whitley Neill Handcrafted Gin - Blood Orange Gin Marca Whitley Neill)
[2026-07-22 18:19:36]   [NO MATCH] EXI_3678818 -> Sin registro certificado
[2026-07-22 18:19:36]   [NO MATCH] EXI_3678819 -> Sin registro certificado
[2026-07-22 18:19:36]   [OK] Bloque completado en 15.3s. Acumulado: 720 con INVIMA, 410 sin registro.

[2026-07-22 18:19:39] === Bloque 114/174 (65.9%) | Modelo: deepseek-v4-flash | Procesando 1131 a 1140 de 1731 ===
[2026-07-22 18:20:04]   [NO MATCH] EXI_3679858 -> Sin registro certificado
[2026-07-22 18:20:04]   [NO MATCH] EXI_3679859 -> Sin registro certificado
[2026-07-22 18:20:04]   [NO MATCH] EXI_368314 -> Sin registro certificado
[2026-07-22 18:20:04]   [MATCH] EXI_3683505 -> INVIMA 2015L-0007630 (Vino Verde Blanco Gatao)
[2026-07-22 18:20:04]   [NO MATCH] EXI_3684693 -> Sin registro certificado
[2026-07-22 18:20:04]   [NO MATCH] EXI_3684893 -> Sin registro certificado
[2026-07-22 18:20:04]   [MATCH] EXI_3684894 -> INVIMA 2013L-0006546 (Vino Blanco Chardonnay Barrel Select Marca Norton)
[2026-07-22 18:20:04]   [MATCH] EXI_3684895 -> INVIMA L-000410 (Vino Tinto Santa Rita 120 Reserva Especial Cabernet Sauvignon)
[2026-07-22 18:20:04]   [MATCH] EXI_368639 -> INVIMA 2012L-0005703 (Vino Gallo Family Vineyards California White Zinfadel)
[2026-07-22 18:20:04]   [NO MATCH] EXI_3688557 -> Sin registro certificado
[2026-07-22 18:20:04]   [OK] Bloque completado en 24.96s. Acumulado: 724 con INVIMA, 416 sin registro.

[2026-07-22 18:20:07] === Bloque 115/174 (66.4%) | Modelo: deepseek-v4-flash | Procesando 1141 a 1150 de 1731 ===
[2026-07-22 18:20:22]   [NO MATCH] EXI_3688558 -> Sin registro certificado
[2026-07-22 18:20:22]   [MATCH] EXI_3689528 -> INVIMA 2014L-0007000 (Vino Blanco Semi Sweet Marca Gato Negro)
[2026-07-22 18:20:22]   [MATCH] EXI_3689529 -> INVIMA 2014L-0007003 (Vino Tinto Semi Sweet Gato Negro)
[2026-07-22 18:20:22]   [NO MATCH] EXI_3690081 -> Sin registro certificado
[2026-07-22 18:20:22]   [NO MATCH] EXI_3690087 -> Sin registro certificado
[2026-07-22 18:20:22]   [NO MATCH] EXI_3690280 -> Sin registro certificado
[2026-07-22 18:20:22]   [NO MATCH] EXI_3690281 -> Sin registro certificado
[2026-07-22 18:20:22]   [NO MATCH] EXI_3690282 -> Sin registro certificado
[2026-07-22 18:20:22]   [NO MATCH] EXI_3690283 -> Sin registro certificado
[2026-07-22 18:20:22]   [NO MATCH] EXI_3690284 -> Sin registro certificado
[2026-07-22 18:20:22]   [OK] Bloque completado en 15.22s. Acumulado: 726 con INVIMA, 424 sin registro.

[2026-07-22 18:20:24] === Bloque 116/174 (67.0%) | Modelo: deepseek-v4-flash | Procesando 1151 a 1160 de 1731 ===
[2026-07-22 18:20:55]   [NO MATCH] EXI_3691043 -> Sin registro certificado
[2026-07-22 18:20:55]   [MATCH] EXI_3692607 -> INVIMA 2021L-0011037 (Ron 18 Años Marca Flor De Caña Centenario)
[2026-07-22 18:20:55]   [MATCH] EXI_3692608 -> INVIMA 2021L-0011023 (Ron 12 Años Marca Flor De Caña Centenario)
[2026-07-22 18:20:55]   [MATCH] EXI_369292 -> INVIMA 2004L-0001634 (Whiskey Jack Daniel'S Tennessee)
[2026-07-22 18:20:55]   [NO MATCH] EXI_3695913 -> Sin registro certificado
[2026-07-22 18:20:55]   [MATCH] EXI_370238 -> INVIMA 2016L-0008438 (Aguardiente Antioqueño 24° Sin Azúcar)
[2026-07-22 18:20:55]   [MATCH] EXI_3705515 -> INVIMA 2016L-0008500 (Fernet Branca)
[2026-07-22 18:20:55]   [NO MATCH] EXI_3708483 -> Sin registro certificado
[2026-07-22 18:20:55]   [NO MATCH] EXI_3709596 -> Sin registro certificado
[2026-07-22 18:20:55]   [MATCH] EXI_371060 -> INVIMA 2016L-0008438 (Aguardiente Antioqueño 24° Sin Azúcar)
[2026-07-22 18:20:55]   [OK] Bloque completado en 31.14s. Acumulado: 732 con INVIMA, 428 sin registro.

[2026-07-22 18:20:57] === Bloque 117/174 (67.6%) | Modelo: deepseek-v4-flash | Procesando 1161 a 1170 de 1731 ===
[2026-07-22 18:21:20]   [NO MATCH] EXI_3711343 -> Sin registro certificado
[2026-07-22 18:21:20]   [NO MATCH] EXI_3713490 -> Sin registro certificado
[2026-07-22 18:21:20]   [NO MATCH] EXI_3713491 -> Sin registro certificado
[2026-07-22 18:21:20]   [NO MATCH] EXI_3713494 -> Sin registro certificado
[2026-07-22 18:21:20]   [NO MATCH] EXI_3718984 -> Sin registro certificado
[2026-07-22 18:21:20]   [NO MATCH] EXI_3718985 -> Sin registro certificado
[2026-07-22 18:21:20]   [NO MATCH] EXI_3718986 -> Sin registro certificado
[2026-07-22 18:21:20]   [NO MATCH] EXI_3718988 -> Sin registro certificado
[2026-07-22 18:21:20]   [NO MATCH] EXI_3718989 -> Sin registro certificado
[2026-07-22 18:21:20]   [NO MATCH] EXI_3718990 -> Sin registro certificado
[2026-07-22 18:21:20]   [OK] Bloque completado en 22.62s. Acumulado: 732 con INVIMA, 438 sin registro.

[2026-07-22 18:21:23] === Bloque 118/174 (68.2%) | Modelo: deepseek-v4-flash | Procesando 1171 a 1180 de 1731 ===
[2026-07-22 18:21:36]   [NO MATCH] EXI_3728615 -> Sin registro certificado
[2026-07-22 18:21:36]   [NO MATCH] EXI_3728616 -> Sin registro certificado
[2026-07-22 18:21:36]   [NO MATCH] EXI_3731303 -> Sin registro certificado
[2026-07-22 18:21:36]   [NO MATCH] EXI_3732273 -> Sin registro certificado
[2026-07-22 18:21:36]   [NO MATCH] EXI_3736186 -> Sin registro certificado
[2026-07-22 18:21:36]   [NO MATCH] EXI_3736187 -> Sin registro certificado
[2026-07-22 18:21:36]   [MATCH] EXI_3737435 -> INVIMA 2008L-0003841 (Vino Espumoso Brut Rosado Marca Chandon)
[2026-07-22 18:21:36]   [NO MATCH] EXI_3739284 -> Sin registro certificado
[2026-07-22 18:21:36]   [NO MATCH] EXI_3739285 -> Sin registro certificado
[2026-07-22 18:21:36]   [NO MATCH] EXI_3739427 -> Sin registro certificado
[2026-07-22 18:21:36]   [OK] Bloque completado en 13.77s. Acumulado: 733 con INVIMA, 447 sin registro.

[2026-07-22 18:21:38] === Bloque 119/174 (68.7%) | Modelo: deepseek-v4-flash | Procesando 1181 a 1190 de 1731 ===
[2026-07-22 18:21:58]   [NO MATCH] EXI_3739428 -> Sin registro certificado
[2026-07-22 18:21:58]   [NO MATCH] EXI_3739429 -> Sin registro certificado
[2026-07-22 18:21:58]   [NO MATCH] EXI_3739430 -> Sin registro certificado
[2026-07-22 18:21:58]   [NO MATCH] EXI_3739768 -> Sin registro certificado
[2026-07-22 18:21:58]   [NO MATCH] EXI_3739769 -> Sin registro certificado
[2026-07-22 18:21:58]   [MATCH] EXI_3740163 -> INVIMA 2014L-0007075 (Vino Tinto Joven Marca Care)
[2026-07-22 18:21:58]   [MATCH] EXI_3740164 -> INVIMA 2014L-0007075 (Vino Tinto Joven Marca Care)
[2026-07-22 18:21:58]   [MATCH] EXI_3745421 -> INVIMA 2018L-0009304 (Aguardiente Antioqueño Real Sin Azucar Adicionado)
[2026-07-22 18:21:58]   [MATCH] EXI_3745422 -> INVIMA 2018L-0009304 (Aguardiente Antioqueño Real Sin Azucar Adicionado)
[2026-07-22 18:21:58]   [NO MATCH] EXI_3745802 -> Sin registro certificado
[2026-07-22 18:21:58]   [OK] Bloque completado en 19.94s. Acumulado: 737 con INVIMA, 453 sin registro.

[2026-07-22 18:22:00] === Bloque 120/174 (69.3%) | Modelo: deepseek-v4-flash | Procesando 1191 a 1200 de 1731 ===
[2026-07-22 18:22:13]   [NO MATCH] EXI_3745883 -> Sin registro certificado
[2026-07-22 18:22:13]   [NO MATCH] EXI_3746056 -> Sin registro certificado
[2026-07-22 18:22:13]   [NO MATCH] EXI_3746057 -> Sin registro certificado
[2026-07-22 18:22:13]   [NO MATCH] EXI_3750927 -> Sin registro certificado
[2026-07-22 18:22:13]   [NO MATCH] EXI_3750928 -> Sin registro certificado
[2026-07-22 18:22:13]   [MATCH] EXI_3751982 -> INVIMA 2011L-0005538 (Aguardiente Sin Azúcar Origen Del Valle)
[2026-07-22 18:22:13]   [MATCH] EXI_3755922 -> INVIMA 2006L-0002814 (Passport Blended Scotch Whisky)
[2026-07-22 18:22:13]   [NO MATCH] EXI_3756210 -> Sin registro certificado
[2026-07-22 18:22:13]   [MATCH] EXI_3757177 -> INVIMA 2019L-0009807 (Tequila Reposado Maestro Tequilero Dobel Diamante 100 % Agave)
[2026-07-22 18:22:13]   [NO MATCH] EXI_3757548 -> Sin registro certificado
[2026-07-22 18:22:13]   [OK] Bloque completado en 12.38s. Acumulado: 740 con INVIMA, 460 sin registro.

[2026-07-22 18:22:16] === Bloque 121/174 (69.9%) | Modelo: deepseek-v4-flash | Procesando 1201 a 1210 de 1731 ===
[2026-07-22 18:22:39]   [NO MATCH] EXI_3757549 -> Sin registro certificado
[2026-07-22 18:22:39]   [NO MATCH] EXI_3757550 -> Sin registro certificado
[2026-07-22 18:22:39]   [NO MATCH] EXI_3757551 -> Sin registro certificado
[2026-07-22 18:22:39]   [NO MATCH] EXI_3759218 -> Sin registro certificado
[2026-07-22 18:22:39]   [NO MATCH] EXI_3759219 -> Sin registro certificado
[2026-07-22 18:22:39]   [MATCH] EXI_3759833 -> INVIMA L-002657 (Whisky Scotch  Escocés  Buchanan ' S Deluxe 12Yo Marca Buchanan ´ S Deluxe)
[2026-07-22 18:22:39]   [NO MATCH] EXI_3760269 -> Sin registro certificado
[2026-07-22 18:22:39]   [NO MATCH] EXI_3760270 -> Sin registro certificado
[2026-07-22 18:22:39]   [NO MATCH] EXI_3760271 -> Sin registro certificado
[2026-07-22 18:22:39]   [NO MATCH] EXI_3760272 -> Sin registro certificado
[2026-07-22 18:22:39]   [OK] Bloque completado en 23.01s. Acumulado: 741 con INVIMA, 469 sin registro.

[2026-07-22 18:22:41] === Bloque 122/174 (70.5%) | Modelo: deepseek-v4-flash | Procesando 1211 a 1220 de 1731 ===
[2026-07-22 18:22:57]   [MATCH] EXI_3760562 -> INVIMA 2006L-0002837 (Chivas Regal 18 Years Old Blended Scotch Whisky)
[2026-07-22 18:22:57]   [MATCH] EXI_3760563 -> INVIMA 2019L-0010050 (The Glenlivet 12 Y.O Single Malt Scotch Whisky)
[2026-07-22 18:22:57]   [MATCH] EXI_3760565 -> INVIMA 2020L-0010784 (Chivas Regal Extra 13 Years Blended Scotch Whisky)
[2026-07-22 18:22:57]   [MATCH] EXI_3760566 -> INVIMA 2006L-0002818 (Something Special Blended Scotch Whisky)
[2026-07-22 18:22:57]   [MATCH] EXI_3763125 -> INVIMA 2018L-0009695 (Beefeater Pink)
[2026-07-22 18:22:57]   [MATCH] EXI_3763323 -> INVIMA 2016L-0008262 (Coctel Tinto De Verano Marca Cariñoso)
[2026-07-22 18:22:57]   [MATCH] EXI_376335 -> INVIMA 2003L-0001169 (Tequila Joven U Oro Gold El Charro)
[2026-07-22 18:22:57]   [NO MATCH] EXI_3769025 -> Sin registro certificado
[2026-07-22 18:22:57]   [NO MATCH] EXI_3769026 -> Sin registro certificado
[2026-07-22 18:22:57]   [NO MATCH] EXI_3769027 -> Sin registro certificado
[2026-07-22 18:22:57]   [OK] Bloque completado en 15.94s. Acumulado: 748 con INVIMA, 472 sin registro.

[2026-07-22 18:22:59] === Bloque 123/174 (71.1%) | Modelo: deepseek-v4-flash | Procesando 1221 a 1230 de 1731 ===
[2026-07-22 18:23:22]   [MATCH] EXI_3772475 -> INVIMA 2022L-0011760 (Macallan The Harmony Collection  Highland Single Malt Scotch Whisky)
[2026-07-22 18:23:22]   [NO MATCH] EXI_3772476 -> Sin registro certificado
[2026-07-22 18:23:22]   [NO MATCH] EXI_3772803 -> Sin registro certificado
[2026-07-22 18:23:22]   [NO MATCH] EXI_3776615 -> Sin registro certificado
[2026-07-22 18:23:22]   [NO MATCH] EXI_3778056 -> Sin registro certificado
[2026-07-22 18:23:22]   [NO MATCH] EXI_3778099 -> Sin registro certificado
[2026-07-22 18:23:22]   [NO MATCH] EXI_3778223 -> Sin registro certificado
[2026-07-22 18:23:22]   [NO MATCH] EXI_3785502 -> Sin registro certificado
[2026-07-22 18:23:22]   [NO MATCH] EXI_3787493 -> Sin registro certificado
[2026-07-22 18:23:22]   [MATCH] EXI_3787761 -> INVIMA L-000027 (Champagne Möet & Chandon Brut Imperial)
[2026-07-22 18:23:22]   [OK] Bloque completado en 22.99s. Acumulado: 750 con INVIMA, 480 sin registro.

[2026-07-22 18:23:25] === Bloque 124/174 (71.6%) | Modelo: deepseek-v4-flash | Procesando 1231 a 1240 de 1731 ===
[2026-07-22 18:23:46]   [MATCH] EXI_3787762 -> INVIMA 2023L-0012403 (Vino Espumoso Ice Rose Demi Sec Paris De Nuit Marca Paris De Nuit)
[2026-07-22 18:23:46]   [NO MATCH] EXI_3788823 -> Sin registro certificado
[2026-07-22 18:23:46]   [NO MATCH] EXI_3788824 -> Sin registro certificado
[2026-07-22 18:23:46]   [MATCH] EXI_3788827 -> INVIMA 2021LM-0000009 (Aguardiente Artesanal Desquite Marca Desquite)
[2026-07-22 18:23:46]   [MATCH] EXI_3788828 -> INVIMA 2022L-0011747 (Aguardiente Tradicion Marca Desquite)
[2026-07-22 18:23:46]   [NO MATCH] EXI_3788915 -> Sin registro certificado
[2026-07-22 18:23:46]   [NO MATCH] EXI_3788916 -> Sin registro certificado
[2026-07-22 18:23:46]   [NO MATCH] EXI_3788917 -> Sin registro certificado
[2026-07-22 18:23:46]   [NO MATCH] EXI_378971 -> Sin registro certificado
[2026-07-22 18:23:46]   [NO MATCH] EXI_3789997 -> Sin registro certificado
[2026-07-22 18:23:46]   [OK] Bloque completado en 21.48s. Acumulado: 753 con INVIMA, 487 sin registro.

[2026-07-22 18:23:49] === Bloque 125/174 (72.2%) | Modelo: deepseek-v4-flash | Procesando 1241 a 1250 de 1731 ===
[2026-07-22 18:24:10]   [NO MATCH] EXI_3790312 -> Sin registro certificado
[2026-07-22 18:24:10]   [MATCH] EXI_3790332 -> INVIMA 2023L-0012648 (Coctel De Vino White Elderflower Spritzer Frontera)
[2026-07-22 18:24:10]   [MATCH] EXI_3790792 -> INVIMA 2022L-0011718 (Ron Viejo De Caldas Leon Dormido - Finalizado En Barrica De Roble Americano Que Añejo Oloroso Marca Ron Viejo De Caldas Leon Dormido)
[2026-07-22 18:24:10]   [NO MATCH] EXI_3796186 -> Sin registro certificado
[2026-07-22 18:24:10]   [NO MATCH] EXI_3796187 -> Sin registro certificado
[2026-07-22 18:24:10]   [NO MATCH] EXI_3796188 -> Sin registro certificado
[2026-07-22 18:24:10]   [NO MATCH] EXI_3797557 -> Sin registro certificado
[2026-07-22 18:24:10]   [NO MATCH] EXI_3797558 -> Sin registro certificado
[2026-07-22 18:24:10]   [NO MATCH] EXI_3798522 -> Sin registro certificado
[2026-07-22 18:24:10]   [NO MATCH] EXI_3798523 -> Sin registro certificado
[2026-07-22 18:24:10]   [OK] Bloque completado en 21.46s. Acumulado: 755 con INVIMA, 495 sin registro.

[2026-07-22 18:24:12] === Bloque 126/174 (72.8%) | Modelo: deepseek-v4-flash | Procesando 1251 a 1260 de 1731 ===
[2026-07-22 18:24:26]   [NO MATCH] EXI_3806394 -> Sin registro certificado
[2026-07-22 18:24:26]   [NO MATCH] EXI_3807294 -> Sin registro certificado
[2026-07-22 18:24:26]   [NO MATCH] EXI_3807304 -> Sin registro certificado
[2026-07-22 18:24:26]   [MATCH] EXI_3808684 -> INVIMA 2017L-0008808 (Tequila 100% De Agave Blanco Reserva De Don Julio)
[2026-07-22 18:24:26]   [NO MATCH] EXI_3814159 -> Sin registro certificado
[2026-07-22 18:24:26]   [NO MATCH] EXI_3814160 -> Sin registro certificado
[2026-07-22 18:24:26]   [NO MATCH] EXI_3814696 -> Sin registro certificado
[2026-07-22 18:24:26]   [NO MATCH] EXI_3814697 -> Sin registro certificado
[2026-07-22 18:24:26]   [NO MATCH] EXI_3814990 -> Sin registro certificado
[2026-07-22 18:24:26]   [NO MATCH] EXI_381513 -> Sin registro certificado
[2026-07-22 18:24:26]   [OK] Bloque completado en 14.18s. Acumulado: 756 con INVIMA, 504 sin registro.

[2026-07-22 18:24:29] === Bloque 127/174 (73.4%) | Modelo: deepseek-v4-flash | Procesando 1261 a 1270 de 1731 ===
[2026-07-22 18:24:42]   [NO MATCH] EXI_3817033 -> Sin registro certificado
[2026-07-22 18:24:42]   [NO MATCH] EXI_3817172 -> Sin registro certificado
[2026-07-22 18:24:42]   [NO MATCH] EXI_3817173 -> Sin registro certificado
[2026-07-22 18:24:42]   [NO MATCH] EXI_3821304 -> Sin registro certificado
[2026-07-22 18:24:42]   [MATCH] EXI_3822027 -> INVIMA 2021L-0011247 (Ron Marca Quimbaya (Ron Artesanal Irá Como Explicativa))
[2026-07-22 18:24:42]   [NO MATCH] EXI_3822433 -> Sin registro certificado
[2026-07-22 18:24:42]   [MATCH] EXI_3830333 -> INVIMA 2024L-0013021 (Licor De Vodka Smirnoff Sabor A Tamarindo Picante Marca Smirnoff)
[2026-07-22 18:24:42]   [MATCH] EXI_383151 -> INVIMA L-002743 (Piña Colada Tahiti)
[2026-07-22 18:24:42]   [NO MATCH] EXI_3832356 -> Sin registro certificado
[2026-07-22 18:24:42]   [NO MATCH] EXI_3832357 -> Sin registro certificado
[2026-07-22 18:24:42]   [OK] Bloque completado en 13.71s. Acumulado: 759 con INVIMA, 511 sin registro.

[2026-07-22 18:24:45] === Bloque 128/174 (73.9%) | Modelo: deepseek-v4-flash | Procesando 1271 a 1280 de 1731 ===
[2026-07-22 18:25:12]   [MATCH] EXI_3832576 -> L-003436 (Vino Tinto Reserva Marques De Riscal D O C Rioja)
[2026-07-22 18:25:12]   [MATCH] EXI_3833845 -> INVIMA L-002238 (Whisky Glenfiddich Special Reserve 12Yo)
[2026-07-22 18:25:12]   [NO MATCH] EXI_383560 -> Sin registro certificado
[2026-07-22 18:25:12]   [MATCH] EXI_3836179 -> INVIMA 2023L-0012577 (Aguardiente Real 24° Sin Azucar Adicionado Marca Aguardiente Antioqueño Real Sin Azucar Adicionado)
[2026-07-22 18:25:12]   [MATCH] EXI_3836180 -> INVIMA 2021L-0010866 (Licor De Ron Medellin)
[2026-07-22 18:25:12]   [MATCH] EXI_3836181 -> INVIMA 2018L-0009624 (Ron Marca Ron Medellin Gran Solera)
[2026-07-22 18:25:12]   [MATCH] EXI_3836183 -> INVIMA 2018L-0009575 (Aguardiente - Ron Marca Ron Medellin Dorado)
[2026-07-22 18:25:12]   [MATCH] EXI_3836184 -> INVIMA 2023L-0012577 (Aguardiente Real 24° Sin Azucar Adicionado Marca Aguardiente Antioqueño Real Sin Azucar Adicionado)
[2026-07-22 18:25:12]   [NO MATCH] EXI_3842944 -> Sin registro certificado
[2026-07-22 18:25:12]   [MATCH] EXI_3845230 -> INVIMA L-002233 (Vino Tinto Cabernet Sauvignon Marca Gato Negro)
[2026-07-22 18:25:12]   [OK] Bloque completado en 26.77s. Acumulado: 767 con INVIMA, 513 sin registro.

[2026-07-22 18:25:15] === Bloque 129/174 (74.5%) | Modelo: deepseek-v4-flash | Procesando 1281 a 1290 de 1731 ===
[2026-07-22 18:25:43]   [MATCH] EXI_3845231 -> INVIMA 2011L-0005246 (Vino Espumoso Brut Baron De Rothberg Rosado)
[2026-07-22 18:25:43]   [MATCH] EXI_3845232 -> INVIMA L-002162-R1 (Vino Tinto Santa Helena Siglo De Oro Reserva Merlot)
[2026-07-22 18:25:43]   [MATCH] EXI_3845233 -> INVIMA L-002083 (Vino Rosado Igp Pays Doc Jp Chenet Grenache Cinsault)
[2026-07-22 18:25:43]   [NO MATCH] EXI_3854106 -> Sin registro certificado
[2026-07-22 18:25:43]   [NO MATCH] EXI_3854107 -> Sin registro certificado
[2026-07-22 18:25:43]   [NO MATCH] EXI_3854108 -> Sin registro certificado
[2026-07-22 18:25:43]   [NO MATCH] EXI_3855117 -> Sin registro certificado
[2026-07-22 18:25:43]   [MATCH] EXI_3856113 -> INVIMA 2014L-0007376 (Whisky Glenfiddich 18Yo Glenfiddich)
[2026-07-22 18:25:43]   [MATCH] EXI_3857317 -> INVIMA 2005L-0002241 (Tequila Reposado Jose Cuervo Tradicional)
[2026-07-22 18:25:43]   [NO MATCH] EXI_3857624 -> Sin registro certificado
[2026-07-22 18:25:43]   [OK] Bloque completado en 28.39s. Acumulado: 772 con INVIMA, 518 sin registro.

[2026-07-22 18:25:46] === Bloque 130/174 (75.1%) | Modelo: deepseek-v4-flash | Procesando 1291 a 1300 de 1731 ===
[2026-07-22 18:26:11]   [MATCH] EXI_3858292 -> INVIMA 2019L-0009807 (Tequila Reposado Maestro Tequilero Dobel Diamante 100 % Agave)
[2026-07-22 18:26:11]   [MATCH] EXI_3861194 -> INVIMA 2008L-0003769 (Licor Jagermeister)
[2026-07-22 18:26:11]   [NO MATCH] EXI_3861797 -> Sin registro certificado
[2026-07-22 18:26:11]   [MATCH] EXI_3863857 -> INVIMA 2010L-0004771 (Tequila Plata Jose Cuervo Especial)
[2026-07-22 18:26:11]   [NO MATCH] EXI_386984 -> Sin registro certificado
[2026-07-22 18:26:11]   [MATCH] EXI_393089 -> INVIMA L-000697 (Vino Espumoso Chandon Extra Brut)
[2026-07-22 18:26:11]   [MATCH] EXI_393821 -> INVIMA 2002L-0000677 (Vino Espumoso Blanco Baron De Rothberg Brut)
[2026-07-22 18:26:11]   [MATCH] EXI_393985 -> INVIMA 2002L-0000676 (Vino Espumoso Blanco Baron De Rothberg Demi-Sec)
[2026-07-22 18:26:11]   [MATCH] EXI_395971 -> INVIMA 2014L-0007454 (Aguardiente Cristal Sin Azúcar Xs)
[2026-07-22 18:26:11]   [MATCH] EXI_396028 -> INVIMA 2017L-0008748 (Aguardiente Sin Azúcar Marca Aguardiente Cristal Sin Azúcar L.)
[2026-07-22 18:26:11]   [OK] Bloque completado en 25.12s. Acumulado: 780 con INVIMA, 520 sin registro.

[2026-07-22 18:26:13] === Bloque 131/174 (75.7%) | Modelo: deepseek-v4-flash | Procesando 1301 a 1310 de 1731 ===
[2026-07-22 18:26:38]   [MATCH] EXI_397936 -> INVIMA 2006L-0002629 (Vino Blanco Chardonnay Santa Rosa Estate)
[2026-07-22 18:26:38]   [MATCH] EXI_398916 -> INVIMA L-003310 (Vino Tinto Riserva Ducale Oro Chianti Classico D O C G Marca Ruffino)
[2026-07-22 18:26:38]   [MATCH] EXI_399379 -> INVIMA 2015L-0007906 (Vino Tinto Zuccardi Finca Canal Uco Marca Zuccardi)
[2026-07-22 18:26:38]   [NO MATCH] EXI_399836 -> Sin registro certificado
[2026-07-22 18:26:38]   [MATCH] EXI_399939 -> INVIMA 2014L-0007114 (Vino Tinto Mouton Cadet Reserve Saint Emilion Aoc Marca Mouton Cadet)
[2026-07-22 18:26:38]   [NO MATCH] EXI_400391 -> Sin registro certificado
[2026-07-22 18:26:38]   [NO MATCH] EXI_400640 -> Sin registro certificado
[2026-07-22 18:26:38]   [NO MATCH] EXI_401612 -> Sin registro certificado
[2026-07-22 18:26:38]   [MATCH] EXI_402115 -> INVIMA 2005L-0001989 (Ginebra Tanqueray No Ten)
[2026-07-22 18:26:38]   [MATCH] EXI_403348 -> INVIMA L-002814 R1 (Vino Tinto Morandé Pionero Reserva Merlot)
[2026-07-22 18:26:38]   [OK] Bloque completado en 24.7s. Acumulado: 786 con INVIMA, 524 sin registro.

[2026-07-22 18:26:40] === Bloque 132/174 (76.3%) | Modelo: deepseek-v4-flash | Procesando 1311 a 1320 de 1731 ===
[2026-07-22 18:26:57]   [MATCH] EXI_403446 -> INVIMA 2010L-0005011 (Vino Tinto Insigne Carmenere Marca Carmen)
[2026-07-22 18:26:57]   [MATCH] EXI_405135 -> INVIMA 2014L-0007419 (Vino Tinto Malbec Los Cardos)
[2026-07-22 18:26:57]   [MATCH] EXI_408307 -> INVIMA 2019L-0010089 (Vino Tinto Crianza Banda Azul D.O.C Rioja Marca Federico Paternina)
[2026-07-22 18:26:57]   [MATCH] EXI_409541 -> INVIMA 2002L-0000645 (Vino Tinto Reserva Muga)
[2026-07-22 18:26:57]   [MATCH] EXI_410990 -> INVIMA 2012L-0005851 (Vino Tinto Malbec Killka)
[2026-07-22 18:26:57]   [MATCH] EXI_411225 -> INVIMA 2008L-0004239 (Aguardiente Antioqueño)
[2026-07-22 18:26:57]   [NO MATCH] EXI_411877 -> Sin registro certificado
[2026-07-22 18:26:57]   [NO MATCH] EXI_413240 -> Sin registro certificado
[2026-07-22 18:26:57]   [MATCH] EXI_413363 -> INVIMA 2010L-0004771 (Tequila Plata Jose Cuervo Especial)
[2026-07-22 18:26:57]   [MATCH] EXI_413368 -> INVIMA 2017L-0008992 (Tequila Jose Cuervo Especial Reposado Marca  Jose Cuervo Especial)
[2026-07-22 18:26:57]   [OK] Bloque completado en 16.31s. Acumulado: 794 con INVIMA, 526 sin registro.

[2026-07-22 18:26:59] === Bloque 133/174 (76.8%) | Modelo: deepseek-v4-flash | Procesando 1321 a 1330 de 1731 ===
[2026-07-22 18:27:23]   [NO MATCH] EXI_413618 -> Sin registro certificado
[2026-07-22 18:27:23]   [MATCH] EXI_414001 -> INVIMA 2003L-0001257 (Aguardiente Nectar Club Sin Azúcar)
[2026-07-22 18:27:23]   [NO MATCH] EXI_417553 -> Sin registro certificado
[2026-07-22 18:27:23]   [NO MATCH] EXI_418297 -> Sin registro certificado
[2026-07-22 18:27:23]   [MATCH] EXI_41831 -> INVIMA 2013L-0006782 (Vino Espumoso Demi Sec Blanco Chandon Delice)
[2026-07-22 18:27:23]   [MATCH] EXI_418555 -> INVIMA 2015L-0007921 (Vodka Original Marca Grey Goose)
[2026-07-22 18:27:23]   [NO MATCH] EXI_418905 -> Sin registro certificado
[2026-07-22 18:27:23]   [NO MATCH] EXI_420166 -> Sin registro certificado
[2026-07-22 18:27:23]   [MATCH] EXI_420332 -> INVIMA 2014L-0007127 (Vino Espumoso Anna De Codorniu Blanc De Blancs Reserva Brut)
[2026-07-22 18:27:23]   [MATCH] EXI_420340 -> INVIMA 2011L-0005560 (Vino Espumoso Codorníu Clasico Rosado Brut)
[2026-07-22 18:27:23]   [OK] Bloque completado en 24.2s. Acumulado: 799 con INVIMA, 531 sin registro.

[2026-07-22 18:27:26] === Bloque 134/174 (77.4%) | Modelo: deepseek-v4-flash | Procesando 1331 a 1340 de 1731 ===
[2026-07-22 18:27:40]   [NO MATCH] EXI_422196 -> Sin registro certificado
[2026-07-22 18:27:40]   [MATCH] EXI_426199 -> INVIMA L-001556 (Vino Blanco Barton & Guestier Sauvignon Blanc Reserve)
[2026-07-22 18:27:40]   [MATCH] EXI_42825 -> INVIMA 2005L-0001997 (Vino Blanco Chardonnay Marca Hereford)
[2026-07-22 18:27:40]   [MATCH] EXI_428345 -> INVIMA L-002512 (Whisky Escoces Black And White 40%)
[2026-07-22 18:27:40]   [MATCH] EXI_42981 -> INVIMA 2012L-0006019 (Ron Havana Club Seleccion De Maestros)
[2026-07-22 18:27:40]   [MATCH] EXI_43304 -> INVIMA 2005L-0002311 (Vino Tinto Cabernet Sauvignon  Altas Cumbres)
[2026-07-22 18:27:40]   [MATCH] EXI_43309 -> INVIMA 2005L-0002311 (Vino Tinto Malbec  Altas Cumbres)
[2026-07-22 18:27:40]   [MATCH] EXI_433164 -> INVIMA L-000199 (Bailey`S Original Irish Cream Bailey´S)
[2026-07-22 18:27:40]   [MATCH] EXI_433632 -> INVIMA 2008L-0004239 (Aguardiente Antioqueño)
[2026-07-22 18:27:40]   [MATCH] EXI_435578 -> INVIMA L-000446 (Vino Tinto Semi-Seco Marca Valtier - Casa Grajales)
[2026-07-22 18:27:40]   [OK] Bloque completado en 13.77s. Acumulado: 808 con INVIMA, 532 sin registro.

[2026-07-22 18:27:42] === Bloque 135/174 (78.0%) | Modelo: deepseek-v4-flash | Procesando 1341 a 1350 de 1731 ===
[2026-07-22 18:28:00]   [MATCH] EXI_437017 -> INVIMA 2006L-0003063 (Aperitivo De Crema Con Sabor A Whisky Marca Whiskream)
[2026-07-22 18:28:00]   [NO MATCH] EXI_437603 -> Sin registro certificado
[2026-07-22 18:28:00]   [MATCH] EXI_438424 -> INVIMA 2012L-0006157 (Vino Frizzante Dolce - Lambrusco Rosato Dell ´ Emilia Medici Ermete)
[2026-07-22 18:28:00]   [MATCH] EXI_438713 -> INVIMA 2007L-0003232 (Vino Tinto Cabernet Sauvignon Los Vascos)
[2026-07-22 18:28:00]   [MATCH] EXI_438957 -> INVIMA 2012L-0006156 (Vino Frizzante - Lambrusco Emilia Igt Bianco Dolce Medici Ermete)
[2026-07-22 18:28:00]   [NO MATCH] EXI_442798 -> Sin registro certificado
[2026-07-22 18:28:00]   [NO MATCH] EXI_442985 -> Sin registro certificado
[2026-07-22 18:28:00]   [MATCH] EXI_443844 -> INVIMA L-002162-R1 (Vino Tinto Santa Helena Siglo De Oro Reserva Cabernet Sauvignon)
[2026-07-22 18:28:00]   [NO MATCH] EXI_443964 -> Sin registro certificado
[2026-07-22 18:28:00]   [MATCH] EXI_447880 -> INVIMA L-002274 (Vino Concord Grape Manischewitz)
[2026-07-22 18:28:00]   [OK] Bloque completado en 17.9s. Acumulado: 814 con INVIMA, 536 sin registro.

[2026-07-22 18:28:03] === Bloque 136/174 (78.6%) | Modelo: deepseek-v4-flash | Procesando 1351 a 1360 de 1731 ===
[2026-07-22 18:28:30]   [MATCH] EXI_448925 -> INVIMA 2015L-0007523 (The Singleton Of Dufftown 12Yo Single Malt Scotch Whisky)
[2026-07-22 18:28:30]   [MATCH] EXI_448958 -> INVIMA 2022L-0011903 (Licor De Ginebra Marca Mom God Save The Gin)
[2026-07-22 18:28:30]   [MATCH] EXI_449049 -> INVIMA 2019L-0010111 (Vino Blanco Beronia Rueda Verdejo Marca Beronia)
[2026-07-22 18:28:30]   [NO MATCH] EXI_449804 -> Sin registro certificado
[2026-07-22 18:28:30]   [MATCH] EXI_454565 -> INVIMA 2013L-0006450 (Vino Tinto Santa Helena Varietal Carmenere)
[2026-07-22 18:28:30]   [MATCH] EXI_456250 -> INVIMA 2005L-0002179 (Ron Medellin Extra Añejo 12 Años)
[2026-07-22 18:28:30]   [NO MATCH] EXI_456300 -> Sin registro certificado
[2026-07-22 18:28:30]   [MATCH] EXI_458392 -> INVIMA 2011L-0005468 (Vino Tinto Reserva Cabernet Sauvignon Marca Castillo De Molina)
[2026-07-22 18:28:30]   [MATCH] EXI_458448 -> INVIMA 2017L-0009016 (Vino Tinto Cabernet Sauvignon Marca Sottano)
[2026-07-22 18:28:30]   [MATCH] EXI_458543 -> INVIMA 2011L-0005468 (Vino Blanco Reserva Chardonnay Marca Castillo De Molina)
[2026-07-22 18:28:30]   [OK] Bloque completado en 27.09s. Acumulado: 822 con INVIMA, 538 sin registro.

[2026-07-22 18:28:32] === Bloque 137/174 (79.1%) | Modelo: deepseek-v4-flash | Procesando 1361 a 1370 de 1731 ===
[2026-07-22 18:28:47]   [MATCH] EXI_46384 -> INVIMA 2004L-0001518 (Aperitivo Vinico Dubonnet)
[2026-07-22 18:28:47]   [MATCH] EXI_466060 -> INVIMA L-002040 (Aguardiente Nectar)
[2026-07-22 18:28:47]   [MATCH] EXI_466928 -> INVIMA 2013L-0006412 (Vino Primitivo Salento Igt Marca Itynera)
[2026-07-22 18:28:47]   [MATCH] EXI_467981 -> INVIMA L-000199 (Bailey`S Original Irish Cream Bailey´S)
[2026-07-22 18:28:47]   [NO MATCH] EXI_469617 -> Sin registro certificado
[2026-07-22 18:28:47]   [NO MATCH] EXI_469678 -> Sin registro certificado
[2026-07-22 18:28:47]   [MATCH] EXI_470328 -> INVIMA L-002827 (Vino Tinto Gran Reserva Pinot Noir Morande)
[2026-07-22 18:28:47]   [MATCH] EXI_473741 -> INVIMA 2004L-0001613 (Vino Tinto Merlot Frontera)
[2026-07-22 18:28:47]   [MATCH] EXI_477853 -> INVIMA 2004L-0001493 (Vino Tinto Cabernet Sauvignon Marca Alamos)
[2026-07-22 18:28:47]   [MATCH] EXI_477885 -> INVIMA 2004L-0001493 (Vino Tinto Malbec Marca Alamos)
[2026-07-22 18:28:47]   [OK] Bloque completado en 15.06s. Acumulado: 830 con INVIMA, 540 sin registro.

[2026-07-22 18:28:50] === Bloque 138/174 (79.7%) | Modelo: deepseek-v4-flash | Procesando 1371 a 1380 de 1731 ===
[2026-07-22 18:29:14]   [MATCH] EXI_478295 -> INVIMA 2017L-0009064 (Vino Blanco Chardonnay Marca Artesano De Argento)
[2026-07-22 18:29:14]   [MATCH] EXI_480433 -> INVIMA 2017L-0008992 (Tequila Jose Cuervo Especial Reposado Marca Jose Cuervo Especial)
[2026-07-22 18:29:14]   [MATCH] EXI_481941 -> INVIMA 2011L-0005165 (Ron Abuelo Añejo 12 Años)
[2026-07-22 18:29:14]   [MATCH] EXI_482278 -> INVIMA 2011L-0005162 (Ron Abuelo Añejo 7 Años)
[2026-07-22 18:29:14]   [MATCH] EXI_482534 -> INVIMA L-001603 (Aperitivo No Vinico De Cafe Marca Cafesillo)
[2026-07-22 18:29:14]   [MATCH] EXI_483687 -> INVIMA 2011L-0005161 (Ron Abuelo Añejo Reserva Especial)
[2026-07-22 18:29:14]   [MATCH] EXI_491579 -> INVIMA L-002252 (Vino Tinto Beronia Crianza)
[2026-07-22 18:29:14]   [MATCH] EXI_492085 -> INVIMA 2006L-0002818 (Something Special Blended Scotch Whisky)
[2026-07-22 18:29:14]   [MATCH] EXI_492440 -> INVIMA L-002252 (Vino Tinto Beronia Reserva)
[2026-07-22 18:29:14]   [MATCH] EXI_492845 -> INVIMA 2011L-0005201 (Vino Tinto Sangiovese Di Puglia Igt Pasqua Capitolo 29 Marca Pasqua.)
[2026-07-22 18:29:14]   [OK] Bloque completado en 23.87s. Acumulado: 840 con INVIMA, 540 sin registro.

[2026-07-22 18:29:16] === Bloque 139/174 (80.3%) | Modelo: deepseek-v4-flash | Procesando 1381 a 1390 de 1731 ===
[2026-07-22 18:29:36]   [MATCH] EXI_493698 -> INVIMA 2011L-0005262 (Vino Blanco Chardonnay-Grillo Doc Sicilia Pasqua Orgánico Capitolo 104)
[2026-07-22 18:29:36]   [MATCH] EXI_495615 -> INVIMA 2006L-0002813 (Chivas Regal 12 Year Old Blended Scotch Whisky)
[2026-07-22 18:29:36]   [NO MATCH] EXI_496003 -> Sin registro certificado
[2026-07-22 18:29:36]   [NO MATCH] EXI_496039 -> Sin registro certificado
[2026-07-22 18:29:36]   [NO MATCH] EXI_496390 -> Sin registro certificado
[2026-07-22 18:29:36]   [MATCH] EXI_498685 -> INVIMA 2008L-0004230 (Vino Tinto Carmenere Undurraga)
[2026-07-22 18:29:36]   [MATCH] EXI_498868 -> INVIMA 2005L-0002570 (Vino Tinto Salentein Primus Malbec)
[2026-07-22 18:29:36]   [NO MATCH] EXI_498890 -> Sin registro certificado
[2026-07-22 18:29:36]   [MATCH] EXI_499978 -> INVIMA 2014L-0007256 (Ron Añejo Botran Solera 1893 Sistema 18 Solera)
[2026-07-22 18:29:36]   [MATCH] EXI_500933 -> INVIMA 2013L-0006546 (Vino Tinto Malbec D O C Marca Norton)
[2026-07-22 18:29:36]   [OK] Bloque completado en 20.39s. Acumulado: 846 con INVIMA, 544 sin registro.

[2026-07-22 18:29:39] === Bloque 140/174 (80.9%) | Modelo: deepseek-v4-flash | Procesando 1391 a 1400 de 1731 ===
[2026-07-22 18:29:54]   [MATCH] EXI_501037 -> INVIMA 2013L-0006546 (Vino Tinto Cabernet Sauvignon Reserva Marca Norton)
[2026-07-22 18:29:54]   [MATCH] EXI_501748 -> INVIMA 2014L-0007281 (Ron Añejo Botran Reserva Sistema 15 Solera)
[2026-07-22 18:29:54]   [MATCH] EXI_502755 -> INVIMA 2003L-0001006 (Vino Tinto Cuatro Cumbres)
[2026-07-22 18:29:54]   [MATCH] EXI_502897 -> INVIMA 2003L-0001006 (Vino Blanco Cuatro Cumbres)
[2026-07-22 18:29:54]   [MATCH] EXI_502995 -> INVIMA 2006L-0002622 (Vino Tinto Santa Helena Varietal Merlot)
[2026-07-22 18:29:54]   [MATCH] EXI_503193 -> INVIMA 2013L-0006451 (Vino Blanco Santa Helena Varietal Sauvignon Blanc)
[2026-07-22 18:29:54]   [MATCH] EXI_505596 -> INVIMA 2006L-0002818 (Something Special Blended Scotch Whisky)
[2026-07-22 18:29:54]   [MATCH] EXI_508693 -> INVIMA L-003056 (Vino Espumoso Valdivieso Brut)
[2026-07-22 18:29:54]   [MATCH] EXI_509245 -> L-004163 (Ron Medellin Añejo)
[2026-07-22 18:29:54]   [MATCH] EXI_509318 -> INVIMA 2004L-0001916 (Aguardiente Blanco Del Valle - Sin Azúcar 29 % Vol)
[2026-07-22 18:29:54]   [OK] Bloque completado en 15.13s. Acumulado: 856 con INVIMA, 544 sin registro.

[2026-07-22 18:29:57] === Bloque 141/174 (81.5%) | Modelo: deepseek-v4-flash | Procesando 1401 a 1410 de 1731 ===
[2026-07-22 18:30:13]   [MATCH] EXI_509693 -> INVIMA 2004L-0001916 (Aguardiente Blanco Del Valle - Sin Azúcar 29 % Vol)
[2026-07-22 18:30:13]   [NO MATCH] EXI_511290 -> Sin registro certificado
[2026-07-22 18:30:13]   [MATCH] EXI_512035 -> INVIMA 2002L-0000455 (Vino Blanco Protos Verdejo Marca Protos)
[2026-07-22 18:30:13]   [NO MATCH] EXI_512928 -> Sin registro certificado
[2026-07-22 18:30:13]   [MATCH] EXI_519832 -> INVIMA 2004L-0001938 (Vino Moscatel Convier)
[2026-07-22 18:30:13]   [MATCH] EXI_520072 -> INVIMA L-001553 (Vino Espumoso Codorníu Clásico Brut)
[2026-07-22 18:30:13]   [MATCH] EXI_521226 -> INVIMA 2003L-0000986 (Vino Blanco Chardonnay Undurraga)
[2026-07-22 18:30:13]   [MATCH] EXI_522510 -> INVIMA 2005L-0002214 (Brandy Don Pedro)
[2026-07-22 18:30:13]   [MATCH] EXI_524939 -> L-000059 (Vino De Cocina Tinto Seco Gourmet - Casa Grajales)
[2026-07-22 18:30:13]   [MATCH] EXI_524942 -> L-000058-R1 (Vino De Cocina Blanco Seco Gourmet - Casa Grajales)
[2026-07-22 18:30:13]   [OK] Bloque completado en 16.36s. Acumulado: 864 con INVIMA, 546 sin registro.

[2026-07-22 18:30:16] === Bloque 142/174 (82.0%) | Modelo: deepseek-v4-flash | Procesando 1411 a 1420 de 1731 ===
[2026-07-22 18:30:51]   [NO MATCH] EXI_524950 -> Sin registro certificado
[2026-07-22 18:30:51]   [MATCH] EXI_527401 -> INVIMA 2015L-0007961 (The Famous Grouse Finest Blended Scotch Whisky)
[2026-07-22 18:30:51]   [MATCH] EXI_5322 -> INVIMA 2006L-0002775 (Whiskey  Tullamore Dew)
[2026-07-22 18:30:51]   [NO MATCH] EXI_534714 -> Sin registro certificado
[2026-07-22 18:30:51]   [NO MATCH] EXI_534803 -> Sin registro certificado
[2026-07-22 18:30:51]   [NO MATCH] EXI_534864 -> Sin registro certificado
[2026-07-22 18:30:51]   [NO MATCH] EXI_534948 -> Sin registro certificado
[2026-07-22 18:30:51]   [MATCH] EXI_535347 -> INVIMA 2012L-0005966 (Vino Blanco Prosecco Doc Treviso Spumante Brut Marca Mionetto)
[2026-07-22 18:30:51]   [MATCH] EXI_535603 -> INVIMA 2012L-0005966 (Vino Blanco Prosecco Doc Treviso Spumante Brut Marca Mionetto)
[2026-07-22 18:30:51]   [MATCH] EXI_536340 -> INVIMA 2010L-0004702 (Vino Tinto Merlot Marca Gato Negro)
[2026-07-22 18:30:51]   [OK] Bloque completado en 35.5s. Acumulado: 869 con INVIMA, 551 sin registro.

[2026-07-22 18:30:54] === Bloque 143/174 (82.6%) | Modelo: deepseek-v4-flash | Procesando 1421 a 1430 de 1731 ===
[2026-07-22 18:31:14]   [MATCH] EXI_536352 -> INVIMA 2019L-0009948 (Vino Tinto Gato Negro 9 Lives Reserve Carmenere)
[2026-07-22 18:31:14]   [NO MATCH] EXI_53797 -> Sin registro certificado
[2026-07-22 18:31:14]   [NO MATCH] EXI_539336 -> Sin registro certificado
[2026-07-22 18:31:14]   [MATCH] EXI_54031 -> INVIMA 2020L-0010806 (Cocktail Mojito Bacardi)
[2026-07-22 18:31:14]   [MATCH] EXI_54092 -> INVIMA L-000242 (Vino Espumoso Undurraga Brut Deluxe)
[2026-07-22 18:31:14]   [NO MATCH] EXI_54104 -> Sin registro certificado
[2026-07-22 18:31:14]   [MATCH] EXI_541866 -> INVIMA 2012L-0005712 (Whisky 12Yo Malt Scotch Whisky  The Balvenie Double Wood)
[2026-07-22 18:31:14]   [MATCH] EXI_547027 -> INVIMA 2004L-0001493 (Vino Tinto Bonarda Marca Alamos)
[2026-07-22 18:31:14]   [NO MATCH] EXI_547871 -> Sin registro certificado
[2026-07-22 18:31:14]   [MATCH] EXI_549855 -> INVIMA 2019L-0009953 (Vino Tinto Merlot Marca Viña Maipo Mi Pueblo)
[2026-07-22 18:31:14]   [OK] Bloque completado en 20.28s. Acumulado: 875 con INVIMA, 555 sin registro.

[2026-07-22 18:31:17] === Bloque 144/174 (83.2%) | Modelo: deepseek-v4-flash | Procesando 1431 a 1440 de 1731 ===
[2026-07-22 18:31:43]   [MATCH] EXI_551428 -> INVIMA 2003L-0000930 (Vino Tinto Malbec Reserva Marca Finca La Escondida)
[2026-07-22 18:31:43]   [MATCH] EXI_553898 -> INVIMA 2012L-0006055 (Vino Blanco Chardonnay Reserva (Reserve) Marca Finca La Escondida)
[2026-07-22 18:31:43]   [MATCH] EXI_556660 -> INVIMA 2013L-0006450 (Vino Tinto Santa Helena Varietal Cabernet Sauvigon)
[2026-07-22 18:31:43]   [MATCH] EXI_560307 -> INVIMA L-002655 (Whisky Scotch Escoces Old Parr 12 Yo Deluxe 40 º)
[2026-07-22 18:31:43]   [MATCH] EXI_562087 -> INVIMA 2014L-0007020 (Vino Espumoso Blanco Ice Marca Jp Chenet)
[2026-07-22 18:31:43]   [MATCH] EXI_562256 -> INVIMA 2004L-0001483 (Vino Tinto Cabernet Sauvignon Marca Catena)
[2026-07-22 18:31:43]   [MATCH] EXI_562824 -> INVIMA 2022L-0011475 (Vino Tinto Malbec Argentino Marca Catena Zapata)
[2026-07-22 18:31:43]   [MATCH] EXI_564927 -> INVIMA L-002083 (Vino Rosado Igp Pays Doc Jp Chenet Grenache Cinsault)
[2026-07-22 18:31:43]   [MATCH] EXI_566873 -> INVIMA 2004L-0001483 (Vino Tinto Cabernet Sauvignon Marca Catena)
[2026-07-22 18:31:43]   [MATCH] EXI_567135 -> INVIMA L-001233 (Champagne Nectar Imperial Marca Moet & Chandon)
[2026-07-22 18:31:43]   [OK] Bloque completado en 26.31s. Acumulado: 885 con INVIMA, 555 sin registro.

[2026-07-22 18:31:46] === Bloque 145/174 (83.8%) | Modelo: deepseek-v4-flash | Procesando 1441 a 1450 de 1731 ===
[2026-07-22 18:32:16]   [NO MATCH] EXI_567458 -> Sin registro certificado
[2026-07-22 18:32:16]   [NO MATCH] EXI_567538 -> Sin registro certificado
[2026-07-22 18:32:16]   [MATCH] EXI_567603 -> INVIMA 2022L-0011475 (Vino Tinto Malbec Nicasia Marca Catena Zapata)
[2026-07-22 18:32:16]   [NO MATCH] EXI_567813 -> Sin registro certificado
[2026-07-22 18:32:16]   [NO MATCH] EXI_568556 -> Sin registro certificado
[2026-07-22 18:32:16]   [NO MATCH] EXI_569395 -> Sin registro certificado
[2026-07-22 18:32:16]   [MATCH] EXI_569880 -> INVIMA 2006L-0002771 (Vino Tinto Marca Segú Olle)
[2026-07-22 18:32:16]   [MATCH] EXI_569893 -> INVIMA 2006L-0002771 (Vino Blanco Marca Segú Olle)
[2026-07-22 18:32:16]   [NO MATCH] EXI_571660 -> Sin registro certificado
[2026-07-22 18:32:16]   [MATCH] EXI_572457 -> INVIMA 2017L-0008772 (Champagne Moët & Chandon Ice Impérial Rosé Marca Moët & Chandon.)
[2026-07-22 18:32:16]   [OK] Bloque completado en 29.7s. Acumulado: 889 con INVIMA, 561 sin registro.

[2026-07-22 18:32:18] === Bloque 146/174 (84.3%) | Modelo: deepseek-v4-flash | Procesando 1451 a 1460 de 1731 ===
[2026-07-22 18:32:35]   [MATCH] EXI_582843 -> INVIMA 2011L-0005248 (Gran Vino Blanco Don Luis Chardonnay Cousiño Macul)
[2026-07-22 18:32:35]   [NO MATCH] EXI_589158 -> Sin registro certificado
[2026-07-22 18:32:35]   [MATCH] EXI_592454 -> INVIMA 2004L-0001493 (Vino Tinto Merlot Marca Alamos)
[2026-07-22 18:32:35]   [MATCH] EXI_592569 -> INVIMA 2014L-0006980 (Vino Blanco Albariño Condes De Albarei)
[2026-07-22 18:32:35]   [MATCH] EXI_594757 -> INVIMA L-002655 (Whisky Scotch Escoces Old Parr 12 Yo Deluxe 40 º)
[2026-07-22 18:32:35]   [MATCH] EXI_59514 -> INVIMA 2005L-0002358 (Vino Blanco Santa Rita 120 Reserva Especial Sauvignon Blanc Marca Santa Rita)
[2026-07-22 18:32:35]   [MATCH] EXI_59520 -> INVIMA L-000410 (Vino Tinto Santa Rita 120 Reserva Especial Cabernet Sauvignon)
[2026-07-22 18:32:35]   [NO MATCH] EXI_597828 -> Sin registro certificado
[2026-07-22 18:32:35]   [NO MATCH] EXI_597830 -> Sin registro certificado
[2026-07-22 18:32:35]   [NO MATCH] EXI_597841 -> Sin registro certificado
[2026-07-22 18:32:35]   [OK] Bloque completado en 16.93s. Acumulado: 895 con INVIMA, 565 sin registro.

[2026-07-22 18:32:38] === Bloque 147/174 (84.9%) | Modelo: deepseek-v4-flash | Procesando 1461 a 1470 de 1731 ===
[2026-07-22 18:32:53]   [MATCH] EXI_599538 -> INVIMA 2005L-0002012 (Vino Tinto Malbec Marca Altos Las Hormigas)
[2026-07-22 18:32:53]   [NO MATCH] EXI_600919 -> Sin registro certificado
[2026-07-22 18:32:53]   [NO MATCH] EXI_601285 -> Sin registro certificado
[2026-07-22 18:32:53]   [NO MATCH] EXI_601907 -> Sin registro certificado
[2026-07-22 18:32:53]   [MATCH] EXI_602360 -> INVIMA L-000758 (Vino Tinto Cabernet Sauvignon  La Huerta)
[2026-07-22 18:32:53]   [MATCH] EXI_602383 -> INVIMA L-000793 (Vino Blanco Sauvignon Blanc La Huerta)
[2026-07-22 18:32:53]   [MATCH] EXI_604332 -> INVIMA 2010L-0004909 (Buchanan'S Master Blended Scotch Whisky)
[2026-07-22 18:32:53]   [MATCH] EXI_604800 -> INVIMA 2013L-0006412 (Vino Montepulciano D ´ Abruzzo Doc Marca Itynera)
[2026-07-22 18:32:53]   [NO MATCH] EXI_605402 -> Sin registro certificado
[2026-07-22 18:32:53]   [MATCH] EXI_606071 -> L-000059 (Vino De Cocina Tinto Seco Gourmet - Casa Grajales)
[2026-07-22 18:32:53]   [OK] Bloque completado en 15.02s. Acumulado: 901 con INVIMA, 569 sin registro.

[2026-07-22 18:32:55] === Bloque 148/174 (85.5%) | Modelo: deepseek-v4-flash | Procesando 1471 a 1480 de 1731 ===
[2026-07-22 18:33:16]   [MATCH] EXI_606208 -> L-000058-R1 (Vino De Cocina Blanco Seco Gourmet - Casa Grajales)
[2026-07-22 18:33:16]   [NO MATCH] EXI_606721 -> Sin registro certificado
[2026-07-22 18:33:16]   [NO MATCH] EXI_607031 -> Sin registro certificado
[2026-07-22 18:33:16]   [NO MATCH] EXI_608256 -> Sin registro certificado
[2026-07-22 18:33:16]   [MATCH] EXI_609622 -> INVIMA 2017L-0009049 (Vino Tinto Reserva Malbec Marca La Celia)
[2026-07-22 18:33:16]   [MATCH] EXI_61342 -> L-003209 (Brandy Marca  Casa Grajales)
[2026-07-22 18:33:16]   [MATCH] EXI_614063 -> INVIMA 2003L-0000930 (Vino Tinto Malbec Marca Finca La Escondida)
[2026-07-22 18:33:16]   [MATCH] EXI_614084 -> INVIMA 2008L-0003962 (Vino Blanco Torrontes Finca La Escondida)
[2026-07-22 18:33:16]   [MATCH] EXI_616170 -> INVIMA 2020L-0010607 (Vino Moscatel Marca Ducarles)
[2026-07-22 18:33:16]   [MATCH] EXI_617218 -> INVIMA 2004L-0001986 (Vino Blanco Albariño D O Rias Baixas  Martín Codax)
[2026-07-22 18:33:16]   [OK] Bloque completado en 21.33s. Acumulado: 908 con INVIMA, 572 sin registro.

[2026-07-22 18:33:19] === Bloque 149/174 (86.1%) | Modelo: deepseek-v4-flash | Procesando 1481 a 1490 de 1731 ===
[2026-07-22 18:33:45]   [MATCH] EXI_622925 -> INVIMA L-002161 (Royal Salute Scotch Whisky 21 Years Old)
[2026-07-22 18:33:45]   [NO MATCH] EXI_623605 -> Sin registro certificado
[2026-07-22 18:33:45]   [NO MATCH] EXI_625409 -> Sin registro certificado
[2026-07-22 18:33:45]   [NO MATCH] EXI_628443 -> Sin registro certificado
[2026-07-22 18:33:45]   [MATCH] EXI_630085 -> INVIMA 2004L-0001612 (Vino Tinto Merlot Marca Marques De Casa Concha)
[2026-07-22 18:33:45]   [MATCH] EXI_630347 -> INVIMA 2011L-0005448 (Vino Montes Alpha Cabernet Sauvignon)
[2026-07-22 18:33:45]   [MATCH] EXI_630353 -> INVIMA 2011L-0005448 (Vino Montes Alpha Cabernet Sauvignon)
[2026-07-22 18:33:45]   [MATCH] EXI_630355 -> INVIMA 2011L-0005448 (Vino Montes Alpha Merlot)
[2026-07-22 18:33:45]   [MATCH] EXI_630359 -> INVIMA 2009L-0004536 (Vino Tinto Pinot Noir  Montes Alpha)
[2026-07-22 18:33:45]   [MATCH] EXI_630473 -> INVIMA L-001557 (Vino Tinto  Barton & Guestier  Chateauneuf Du Pape)
[2026-07-22 18:33:45]   [OK] Bloque completado en 25.76s. Acumulado: 915 con INVIMA, 575 sin registro.

[2026-07-22 18:33:47] === Bloque 150/174 (86.7%) | Modelo: deepseek-v4-flash | Procesando 1491 a 1500 de 1731 ===
[2026-07-22 18:34:13]   [MATCH] EXI_630648 -> INVIMA L-002515 (Smirnoff Red Label Vodka)
[2026-07-22 18:34:13]   [MATCH] EXI_630675 -> INVIMA L- 004807- R1 (Champagne Dom Perignon Brut)
[2026-07-22 18:34:13]   [NO MATCH] EXI_632883 -> Sin registro certificado
[2026-07-22 18:34:13]   [NO MATCH] EXI_633394 -> Sin registro certificado
[2026-07-22 18:34:13]   [MATCH] EXI_634005 -> INVIMA 2007L-0003374 (Ron Viejo De Caldas Tradicional)
[2026-07-22 18:34:13]   [NO MATCH] EXI_634146 -> Sin registro certificado
[2026-07-22 18:34:13]   [MATCH] EXI_637657 -> INVIMA 2016L-0008538 (Vino Blanco Gato Negro 9 Lives Reserva Sauvignon Blanc)
[2026-07-22 18:34:13]   [MATCH] EXI_637658 -> INVIMA 2016L-0008544 (Vino Tinto Gato Negro 9 Lives Reserva Cabernet Sauvignon)
[2026-07-22 18:34:13]   [MATCH] EXI_643341 -> INVIMA 2021L-0011088 (Aguardiente Llanero Ligero 24° Sin Azucar)
[2026-07-22 18:34:13]   [MATCH] EXI_643474 -> INVIMA L-002654 (Whisky Scotch Escoces Johnnie Walker Blue Label 40º)
[2026-07-22 18:34:13]   [OK] Bloque completado en 25.94s. Acumulado: 922 con INVIMA, 578 sin registro.

[2026-07-22 18:34:16] === Bloque 151/174 (87.2%) | Modelo: deepseek-v4-flash | Procesando 1501 a 1510 de 1731 ===
[2026-07-22 18:35:00]   [MATCH] EXI_646526 -> INVIMA 2011L-0005200 (Vino Tinto Malbec Septima)
[2026-07-22 18:35:00]   [MATCH] EXI_647040 -> INVIMA 2017L-0008930 (Vino Tinto Cousiño Macul Antiguas Reservas Cabernet Sauvignon)
[2026-07-22 18:35:00]   [NO MATCH] EXI_647204 -> Sin registro certificado
[2026-07-22 18:35:00]   [NO MATCH] EXI_647538 -> Sin registro certificado
[2026-07-22 18:35:00]   [NO MATCH] EXI_647606 -> Sin registro certificado
[2026-07-22 18:35:00]   [NO MATCH] EXI_64761 -> Sin registro certificado
[2026-07-22 18:35:00]   [MATCH] EXI_651361 -> INVIMA L-000410 (Vino Tinto Santa Rita 120 Reserva Especial Cabernet Sauvignon)
[2026-07-22 18:35:00]   [MATCH] EXI_65145 -> INVIMA L-000758 (Vino Tinto Merlot La Huerta)
[2026-07-22 18:35:00]   [MATCH] EXI_651931 -> INVIMA 2005L-0002358 (Vino Blanco Santa Rita 120 Reserva Especial Sauvignon Blanc Marca Santa Rita)
[2026-07-22 18:35:00]   [MATCH] EXI_652001 -> INVIMA L-002282 (Vino Blanco 120 Reserva Especial Chardonnay Marca 120)
[2026-07-22 18:35:00]   [OK] Bloque completado en 43.85s. Acumulado: 928 con INVIMA, 582 sin registro.

[2026-07-22 18:35:02] === Bloque 152/174 (87.8%) | Modelo: deepseek-v4-flash | Procesando 1511 a 1520 de 1731 ===
[2026-07-22 18:35:24]   [MATCH] EXI_653241 -> INVIMA L-000027 (Champagne Möet & Chandon Brut Imperial)
[2026-07-22 18:35:24]   [MATCH] EXI_654632 -> INVIMA 2010L-0004800 (Vino Tinto Malbec  Lagarde)
[2026-07-22 18:35:24]   [MATCH] EXI_654633 -> INVIMA 2010L-0004800 (Vino Tinto Merlot  Lagarde)
[2026-07-22 18:35:24]   [MATCH] EXI_655319 -> INVIMA 2006L-0002881 (Crema De Whisky Whisleys)
[2026-07-22 18:35:24]   [MATCH] EXI_658209 -> INVIMA L-001607 (Vodka  Belvedere)
[2026-07-22 18:35:24]   [MATCH] EXI_659373 -> INVIMA 2022L-0011857 (Licor De Ginebra Marca The London Nº1 Original Blue Gin)
[2026-07-22 18:35:24]   [MATCH] EXI_660667 -> INVIMA L-002850 (Vino Fino Tinto Cabernet Malbec Reserva Marca Trivento)
[2026-07-22 18:35:24]   [MATCH] EXI_666575 -> INVIMA 2002L-0000656 (Cousiño Macul Don Luis Merlot - Gran Vino Tinto)
[2026-07-22 18:35:24]   [NO MATCH] EXI_668214 -> Sin registro certificado
[2026-07-22 18:35:24]   [NO MATCH] EXI_668973 -> Sin registro certificado
[2026-07-22 18:35:24]   [OK] Bloque completado en 22.02s. Acumulado: 936 con INVIMA, 584 sin registro.

[2026-07-22 18:35:27] === Bloque 153/174 (88.4%) | Modelo: deepseek-v4-flash | Procesando 1521 a 1530 de 1731 ===
[2026-07-22 18:36:01]   [MATCH] EXI_669896 -> INVIMA 2014L-0007347 (Coctel De Clarea Sangría Base De Vino Blanco Marca Lolea)
[2026-07-22 18:36:01]   [MATCH] EXI_669903 -> INVIMA 2014L-0007347 (Coctel De Clarea Sangría Base De Vino Blanco Marca Lolea)
[2026-07-22 18:36:01]   [NO MATCH] EXI_671772 -> Sin registro certificado
[2026-07-22 18:36:01]   [MATCH] EXI_673235 -> INVIMA 2007L-0003322 (Vino Tinto Malbec Marca Gato Negro)
[2026-07-22 18:36:01]   [MATCH] EXI_673920 -> INVIMA 2009L-0004581 (Ron Reserva Exclusiva 8 Años Marca Santafe)
[2026-07-22 18:36:01]   [MATCH] EXI_675016 -> INVIMA 2011L-0005328 (Vino Frizzante Lambrusco Grasparossa Di Castelvetro D O C Amabile Cleto Chiarli)
[2026-07-22 18:36:01]   [MATCH] EXI_675019 -> INVIMA 2013L-0006637 (Vino Rosato Dolce - Vino Rosado Dulce Lambrusco Dell ´ Emilia Igt Cleto Chiarli)
[2026-07-22 18:36:01]   [MATCH] EXI_675024 -> INVIMA 2013L-0006637 (Vino Bianco Dolce - Vino Blanco Dulce Lambrusco Dell ´ Emilia Igt Cleto Chiarli)
[2026-07-22 18:36:01]   [MATCH] EXI_675849 -> INVIMA 2011L-0005449 (Vino Tinto Montes Reserva Cabernet Sauvignon)
[2026-07-22 18:36:01]   [MATCH] EXI_675897 -> INVIMA 2011L-0005449 (Vino Tinto Montes Reserva Merlot)
[2026-07-22 18:36:01]   [OK] Bloque completado en 34.05s. Acumulado: 945 con INVIMA, 585 sin registro.

[2026-07-22 18:36:04] === Bloque 154/174 (89.0%) | Modelo: deepseek-v4-flash | Procesando 1531 a 1540 de 1731 ===
[2026-07-22 18:36:23]   [MATCH] EXI_6759 -> INVIMA 2012L-0005712 (Whisky 12Yo Malt Scotch Whisky  The Balvenie Double Wood)
[2026-07-22 18:36:23]   [MATCH] EXI_676652 -> INVIMA 2011L-0005449 (Vino Blanco Montes Reserva Sauvignon Blanc Marca Montes)
[2026-07-22 18:36:23]   [MATCH] EXI_677920 -> INVIMA 2006L-0002622 (Vino Tinto Santa Helena Varietal Merlot)
[2026-07-22 18:36:23]   [NO MATCH] EXI_681049 -> Sin registro certificado
[2026-07-22 18:36:23]   [NO MATCH] EXI_682244 -> Sin registro certificado
[2026-07-22 18:36:23]   [NO MATCH] EXI_68308 -> Sin registro certificado
[2026-07-22 18:36:23]   [MATCH] EXI_685093 -> INVIMA 2008L-0003824 (Vino Tino Pinot Noir Gran Reserva Sibaris)
[2026-07-22 18:36:23]   [MATCH] EXI_685094 -> INVIMA 2008L-0004181 (Vino Espumoso Demi Sec Undurraga)
[2026-07-22 18:36:23]   [MATCH] EXI_685742 -> INVIMA 2002L-0000855 (Vino Tinto Malbec Marca Las Moras)
[2026-07-22 18:36:23]   [MATCH] EXI_685745 -> INVIMA 2008L-0004113 (Vino Tinto Cabernet Sauvignon-Cabernet Franc Las Moras-Black Label)
[2026-07-22 18:36:23]   [OK] Bloque completado en 19.01s. Acumulado: 952 con INVIMA, 588 sin registro.

[2026-07-22 18:36:25] === Bloque 155/174 (89.5%) | Modelo: deepseek-v4-flash | Procesando 1541 a 1550 de 1731 ===
[2026-07-22 18:36:49]   [MATCH] EXI_687304 -> INVIMA 2012L-0005703 (Vino Gallo Family Vineyards California White Zinfadel)
[2026-07-22 18:36:49]   [MATCH] EXI_689811 -> INVIMA 2015L-0007504 (Vino Espumoso Rosado Ice Jp Chenet)
[2026-07-22 18:36:49]   [NO MATCH] EXI_695041 -> Sin registro certificado
[2026-07-22 18:36:49]   [NO MATCH] EXI_695044 -> Sin registro certificado
[2026-07-22 18:36:49]   [NO MATCH] EXI_698609 -> Sin registro certificado
[2026-07-22 18:36:49]   [MATCH] EXI_715304 -> INVIMA 2005L-0001997 (Vino Tinto Malbec Marca Hereford)
[2026-07-22 18:36:49]   [MATCH] EXI_715997 -> INVIMA 2005L-0001997 (Vino Tinto Cabernet Sauvignon Marca Hereford)
[2026-07-22 18:36:49]   [MATCH] EXI_716866 -> INVIMA L-000412 (Vino Tinto Santa Rita Estate Reserve Cabernet Sauvignon)
[2026-07-22 18:36:49]   [MATCH] EXI_718904 -> INVIMA 2011L-0005474 (Ron Marqués Del Valle 8 Años)
[2026-07-22 18:36:49]   [NO MATCH] EXI_719617 -> Sin registro certificado
[2026-07-22 18:36:49]   [OK] Bloque completado en 23.55s. Acumulado: 958 con INVIMA, 592 sin registro.

[2026-07-22 18:36:51] === Bloque 156/174 (90.1%) | Modelo: deepseek-v4-flash | Procesando 1551 a 1560 de 1731 ===
[2026-07-22 18:37:06]   [MATCH] EXI_719930 -> INVIMA L-002813 (Vino Blanco Morande Gran Reserva Chardonnay)
[2026-07-22 18:37:06]   [MATCH] EXI_721058 -> INVIMA L-002040 (Aguardiente Nectar)
[2026-07-22 18:37:06]   [NO MATCH] EXI_721201 -> Sin registro certificado
[2026-07-22 18:37:06]   [MATCH] EXI_721457 -> INVIMA 2007L-0003374 (Ron Viejo De Caldas Tradicional)
[2026-07-22 18:37:06]   [MATCH] EXI_721460 -> INVIMA 2007L-0003374 (Ron Viejo De Caldas Tradicional)
[2026-07-22 18:37:06]   [MATCH] EXI_722077 -> INVIMA L-001341 (Champagne Veuve Clicquot Ponsardin Demi Sec)
[2026-07-22 18:37:06]   [MATCH] EXI_724186 -> INVIMA L-000814 (Vino Blanco  Santiago Ruiz)
[2026-07-22 18:37:06]   [MATCH] EXI_726164 -> INVIMA 2013L-0006772 (Vino Tinto Trapiche Reserva Malbec)
[2026-07-22 18:37:06]   [MATCH] EXI_729135 -> INVIMA 2019L-0010121 (Vino Rosado Beronia Tempranillo)
[2026-07-22 18:37:06]   [MATCH] EXI_730542 -> INVIMA 2003L-0001257 (Aguardiente Nectar Club Sin Azúcar)
[2026-07-22 18:37:06]   [OK] Bloque completado en 14.66s. Acumulado: 967 con INVIMA, 593 sin registro.

[2026-07-22 18:37:08] === Bloque 157/174 (90.7%) | Modelo: deepseek-v4-flash | Procesando 1561 a 1570 de 1731 ===
[2026-07-22 18:37:31]   [MATCH] EXI_732039 -> INVIMA 2003L-0001257 (Aguardiente Nectar Club Sin Azúcar)
[2026-07-22 18:37:31]   [MATCH] EXI_736084 -> INVIMA 2008L-0003996 (Vino Rosado Calvet Rose D Anjou Marca Calvet)
[2026-07-22 18:37:31]   [MATCH] EXI_737404 -> INVIMA 2015L-0007504 (Vino Espumoso Rosado Ice  Jp Chenet)
[2026-07-22 18:37:31]   [NO MATCH] EXI_740240 -> Sin registro certificado
[2026-07-22 18:37:31]   [MATCH] EXI_740880 -> INVIMA 2007L-0003510 (Ron Santafe Añejo)
[2026-07-22 18:37:31]   [NO MATCH] EXI_740881 -> Sin registro certificado
[2026-07-22 18:37:31]   [NO MATCH] EXI_748519 -> Sin registro certificado
[2026-07-22 18:37:31]   [MATCH] EXI_752542 -> INVIMA 2018L-0009708 (Ron Viejo De Caldas 8 Carta De Oro)
[2026-07-22 18:37:31]   [MATCH] EXI_753164 -> INVIMA 2005L-0002331 (Ron Viejo De Caldas-Juan De La Cruz 5 Años)
[2026-07-22 18:37:31]   [MATCH] EXI_754939 -> INVIMA 2017L-0009049 (Vino Tinto Reserva Malbec Marca La Celia)
[2026-07-22 18:37:31]   [OK] Bloque completado en 22.68s. Acumulado: 974 con INVIMA, 596 sin registro.

[2026-07-22 18:37:33] === Bloque 158/174 (91.3%) | Modelo: deepseek-v4-flash | Procesando 1571 a 1580 de 1731 ===
[2026-07-22 18:37:54]   [MATCH] EXI_756543 -> INVIMA 2022L-0011539 (Vino Tinto Gran Reserva Merlot Marca Castillo De Molina)
[2026-07-22 18:37:54]   [NO MATCH] EXI_757214 -> Sin registro certificado
[2026-07-22 18:37:54]   [MATCH] EXI_758076 -> INVIMA 2013L-0006380 (Vino Blanco Castillo De Molina Reserva Sauvignon Blanc)
[2026-07-22 18:37:54]   [MATCH] EXI_758078 -> INVIMA 2002L-0000717 (Vino Tinto Cabernet Sauvignon Marca 1865)
[2026-07-22 18:37:54]   [MATCH] EXI_759003 -> INVIMA L-000347 (Carlo Rossi Red Vino Tinto)
[2026-07-22 18:37:54]   [MATCH] EXI_759004 -> INVIMA 2015L-0007560 (Vino Blanco Carlo Rossi White)
[2026-07-22 18:37:54]   [MATCH] EXI_760864 -> INVIMA 2003L-0001138 (Vino Tinto Crianza Marca Marqués De Caceres)
[2026-07-22 18:37:54]   [NO MATCH] EXI_762600 -> Sin registro certificado
[2026-07-22 18:37:54]   [MATCH] EXI_762861 -> L-004745 (Whisky Clan Macgregor)
[2026-07-22 18:37:54]   [MATCH] EXI_763154 -> INVIMA L-002650 (Whisky Escoces Buchanan'S Special Reserve 40º)
[2026-07-22 18:37:54]   [OK] Bloque completado en 20.09s. Acumulado: 982 con INVIMA, 598 sin registro.

[2026-07-22 18:37:56] === Bloque 159/174 (91.9%) | Modelo: deepseek-v4-flash | Procesando 1581 a 1590 de 1731 ===
[2026-07-22 18:38:23]   [NO MATCH] EXI_763156 -> Sin registro certificado
[2026-07-22 18:38:23]   [NO MATCH] EXI_763316 -> Sin registro certificado
[2026-07-22 18:38:23]   [MATCH] EXI_763317 -> INVIMA L-000522 (Cognac Marca Hennessy Vs)
[2026-07-22 18:38:23]   [NO MATCH] EXI_765538 -> Sin registro certificado
[2026-07-22 18:38:23]   [MATCH] EXI_766475 -> INVIMA 2014L-0007369 (Vino Tinto Cabernet Sauvignon Yellow Tail)
[2026-07-22 18:38:23]   [MATCH] EXI_766594 -> INVIMA 2014L-0007369 (Vino Tinto Shiraz Yellow Tail)
[2026-07-22 18:38:23]   [MATCH] EXI_766689 -> INVIMA 2014L-0007369 (Vino Tinto Merlot Yellow Tail)
[2026-07-22 18:38:23]   [MATCH] EXI_766756 -> INVIMA 2014L-0007399 (Vino Blanco Chardonnay Yellow Tail)
[2026-07-22 18:38:23]   [MATCH] EXI_767381 -> INVIMA L-002893 (Vino Tinto Arienzo De Marques De Riscal Crianza)
[2026-07-22 18:38:23]   [MATCH] EXI_767639 -> INVIMA 2006L-0003127 (Vino Tinto Casa Silva Gran Terroir Merlot)
[2026-07-22 18:38:23]   [OK] Bloque completado en 26.76s. Acumulado: 989 con INVIMA, 601 sin registro.

[2026-07-22 18:38:25] === Bloque 160/174 (92.4%) | Modelo: deepseek-v4-flash | Procesando 1591 a 1600 de 1731 ===
[2026-07-22 18:38:43]   [NO MATCH] EXI_767762 -> Sin registro certificado
[2026-07-22 18:38:43]   [NO MATCH] EXI_768326 -> Sin registro certificado
[2026-07-22 18:38:43]   [MATCH] EXI_768786 -> INVIMA 2010L-0004702 (Vino Tinto Merlot Marca Gato Negro)
[2026-07-22 18:38:43]   [NO MATCH] EXI_768790 -> Sin registro certificado
[2026-07-22 18:38:43]   [MATCH] EXI_768791 -> INVIMA L-000564 (Vino Tinto Castillo De Liria)
[2026-07-22 18:38:43]   [NO MATCH] EXI_769312 -> Sin registro certificado
[2026-07-22 18:38:43]   [NO MATCH] EXI_769328 -> Sin registro certificado
[2026-07-22 18:38:43]   [NO MATCH] EXI_769665 -> Sin registro certificado
[2026-07-22 18:38:43]   [MATCH] EXI_771750 -> INVIMA 2008L-0003837 (Tequila Añejo 100 % De Agave Reserva  1800)
[2026-07-22 18:38:43]   [NO MATCH] EXI_771785 -> Sin registro certificado
[2026-07-22 18:38:43]   [OK] Bloque completado en 17.87s. Acumulado: 992 con INVIMA, 608 sin registro.

[2026-07-22 18:38:46] === Bloque 161/174 (93.0%) | Modelo: deepseek-v4-flash | Procesando 1601 a 1610 de 1731 ===
[2026-07-22 18:39:06]   [NO MATCH] EXI_771874 -> Sin registro certificado
[2026-07-22 18:39:06]   [MATCH] EXI_772442 -> L-003436 (Vino Tinto Reserva Marques De Riscal D O C Rioja)
[2026-07-22 18:39:06]   [MATCH] EXI_773127 -> L-003444 (Vino Blanco Marqués De Riscal Verdejo D.O. Rueda)
[2026-07-22 18:39:06]   [MATCH] EXI_773710 -> INVIMA 2006L-0002869 (Licor Triple Sec Blue Marca Convier)
[2026-07-22 18:39:06]   [NO MATCH] EXI_777670 -> Sin registro certificado
[2026-07-22 18:39:06]   [MATCH] EXI_777695 -> INVIMA 2009L-0004500 (Vino Rosado Rose Espumoso Royal Marca Undurraga)
[2026-07-22 18:39:06]   [NO MATCH] EXI_777982 -> Sin registro certificado
[2026-07-22 18:39:06]   [MATCH] EXI_778414 -> INVIMA L-004478 (Vino Dr Meister Liebfraumilch)
[2026-07-22 18:39:06]   [NO MATCH] EXI_783069 -> Sin registro certificado
[2026-07-22 18:39:06]   [NO MATCH] EXI_783173 -> Sin registro certificado
[2026-07-22 18:39:06]   [OK] Bloque completado en 20.19s. Acumulado: 997 con INVIMA, 613 sin registro.

[2026-07-22 18:39:08] === Bloque 162/174 (93.6%) | Modelo: deepseek-v4-flash | Procesando 1611 a 1620 de 1731 ===
[2026-07-22 18:39:29]   [MATCH] EXI_783341 -> INVIMA 2022L-0011726 (Vino Rosado Viña Maipo Classic Series Rose)
[2026-07-22 18:39:29]   [MATCH] EXI_783523 -> INVIMA 2018L-0009293 (Vino Tinto Cabernet Sauvignon - Malbec Marca Estancia Mendoza)
[2026-07-22 18:39:29]   [MATCH] EXI_783730 -> INVIMA 2007L-0003560 (Vino Burbujeante De Durazno Marca Convier)
[2026-07-22 18:39:29]   [NO MATCH] EXI_784789 -> Sin registro certificado
[2026-07-22 18:39:29]   [NO MATCH] EXI_784975 -> Sin registro certificado
[2026-07-22 18:39:29]   [MATCH] EXI_787195 -> INVIMA 2006L-0002890 (Vino Blanco Late Harvest Reserva Especial Marca Undurraga)
[2026-07-22 18:39:29]   [NO MATCH] EXI_79223 -> Sin registro certificado
[2026-07-22 18:39:29]   [MATCH] EXI_794269 -> INVIMA 2007L-0003374 (Ron Viejo De Caldas Tradicional)
[2026-07-22 18:39:29]   [MATCH] EXI_794723 -> L-004163 (Ron Medellin Añejo)
[2026-07-22 18:39:29]   [NO MATCH] EXI_797019 -> Sin registro certificado
[2026-07-22 18:39:29]   [OK] Bloque completado en 20.35s. Acumulado: 1003 con INVIMA, 617 sin registro.

[2026-07-22 18:39:31] === Bloque 163/174 (94.2%) | Modelo: deepseek-v4-flash | Procesando 1621 a 1630 de 1731 ===
[2026-07-22 18:39:46]   [MATCH] EXI_798143 -> INVIMA 2006L-0002817 (Vino Tinto Malbec Reserva Terrazas De Los Andes)
[2026-07-22 18:39:46]   [MATCH] EXI_799350 -> INVIMA 2006L-0002821 (Vino Tinto Cabernet Sauvignon Reserva Terrazas De Los Andes)
[2026-07-22 18:39:46]   [NO MATCH] EXI_801009 -> Sin registro certificado
[2026-07-22 18:39:46]   [NO MATCH] EXI_801110 -> Sin registro certificado
[2026-07-22 18:39:46]   [MATCH] EXI_801370 -> INVIMA 2006L-0002820 (Vino Blanco Chardonnay Reserva Terrazas De Los Andes)
[2026-07-22 18:39:46]   [MATCH] EXI_802781 -> INVIMA 2006L-0002626 (Vino Tinto Malbec Reserva  Familia Zuccardi)
[2026-07-22 18:39:46]   [NO MATCH] EXI_803005 -> Sin registro certificado
[2026-07-22 18:39:46]   [MATCH] EXI_805506 -> INVIMA 2023L-0012326 (Gin London Dry Bulldog)
[2026-07-22 18:39:46]   [MATCH] EXI_805806 -> INVIMA 2012L-0006126 (Gin Citadelle)
[2026-07-22 18:39:46]   [NO MATCH] EXI_806697 -> Sin registro certificado
[2026-07-22 18:39:46]   [OK] Bloque completado en 15.02s. Acumulado: 1009 con INVIMA, 621 sin registro.

[2026-07-22 18:39:48] === Bloque 164/174 (94.7%) | Modelo: deepseek-v4-flash | Procesando 1631 a 1640 de 1731 ===
[2026-07-22 18:40:06]   [NO MATCH] EXI_806729 -> Sin registro certificado
[2026-07-22 18:40:06]   [NO MATCH] EXI_806937 -> Sin registro certificado
[2026-07-22 18:40:06]   [NO MATCH] EXI_806963 -> Sin registro certificado
[2026-07-22 18:40:06]   [MATCH] EXI_807327 -> INVIMA 2004L-0001493 (Vino Tinto Syrah Shiraz – Sirah Marca Alamos)
[2026-07-22 18:40:06]   [MATCH] EXI_811754 -> INVIMA 2019L-0010148 (Vino Tinto Malbec Marca Santa Ana)
[2026-07-22 18:40:06]   [MATCH] EXI_812798 -> INVIMA L-000937 (Sangria Don Simon)
[2026-07-22 18:40:06]   [NO MATCH] EXI_813768 -> Sin registro certificado
[2026-07-22 18:40:06]   [NO MATCH] EXI_82286 -> Sin registro certificado
[2026-07-22 18:40:06]   [MATCH] EXI_828155 -> INVIMA 2006L-0002749 (Veuve Clicquot Ponsardin Brut Rose Marca Veuve Clicquot)
[2026-07-22 18:40:06]   [NO MATCH] EXI_828466 -> Sin registro certificado
[2026-07-22 18:40:06]   [OK] Bloque completado en 17.21s. Acumulado: 1013 con INVIMA, 627 sin registro.

[2026-07-22 18:40:08] === Bloque 165/174 (95.3%) | Modelo: deepseek-v4-flash | Procesando 1641 a 1650 de 1731 ===
[2026-07-22 18:40:35]   [MATCH] EXI_828481 -> INVIMA 2018L-0009586 (Vino Tinto Cabernet Franc Marca Angelica Zapata)
[2026-07-22 18:40:35]   [MATCH] EXI_828675 -> INVIMA 2018L-0009586 (Vino Tinto Malbec Marca Angelica Zapata)
[2026-07-22 18:40:35]   [MATCH] EXI_828865 -> INVIMA 2016L-0008039 (Ron Reserva 8 Años Marca  Bacardi)
[2026-07-22 18:40:35]   [MATCH] EXI_835404 -> INVIMA 2018L-0009304 (Aguardiente Antioqueño Real Sin Azucar Adicionado)
[2026-07-22 18:40:35]   [MATCH] EXI_843244 -> INVIMA 2008L-0004111 (Vino Rosado Syrah  Las Moras)
[2026-07-22 18:40:35]   [MATCH] EXI_844437 -> INVIMA 2013L-0006918 (Champagne Moet & Chandon Ice Imperial)
[2026-07-22 18:40:35]   [MATCH] EXI_846957 -> INVIMA 2016L-0008065 (Vino Tinto Merlot Santa Rita Tres Medallas)
[2026-07-22 18:40:35]   [MATCH] EXI_847003 -> INVIMA 2016L-0008065 (Vino Tinto Merlot Santa Rita Tres Medallas)
[2026-07-22 18:40:35]   [MATCH] EXI_847099 -> INVIMA 2016L-0008065 (Vino Tinto Merlot Santa Rita Tres Medallas)
[2026-07-22 18:40:35]   [MATCH] EXI_847149 -> INVIMA 2016L-0008062 (Vino Blanco Sauvignon Blanc Santa Rita Tres Medallas)
[2026-07-22 18:40:35]   [OK] Bloque completado en 27.0s. Acumulado: 1023 con INVIMA, 627 sin registro.

[2026-07-22 18:40:38] === Bloque 166/174 (95.9%) | Modelo: deepseek-v4-flash | Procesando 1651 a 1660 de 1731 ===
[2026-07-22 18:41:11]   [MATCH] EXI_848463 -> INVIMA 2013L-0006367 (Vino Blanco Sauvignon Blanc Marca Portillo)
[2026-07-22 18:41:11]   [MATCH] EXI_849067 -> INVIMA 2018L-0009689 (Vino Tinto Merlot Marca Portillo)
[2026-07-22 18:41:11]   [NO MATCH] EXI_853127 -> Sin registro certificado
[2026-07-22 18:41:11]   [MATCH] EXI_853723 -> INVIMA 2011L-0005674 (Vino Carlo Rossi California Rose)
[2026-07-22 18:41:11]   [NO MATCH] EXI_854131 -> Sin registro certificado
[2026-07-22 18:41:11]   [MATCH] EXI_854718 -> INVIMA 2024L-0013090 (Vino Blanco Dulce Cosecha Tardia Norton)
[2026-07-22 18:41:11]   [NO MATCH] EXI_854721 -> Sin registro certificado
[2026-07-22 18:41:11]   [MATCH] EXI_865477 -> INVIMA 2017L-0008940 (Vino Blanco Tarapacá Sauvignon Blanc)
[2026-07-22 18:41:11]   [NO MATCH] EXI_867745 -> Sin registro certificado
[2026-07-22 18:41:11]   [MATCH] EXI_868150 -> INVIMA 2013L-0006546 (Vino Tinto Malbec Reserva Marca Norton)
[2026-07-22 18:41:11]   [OK] Bloque completado en 33.53s. Acumulado: 1029 con INVIMA, 631 sin registro.

[2026-07-22 18:41:14] === Bloque 167/174 (96.5%) | Modelo: deepseek-v4-flash | Procesando 1661 a 1670 de 1731 ===
[2026-07-22 18:41:38]   [MATCH] EXI_869340 -> INVIMA 2019L-0009953 (Vino Blanco Sauvignon Blanc Marca Viña Maipo Mi Pueblo)
[2026-07-22 18:41:38]   [MATCH] EXI_869344 -> INVIMA 2019L-0009952 (Vino Tinto Cabernet Sauvignon Marca Viña Maipo Mi Pueblo)
[2026-07-22 18:41:38]   [MATCH] EXI_871736 -> INVIMA 2013L-0006772 (Vino Tinto Trapiche Reserva Cabernet Sauvignon)
[2026-07-22 18:41:38]   [MATCH] EXI_871737 -> INVIMA 2013L-0006772 (Vino Tinto Trapiche Reserva Merlot)
[2026-07-22 18:41:38]   [MATCH] EXI_872538 -> INVIMA 2018L-0009294 (Vino Blanco Sauvignon Blanc Aoc Bordeaux Marca Mouton Cadet)
[2026-07-22 18:41:38]   [MATCH] EXI_878553 -> INVIMA 2006L-0002665 (Dalwhinnie 15 Yo Single Malt Whisky)
[2026-07-22 18:41:38]   [MATCH] EXI_879011 -> INVIMA 2002L-0000908 (Vino Tinto Igp Pays Doc Jp Chenet Merlot)
[2026-07-22 18:41:38]   [MATCH] EXI_879012 -> INVIMA 2010L-0004702 (Vino Tinto Cabernet Sauvignon Merlot Marca Gato Negro)
[2026-07-22 18:41:38]   [MATCH] EXI_880238 -> INVIMA 2014L-0007127 (Vino Espumoso Anna De Codorniu Blanc De Blancs Reserva Brut)
[2026-07-22 18:41:38]   [NO MATCH] EXI_882476 -> Sin registro certificado
[2026-07-22 18:41:38]   [OK] Bloque completado en 23.69s. Acumulado: 1038 con INVIMA, 632 sin registro.

[2026-07-22 18:41:40] === Bloque 168/174 (97.1%) | Modelo: deepseek-v4-flash | Procesando 1671 a 1680 de 1731 ===
[2026-07-22 18:42:03]   [NO MATCH] EXI_888659 -> Sin registro certificado
[2026-07-22 18:42:03]   [MATCH] EXI_890117 -> INVIMA 2014L-0007299 (Tequila Silver Marca Olmeca)
[2026-07-22 18:42:03]   [MATCH] EXI_891120 -> INVIMA 2017L-0008927 (Vino Malbec Rose Reserva Marca Viu Manenet)
[2026-07-22 18:42:03]   [MATCH] EXI_894020 -> INVIMA 2016L-0008033 (Vino Tinto Marca Cruzares)
[2026-07-22 18:42:03]   [MATCH] EXI_894119 -> INVIMA 2016L-0008033 (Vino Rosado Marca Cruzares)
[2026-07-22 18:42:03]   [MATCH] EXI_894139 -> INVIMA 2016L-0008033 (Vino Blanco Marca Cruzares)
[2026-07-22 18:42:03]   [MATCH] EXI_898553 -> INVIMA L-000936 (Vino Tinto Seleccion Don Simon)
[2026-07-22 18:42:03]   [MATCH] EXI_898554 -> INVIMA L-000938 (Vino Blanco Seleccion Don Simon)
[2026-07-22 18:42:03]   [MATCH] EXI_902221 -> INVIMA 2001L-0000286 (Smirnoff Ice Bebida Alcoholica Mixta De Vodka Con Sabor A Limon)
[2026-07-22 18:42:03]   [MATCH] EXI_902271 -> INVIMA 2001L-0000286 (Smirnoff Ice Bebida Alcoholica Mixta De Vodka Con Sabor A Limon)
[2026-07-22 18:42:03]   [OK] Bloque completado en 22.88s. Acumulado: 1047 con INVIMA, 633 sin registro.

[2026-07-22 18:42:06] === Bloque 169/174 (97.6%) | Modelo: deepseek-v4-flash | Procesando 1681 a 1690 de 1731 ===
[2026-07-22 18:42:34]   [MATCH] EXI_902302 -> INVIMA 2016L-0008438 (Aguardiente  Antioqueño 24° Sin Azúcar)
[2026-07-22 18:42:34]   [MATCH] EXI_90749 -> INVIMA 2010L-0005040 (Tequila Herradura Plata 100 % De Agave)
[2026-07-22 18:42:34]   [MATCH] EXI_912431 -> INVIMA 2017L-0008820 (Vino Blanco Indomita Gran Reserva Chardonnay)
[2026-07-22 18:42:34]   [MATCH] EXI_912931 -> INVIMA 2015L-0007681 (Vino Blanco Chardonnay Gato Negro)
[2026-07-22 18:42:34]   [NO MATCH] EXI_916715 -> Sin registro certificado
[2026-07-22 18:42:34]   [MATCH] EXI_917653 -> INVIMA L-000410 (Vino Tinto Santa Rita 120 Reserva Especial Cabernet Sauvignon)
[2026-07-22 18:42:34]   [MATCH] EXI_917665 -> INVIMA 2005L-0002358 (Vino Blanco Santa Rita 120 Reserva Especial Sauvignon Blanc Marca Santa Rita)
[2026-07-22 18:42:34]   [MATCH] EXI_923194 -> INVIMA 2003L-0001257 (Aguardiente Nectar Club Sin Azúcar)
[2026-07-22 18:42:34]   [MATCH] EXI_927617 -> INVIMA 2016L-0008438 (Aguardiente  Antioqueño 24° Sin Azúcar)
[2026-07-22 18:42:34]   [MATCH] EXI_929371 -> INVIMA L-002481 (Vino Reservado Rosado Cabernet Sauvignon Rosé Marca Santa Carolina)
[2026-07-22 18:42:34]   [OK] Bloque completado en 27.99s. Acumulado: 1056 con INVIMA, 634 sin registro.

[2026-07-22 18:42:36] === Bloque 170/174 (98.2%) | Modelo: deepseek-v4-flash | Procesando 1691 a 1700 de 1731 ===
[2026-07-22 18:42:58]   [NO MATCH] EXI_934995 -> Sin registro certificado
[2026-07-22 18:42:58]   [MATCH] EXI_937055 -> INVIMA 2006L-0003139 (Brandy Marca Pedro Domecq)
[2026-07-22 18:42:58]   [MATCH] EXI_940377 -> INVIMA L-002162-R1 (Vino Tinto Santa Helena Siglo De Oro Reserva Merlot)
[2026-07-22 18:42:58]   [MATCH] EXI_94149 -> INVIMA L-000347 (Carlo Rossi Red Vino Tinto)
[2026-07-22 18:42:58]   [NO MATCH] EXI_943910 -> Sin registro certificado
[2026-07-22 18:42:58]   [NO MATCH] EXI_943918 -> Sin registro certificado
[2026-07-22 18:42:58]   [MATCH] EXI_944139 -> INVIMA 2019L-0010148 (Vino Rosado Rosé Marca Santa Ana)
[2026-07-22 18:42:58]   [MATCH] EXI_945437 -> INVIMA 2015L-0007504 (Vino Espumoso Rosado Ice  Jp Chenet)
[2026-07-22 18:42:58]   [NO MATCH] EXI_945485 -> Sin registro certificado
[2026-07-22 18:42:58]   [MATCH] EXI_951845 -> INVIMA 2009L-0004316 (Vino Tinto Carmenere  Marqués De Casa Concha)
[2026-07-22 18:42:58]   [OK] Bloque completado en 21.83s. Acumulado: 1062 con INVIMA, 638 sin registro.

[2026-07-22 18:43:01] === Bloque 171/174 (98.8%) | Modelo: deepseek-v4-flash | Procesando 1701 a 1710 de 1731 ===
[2026-07-22 18:43:17]   [MATCH] EXI_953151 -> INVIMA 2006L-0002890 (Vino Blanco Late Harvest Reserva Especial Marca Undurraga)
[2026-07-22 18:43:17]   [MATCH] EXI_95457 -> INVIMA 2015L-0007694 (Vino Espumoso Cava Brut Rosado Essential Pinot Noir Marca Juve Y Camps)
[2026-07-22 18:43:17]   [NO MATCH] EXI_955963 -> Sin registro certificado
[2026-07-22 18:43:17]   [MATCH] EXI_956499 -> INVIMA L-002509 (Whisky Escoces Johnnie Walker Red Label 40%)
[2026-07-22 18:43:17]   [MATCH] EXI_956500 -> INVIMA 2002L-0000705 (Vino Tinto Santa Rita 120 Reserva Especial Merlot)
[2026-07-22 18:43:17]   [MATCH] EXI_956502 -> INVIMA L-002655 (Whisky Scotch Escoces Old Parr 12 Yo Deluxe 40 º)
[2026-07-22 18:43:17]   [NO MATCH] EXI_956710 -> Sin registro certificado
[2026-07-22 18:43:17]   [MATCH] EXI_960258 -> INVIMA 2001L-0000302 (Vino Tinto Malbec Casillero Del Diablo Reserva)
[2026-07-22 18:43:17]   [MATCH] EXI_960402 -> INVIMA 2001L-0000308 (Vino Tinto Merlot Casillero Del Diablo Reserva)
[2026-07-22 18:43:17]   [MATCH] EXI_961290 -> INVIMA 2013L-0006772 (Vino Tinto Trapiche Reserva Malbec)
[2026-07-22 18:43:17]   [OK] Bloque completado en 16.6s. Acumulado: 1070 con INVIMA, 640 sin registro.

[2026-07-22 18:43:20] === Bloque 172/174 (99.4%) | Modelo: deepseek-v4-flash | Procesando 1711 a 1720 de 1731 ===
[2026-07-22 18:43:42]   [NO MATCH] EXI_961801 -> Sin registro certificado
[2026-07-22 18:43:42]   [NO MATCH] EXI_963404 -> Sin registro certificado
[2026-07-22 18:43:42]   [MATCH] EXI_964137 -> INVIMA 2007L-0003280 (Vino Tinto Tannat Roble Marca Pueblo Del Sol)
[2026-07-22 18:43:42]   [MATCH] EXI_965201 -> INVIMA L-000691 (Vino Espumoso Chandon Demisec)
[2026-07-22 18:43:42]   [MATCH] EXI_965966 -> INVIMA 2014L-0007248 (Vino Fino Blanco Colección Privada Chardonnay Navarro Correas)
[2026-07-22 18:43:42]   [MATCH] EXI_965969 -> INVIMA 2014L-0007284 (Vino Fino Tinto Malbec Marca Navarro Correas Coleccion Privada)
[2026-07-22 18:43:42]   [NO MATCH] EXI_965970 -> Sin registro certificado
[2026-07-22 18:43:42]   [NO MATCH] EXI_966710 -> Sin registro certificado
[2026-07-22 18:43:42]   [NO MATCH] EXI_966722 -> Sin registro certificado
[2026-07-22 18:43:42]   [NO MATCH] EXI_966728 -> Sin registro certificado
[2026-07-22 18:43:42]   [OK] Bloque completado en 21.84s. Acumulado: 1074 con INVIMA, 646 sin registro.

[2026-07-22 18:43:45] === Bloque 173/174 (99.9%) | Modelo: deepseek-v4-flash | Procesando 1721 a 1730 de 1731 ===
[2026-07-22 18:44:18]   [MATCH] EXI_966892 -> INVIMA 2003L-0001257 (Aguardiente Nectar Club Sin Azúcar)
[2026-07-22 18:44:18]   [MATCH] EXI_966936 -> INVIMA 2003L-0001257 (Aguardiente Nectar Club Sin Azúcar)
[2026-07-22 18:44:18]   [MATCH] EXI_969246 -> INVIMA 2012L-0006006 (Vino Tinto Joven Tempranillo  Laman)
[2026-07-22 18:44:18]   [NO MATCH] EXI_969255 -> Sin registro certificado
[2026-07-22 18:44:18]   [MATCH] EXI_969321 -> INVIMA 2012L-0006006 (Vino Blanco Joven Airén  Laman)
[2026-07-22 18:44:18]   [MATCH] EXI_977224 -> INVIMA 2014L-0007353 (Whisky Glenfiddich 15Yo)
[2026-07-22 18:44:18]   [NO MATCH] EXI_977516 -> Sin registro certificado
[2026-07-22 18:44:18]   [MATCH] EXI_982143 -> INVIMA 2015L-0007740 (Vino Tinto Lambrusco Reggiano Doc Marca Piccini)
[2026-07-22 18:44:18]   [MATCH] EXI_982265 -> INVIMA 2015L-0007740 (Vino Rosado Lambrusco Regiano Doc Marca Piccini)
[2026-07-22 18:44:18]   [MATCH] EXI_989947 -> INVIMA L-002657 (Whisky Scotch  Escocés  Buchanan ' S Deluxe 12Yo Marca Buchanan ´ S Deluxe)
[2026-07-22 18:44:18]   [OK] Bloque completado en 32.68s. Acumulado: 1082 con INVIMA, 648 sin registro.

[2026-07-22 18:44:18] === Bloque 174/174 (100.0%) | Modelo: deepseek-v4-flash | Procesando 1731 a 1731 de 1731 ===
[2026-07-22 18:44:22]   [MATCH] EXI_99754 -> INVIMA 2014L-0007425 (Ron Extra Añejo 5 Años Sin Azúcar Adicionado Ron Medellin)
[2026-07-22 18:44:22]   [OK] Bloque completado en 4.07s. Acumulado: 1083 con INVIMA, 648 sin registro.

[2026-07-22 18:44:22] ==================================================
[2026-07-22 18:44:22] PROCESO DE MATCHING DEEPSEEK FINALIZADO (4499.18s)
[2026-07-22 18:44:22]   Modelo utilizado       : deepseek-v4-flash
[2026-07-22 18:44:22]   Emparejados con exito : 1083
[2026-07-22 18:44:22]   Sin registro certificado: 648
[2026-07-22 18:44:22] ==================================================
[2026-07-22 18:46:49] Cargando productos oficiales de INVIMA desde la base de datos...
[2026-07-22 18:46:49] Total registros INVIMA cargados: 10972
[2026-07-22 18:46:49] Cargando productos maestros pendientes de Registro INVIMA...
[2026-07-22 18:46:49] Modelo seleccionado: deepseek-v4-flash
[2026-07-22 18:46:49] Productos a procesar en esta ejecucion: 10
[2026-07-22 18:46:53] === Bloque 1/2 (50.0%) | Modelo: deepseek-v4-flash | Procesando 1 a 5 de 10 ===
[2026-07-22 18:47:14]   [MATCH] EXI_1019112 -> INVIMA 2015L-0007858 (Vino Rosado Castillo De Molina Reserva Rose)
[2026-07-22 18:47:14]   [MATCH] EXI_102016 -> INVIMA 2014L-0007331 (Cerveza Dorada Club Colombia Marca Club Colombia Dorada)
[2026-07-22 18:47:14]   [MATCH] EXI_102127 -> INVIMA 2014L-0007331 (Cerveza Dorada Club Colombia Marca Club Colombia Dorada)
[2026-07-22 18:47:14]   [NO MATCH] EXI_1027924 -> Sin registro certificado
[2026-07-22 18:47:14]   [MATCH] EXI_1032165 -> INVIMA 2018L-0009371 (Vino Blanco Sauvignon Blanc, Vino Blanco Pinot Grigio Y Vino Blanco Torrontés Marca Argento)
[2026-07-22 18:47:14]   [OK] Bloque completado en 20.14s. Acumulado: 4 con INVIMA, 1 sin registro.

[2026-07-22 18:47:18] === Bloque 2/2 (100.0%) | Modelo: deepseek-v4-flash | Procesando 6 a 10 de 10 ===
[2026-07-22 18:47:37]   [NO MATCH] EXI_1036561 -> Sin registro certificado
[2026-07-22 18:47:37]   [NO MATCH] EXI_1047441 -> Sin registro certificado
[2026-07-22 18:47:37]   [NO MATCH] EXI_1049104 -> Sin registro certificado
[2026-07-22 18:47:37]   [NO MATCH] EXI_104928831 -> Sin registro certificado
[2026-07-22 18:47:37]   [NO MATCH] EXI_105022919 -> Sin registro certificado
[2026-07-22 18:47:37]   [OK] Bloque completado en 19.03s. Acumulado: 4 con INVIMA, 6 sin registro.

[2026-07-22 18:47:37] ==================================================
[2026-07-22 18:47:37] PROCESO DE MATCHING DEEPSEEK FINALIZADO (47.16s)
[2026-07-22 18:47:37]   Modelo utilizado       : deepseek-v4-flash
[2026-07-22 18:47:37]   Emparejados con exito : 4
[2026-07-22 18:47:37]   Sin registro certificado: 6
[2026-07-22 18:47:37] ==================================================
[2026-07-22 18:47:41] Cargando productos oficiales de INVIMA desde la base de datos...
[2026-07-22 18:47:41] Total registros INVIMA cargados: 10972
[2026-07-22 18:47:41] Cargando productos maestros pendientes de Registro INVIMA...
[2026-07-22 18:47:41] Modelo seleccionado: deepseek-v4-flash
[2026-07-22 18:47:41] Productos a procesar en esta ejecucion: 689
[2026-07-22 18:47:48] === Bloque 1/69 (1.5%) | Modelo: deepseek-v4-flash | Procesando 1 a 10 de 689 ===
[2026-07-22 18:48:23]   [NO MATCH] EXI_105053640 -> Sin registro certificado
[2026-07-22 18:48:23]   [NO MATCH] EXI_105053665 -> Sin registro certificado
[2026-07-22 18:48:23]   [MATCH] EXI_105360 -> INVIMA 2014L-0007371 (Cerveza Aguila)
[2026-07-22 18:48:23]   [NO MATCH] EXI_105929 -> Sin registro certificado
[2026-07-22 18:48:23]   [MATCH] EXI_105964 -> INVIMA 2014L-0007371 (Cerveza Aguila)
[2026-07-22 18:48:23]   [MATCH] EXI_1060500 -> INVIMA 2016L-0008330 (Cerveza Marca Gulden Draak.)
[2026-07-22 18:48:23]   [NO MATCH] EXI_1062588 -> Sin registro certificado
[2026-07-22 18:48:23]   [MATCH] EXI_1081914 -> INVIMA 2017L-0008684 (Cerveza Marca Duvel.)
[2026-07-22 18:48:23]   [MATCH] EXI_1093855 -> INVIMA 2014L-0007320 (Aperitivo No Vinico Aperiitivo Aperol"Aperol")
[2026-07-22 18:48:23]   [MATCH] EXI_1121595 -> INVIMA 2021L-0010934 (Vino Rosado Rose La Celia)
[2026-07-22 18:48:23]   [OK] Bloque completado en 35.28s. Acumulado: 6 con INVIMA, 4 sin registro.

[2026-07-22 18:48:30] === Bloque 2/69 (2.9%) | Modelo: deepseek-v4-flash | Procesando 11 a 20 de 689 ===
[2026-07-22 18:48:53]   [NO MATCH] EXI_1126293 -> Sin registro certificado
[2026-07-22 18:48:53]   [MATCH] EXI_1136703 -> INVIMA 2017L-0008802 (Cerveza Czech Beer Lager B:  Original Marca Czechvar)
[2026-07-22 18:48:53]   [MATCH] EXI_113937 -> INVIMA 2020L-0010700 (Vino Blanco Chardonnay Marca Frontera Premium)
[2026-07-22 18:48:53]   [MATCH] EXI_113968 -> INVIMA 2011L-0005534 (Cerveza Marca Aguila Light)
[2026-07-22 18:48:53]   [MATCH] EXI_115080 -> INVIMA 2011L-0005534 (Cerveza Marca Aguila Light)
[2026-07-22 18:48:53]   [NO MATCH] EXI_1160011 -> Sin registro certificado
[2026-07-22 18:48:53]   [NO MATCH] EXI_1160016 -> Sin registro certificado
[2026-07-22 18:48:53]   [MATCH] EXI_1170043 -> INVIMA 2005L-0002554 (Cerveza Alemana De Trigo Negra Pikantus Marca Erdinger Weissbrau)
[2026-07-22 18:48:53]   [MATCH] EXI_1170044 -> INVIMA 2015L-0007739 (Cerveza Alemana De Trigo Rubia Urweisse Marca Erdinger Weissbrau Marca Erdigner Weissbrau)
[2026-07-22 18:48:53]   [NO MATCH] EXI_1172078 -> Sin registro certificado
[2026-07-22 18:48:53]   [OK] Bloque completado en 22.48s. Acumulado: 12 con INVIMA, 8 sin registro.

[2026-07-22 18:49:00] === Bloque 3/69 (4.4%) | Modelo: deepseek-v4-flash | Procesando 21 a 30 de 689 ===
[2026-07-22 18:49:27]   [NO MATCH] EXI_1175773 -> Sin registro certificado
[2026-07-22 18:49:27]   [MATCH] EXI_117737 -> INVIMA 2019L-0009990 (Cerveza Kunstmann Gran Torobayo)
[2026-07-22 18:49:27]   [MATCH] EXI_1184470 -> INVIMA 2005L-0002444 (Cerveza " Budweiser ")
[2026-07-22 18:49:27]   [MATCH] EXI_119203 -> INVIMA 2021L-0010974 (Vino Solar 6 Rosé, Igp Cévennes; Vino Tinto Aigle Noir, Igp Pays D'Oc, Pinot Noir Marca Gérard Bertrand Marca Gerard Bertrand)
[2026-07-22 18:49:27]   [MATCH] EXI_1195238 -> INVIMA 2015L-0007834 (Cerveza Damm Barcelona Marca Estrella Damm.)
[2026-07-22 18:49:27]   [NO MATCH] EXI_120074 -> Sin registro certificado
[2026-07-22 18:49:27]   [MATCH] EXI_120087 -> L-000010 (Cerveza Clara Pilsen)
[2026-07-22 18:49:27]   [MATCH] EXI_122021 -> INVIMA 2014L-0007332 (Cerveza Poker)
[2026-07-22 18:49:27]   [NO MATCH] EXI_1231180 -> Sin registro certificado
[2026-07-22 18:49:27]   [MATCH] EXI_1233784 -> INVIMA 2017L-0008809 (Cerveza Schöfferhofer Hefeweizen Marca Schöfferhofer)
[2026-07-22 18:49:27]   [OK] Bloque completado en 27.13s. Acumulado: 19 con INVIMA, 11 sin registro.

[2026-07-22 18:49:34] === Bloque 4/69 (5.8%) | Modelo: deepseek-v4-flash | Procesando 31 a 40 de 689 ===
[2026-07-22 18:50:08]   [NO MATCH] EXI_1233786 -> Sin registro certificado
[2026-07-22 18:50:08]   [MATCH] EXI_123403 -> INVIMA 2014L-0007332 (Cerveza Poker)
[2026-07-22 18:50:08]   [NO MATCH] EXI_124248358 -> Sin registro certificado
[2026-07-22 18:50:08]   [MATCH] EXI_124248359 -> INVIMA 2022L-0011541 (Cerveza Dorada Marca Club Colombia)
[2026-07-22 18:50:08]   [MATCH] EXI_124248360 -> INVIMA 2014L-0007371 (Cerveza Aguila)
[2026-07-22 18:50:08]   [MATCH] EXI_124248361 -> INVIMA 2019L-0009826 (Cerveza Marca: Corona Extra)
[2026-07-22 18:50:08]   [MATCH] EXI_124248362 -> INVIMA 2008L-0004120 (Cerveza "Stella Artois" (Lager Beer))
[2026-07-22 18:50:08]   [MATCH] EXI_124354964 -> INVIMA 2014L-0007331 (Cerveza Dorada Club Colombia Marca Club Colombia Dorada)
[2026-07-22 18:50:08]   [NO MATCH] EXI_125263 -> Sin registro certificado
[2026-07-22 18:50:08]   [MATCH] EXI_1261276 -> INVIMA 2017L-0008873 (Vino Blanco Vii Y Vino Blanco Art Collection Viura Chardonnay; Vino Blanco Faustino Art Collection Fermentado En Barrica Y Vino Blanco Faustino Vii Verdejo Marca Faustino.)
[2026-07-22 18:50:08]   [OK] Bloque completado en 34.38s. Acumulado: 26 con INVIMA, 14 sin registro.

[2026-07-22 18:50:15] === Bloque 5/69 (7.3%) | Modelo: deepseek-v4-flash | Procesando 41 a 50 de 689 ===
[2026-07-22 18:50:46]   [NO MATCH] EXI_1264419 -> Sin registro certificado
[2026-07-22 18:50:46]   [MATCH] EXI_1269964 -> INVIMA 2023L-0012486 (Vino Blanco Santa Carolina Estelar 57 Chardonnay, Vino Blanco Santa Carolina Estelar 57 Sauvignon Blanc Marca Santa Carolina Estelar 57)
[2026-07-22 18:50:46]   [NO MATCH] EXI_127799 -> Sin registro certificado
[2026-07-22 18:50:46]   [MATCH] EXI_1278721 -> INVIMA 2017L-0008653 (Aguardiente-Wisky Ballantines 12 Years Old Blended Scotch Whisky Marca Ballantine´S. Marca Ballantine´ S)
[2026-07-22 18:50:46]   [MATCH] EXI_1310540 -> INVIMA 2003L-0001320 R1 (Cerveza Alemana De Trigo Negra "Erdinger")
[2026-07-22 18:50:46]   [NO MATCH] EXI_1311148 -> Sin registro certificado
[2026-07-22 18:50:46]   [NO MATCH] EXI_1311149 -> Sin registro certificado
[2026-07-22 18:50:46]   [NO MATCH] EXI_1311150 -> Sin registro certificado
[2026-07-22 18:50:46]   [NO MATCH] EXI_1311152 -> Sin registro certificado
[2026-07-22 18:50:46]   [NO MATCH] EXI_1311470 -> Sin registro certificado
[2026-07-22 18:50:46]   [OK] Bloque completado en 31.05s. Acumulado: 29 con INVIMA, 21 sin registro.

[2026-07-22 18:50:53] === Bloque 6/69 (8.7%) | Modelo: deepseek-v4-flash | Procesando 51 a 60 de 689 ===
[2026-07-22 18:51:21]   [NO MATCH] EXI_1313746 -> Sin registro certificado
[2026-07-22 18:51:21]   [NO MATCH] EXI_1313925 -> Sin registro certificado
[2026-07-22 18:51:21]   [NO MATCH] EXI_1314588 -> Sin registro certificado
[2026-07-22 18:51:21]   [NO MATCH] EXI_1318654 -> Sin registro certificado
[2026-07-22 18:51:21]   [NO MATCH] EXI_1324776 -> Sin registro certificado
[2026-07-22 18:51:21]   [MATCH] EXI_1327297 -> INVIMA 2016L-0008368 (Vino Vin Rouge A.O.P Beaujolais Villages,  Vin Rouge A.O.P Brouilly , Vin Rouge A.O.P Cotes Du Rhone, Vin Rouge A.O.P Moulin A Vent, Vin Blanc A.O.P Macon Villages, Vin Blanc A.O.P Poully Fuisse, Vin Rouge A.O.P Beaujolais Nouveau  Marca  "Georges Duboeuf")
[2026-07-22 18:51:21]   [NO MATCH] EXI_1327315 -> Sin registro certificado
[2026-07-22 18:51:21]   [MATCH] EXI_1337236 -> INVIMA 2016L-0008026 (Aguardiente-Wisky Whisky Escoces Finest Blended Marca William Lawson´S)
[2026-07-22 18:51:21]   [NO MATCH] EXI_134672 -> Sin registro certificado
[2026-07-22 18:51:21]   [NO MATCH] EXI_13495 -> Sin registro certificado
[2026-07-22 18:51:21]   [OK] Bloque completado en 27.12s. Acumulado: 31 con INVIMA, 29 sin registro.

[2026-07-22 18:51:30] === Bloque 7/69 (10.2%) | Modelo: deepseek-v4-flash | Procesando 61 a 70 de 689 ===
[2026-07-22 18:51:46]   [NO MATCH] EXI_1356712 -> Sin registro certificado
[2026-07-22 18:51:46]   [NO MATCH] EXI_1365747 -> Sin registro certificado
[2026-07-22 18:51:46]   [MATCH] EXI_1381787 -> INVIMA 2019L-0010236 (Vino Rose D´ Anjou Marca Club Des Sommeliers)
[2026-07-22 18:51:46]   [MATCH] EXI_139173 -> INVIMA 2016L-0008134 (Vino Blanco Indomita Costa Vera Sauvignon Blanc)
[2026-07-22 18:51:46]   [NO MATCH] EXI_1416207 -> Sin registro certificado
[2026-07-22 18:51:46]   [NO MATCH] EXI_1496712 -> Sin registro certificado
[2026-07-22 18:51:46]   [NO MATCH] EXI_1498036 -> Sin registro certificado
[2026-07-22 18:51:46]   [NO MATCH] EXI_1514540 -> Sin registro certificado
[2026-07-22 18:51:46]   [NO MATCH] EXI_1523314 -> Sin registro certificado
[2026-07-22 18:51:46]   [MATCH] EXI_1523316 -> INVIMA 2017L-0009084 (Vino Central Coast Pinot Noir Y Vino Sonoma County Pinot Noir (Reserve) Marca M Macmurray Estate Vineyards.)
[2026-07-22 18:51:46]   [OK] Bloque completado en 15.48s. Acumulado: 34 con INVIMA, 36 sin registro.

[2026-07-22 18:51:53] === Bloque 8/69 (11.6%) | Modelo: deepseek-v4-flash | Procesando 71 a 80 de 689 ===
[2026-07-22 18:52:11]   [MATCH] EXI_1523347 -> INVIMA 2018L-0009663 (Cerveza Lager Beer Marca Singha)
[2026-07-22 18:52:11]   [MATCH] EXI_1523419 -> INVIMA 2018L-0009663 (Cerveza Lager Beer Marca Singha)
[2026-07-22 18:52:11]   [NO MATCH] EXI_1523741 -> Sin registro certificado
[2026-07-22 18:52:11]   [NO MATCH] EXI_1523746 -> Sin registro certificado
[2026-07-22 18:52:11]   [NO MATCH] EXI_1523753 -> Sin registro certificado
[2026-07-22 18:52:11]   [NO MATCH] EXI_1523754 -> Sin registro certificado
[2026-07-22 18:52:11]   [MATCH] EXI_1524422 -> INVIMA 2019L-0009834 (Vino Backbone Cabernet Sauvignon California, Vino Unabashed Zinfandel California Marca Motto.)
[2026-07-22 18:52:11]   [MATCH] EXI_1524424 -> INVIMA 2019L-0009834 (Vino Backbone Cabernet Sauvignon California, Vino Unabashed Zinfandel California Marca Motto.)
[2026-07-22 18:52:11]   [NO MATCH] EXI_153109 -> Sin registro certificado
[2026-07-22 18:52:11]   [NO MATCH] EXI_154557 -> Sin registro certificado
[2026-07-22 18:52:11]   [OK] Bloque completado en 17.76s. Acumulado: 38 con INVIMA, 42 sin registro.

[2026-07-22 18:52:19] === Bloque 9/69 (13.1%) | Modelo: deepseek-v4-flash | Procesando 81 a 90 de 689 ===
[2026-07-22 18:52:42]   [NO MATCH] EXI_156130 -> Sin registro certificado
[2026-07-22 18:52:42]   [MATCH] EXI_1568106 -> INVIMA 2011L-0005491 (Vino Espumoso Champagne Taittinger Brut Réserve, Champagne Taittinger Brut Prestige Rosé. Champagne Taittinger Prelude Grands Crus Brut Marca Taittinger.)
[2026-07-22 18:52:42]   [NO MATCH] EXI_1569551 -> Sin registro certificado
[2026-07-22 18:52:42]   [MATCH] EXI_1570514 -> INVIMA L-000630 (Cerveza Costeña)
[2026-07-22 18:52:42]   [MATCH] EXI_1570515 -> INVIMA L-000630 (Cerveza Costeña)
[2026-07-22 18:52:42]   [NO MATCH] EXI_1588303 -> Sin registro certificado
[2026-07-22 18:52:42]   [NO MATCH] EXI_1588304 -> Sin registro certificado
[2026-07-22 18:52:42]   [NO MATCH] EXI_1588305 -> Sin registro certificado
[2026-07-22 18:52:42]   [NO MATCH] EXI_1603307 -> Sin registro certificado
[2026-07-22 18:52:42]   [MATCH] EXI_1623919 -> INVIMA 2013L-0006438 (Cerveza Honigale "Kunstmann".)
[2026-07-22 18:52:42]   [OK] Bloque completado en 23.21s. Acumulado: 42 con INVIMA, 48 sin registro.

[2026-07-22 18:52:50] === Bloque 10/69 (14.5%) | Modelo: deepseek-v4-flash | Procesando 91 a 100 de 689 ===
[2026-07-22 18:53:17]   [NO MATCH] EXI_1627416 -> Sin registro certificado
[2026-07-22 18:53:17]   [MATCH] EXI_1638144 -> INVIMA 2017L-0008835 (Vino Blanco Macabeo Marca Gusto Alvisa)
[2026-07-22 18:53:17]   [MATCH] EXI_1639016 -> INVIMA 2018L-0009523 (Cerveza, Marca Innis & Gunn Original)
[2026-07-22 18:53:17]   [MATCH] EXI_1663468 -> INVIMA 2019L-0009827 (Cerveza Marca Coronita Extra)
[2026-07-22 18:53:17]   [MATCH] EXI_1663469 -> INVIMA 2019L-0009826 (Cerveza Marca:  Corona Extra)
[2026-07-22 18:53:17]   [NO MATCH] EXI_1666102 -> Sin registro certificado
[2026-07-22 18:53:17]   [MATCH] EXI_1673964 -> INVIMA 2019L-0010292 (Cerveza Marca Duff)
[2026-07-22 18:53:17]   [MATCH] EXI_1673965 -> INVIMA 2019L-0010292 (Cerveza Marca Duff)
[2026-07-22 18:53:17]   [NO MATCH] EXI_1685221 -> Sin registro certificado
[2026-07-22 18:53:17]   [NO MATCH] EXI_1686004 -> Sin registro certificado
[2026-07-22 18:53:17]   [OK] Bloque completado en 27.8s. Acumulado: 48 con INVIMA, 52 sin registro.

[2026-07-22 18:53:25] === Bloque 11/69 (16.0%) | Modelo: deepseek-v4-flash | Procesando 101 a 110 de 689 ===
[2026-07-22 18:53:43]   [MATCH] EXI_1691665 -> INVIMA 2019L-0009987 (Cerveza Extra White Marca Vedett)
[2026-07-22 18:53:43]   [MATCH] EXI_1691667 -> INVIMA 2019L-0009986 (Cerveza Extra Ipa Marca Vedett Ipa Extra Odinary)
[2026-07-22 18:53:43]   [MATCH] EXI_1692072 -> INVIMA 2011L-0005534 (Cerveza Marca Aguila Light)
[2026-07-22 18:53:43]   [MATCH] EXI_1703972 -> INVIMA 2018L-0009436 (Cerveza Marca Andina Light)
[2026-07-22 18:53:43]   [MATCH] EXI_1703973 -> INVIMA 2018L-0009436 (Cerveza Marca Andina Light)
[2026-07-22 18:53:43]   [MATCH] EXI_1703974 -> INVIMA 2018L-0009414 (Cerveza Marca Andina)
[2026-07-22 18:53:43]   [NO MATCH] EXI_1705623 -> Sin registro certificado
[2026-07-22 18:53:43]   [NO MATCH] EXI_1705629 -> Sin registro certificado
[2026-07-22 18:53:43]   [MATCH] EXI_1706817 -> INVIMA 2017L-0008794 (Aguardiente-Ginebra Gin Astutto)
[2026-07-22 18:53:43]   [NO MATCH] EXI_170733 -> Sin registro certificado
[2026-07-22 18:53:43]   [OK] Bloque completado en 17.6s. Acumulado: 55 con INVIMA, 55 sin registro.

[2026-07-22 18:53:51] === Bloque 12/69 (17.4%) | Modelo: deepseek-v4-flash | Procesando 111 a 120 de 689 ===
[2026-07-22 18:54:11]   [MATCH] EXI_1708367 -> INVIMA 2017L-0008828 (Vino Blanco Sauvignon Blanc Reserva, Vino Tinto Merlot Reserva, Vino Tinto Malbec Reserva, Vino Blanco Verdejo, Vino Tinto Tempranillo Reserva Y Vino Tinto Sangiovese Marca Alto De Los Carneros)
[2026-07-22 18:54:11]   [NO MATCH] EXI_1709525 -> Sin registro certificado
[2026-07-22 18:54:11]   [NO MATCH] EXI_1709620 -> Sin registro certificado
[2026-07-22 18:54:11]   [NO MATCH] EXI_1709621 -> Sin registro certificado
[2026-07-22 18:54:11]   [NO MATCH] EXI_1717090 -> Sin registro certificado
[2026-07-22 18:54:11]   [MATCH] EXI_1740291 -> INVIMA 2005L-0002444 (Cerveza " Budweiser ")
[2026-07-22 18:54:11]   [NO MATCH] EXI_1743885 -> Sin registro certificado
[2026-07-22 18:54:11]   [NO MATCH] EXI_1743886 -> Sin registro certificado
[2026-07-22 18:54:11]   [MATCH] EXI_1743913 -> INVIMA L-001272 (Vino Blanco Santa Rita Medalla Real Gran Reserva Sauvignon Blanc)
[2026-07-22 18:54:11]   [NO MATCH] EXI_1744368 -> Sin registro certificado
[2026-07-22 18:54:11]   [OK] Bloque completado en 19.4s. Acumulado: 58 con INVIMA, 62 sin registro.

[2026-07-22 18:54:20] === Bloque 13/69 (18.9%) | Modelo: deepseek-v4-flash | Procesando 121 a 130 de 689 ===
[2026-07-22 18:54:38]   [MATCH] EXI_1749564 -> INVIMA 2019L-0009918 (Vino Tinto Malbec Bonarda Tintillo Marca Santa Julia)
[2026-07-22 18:54:38]   [MATCH] EXI_1769300 -> INVIMA 2020L-0010489 (Cerveza Marca Costeña Bacana Marca Cerveza Costeña Bacana)
[2026-07-22 18:54:38]   [MATCH] EXI_1769330 -> INVIMA 2020L-0010489 (Cerveza Marca Costeña Bacana Marca Cerveza Costeña Bacana)
[2026-07-22 18:54:38]   [MATCH] EXI_1790742 -> INVIMA 2019L-0010348 (Cerveza Vino Tinto Tempranillo Ecologico Roble Marca De Alort)
[2026-07-22 18:54:38]   [NO MATCH] EXI_180101 -> Sin registro certificado
[2026-07-22 18:54:38]   [NO MATCH] EXI_180639 -> Sin registro certificado
[2026-07-22 18:54:38]   [NO MATCH] EXI_180674 -> Sin registro certificado
[2026-07-22 18:54:38]   [NO MATCH] EXI_181322 -> Sin registro certificado
[2026-07-22 18:54:38]   [MATCH] EXI_185299 -> INVIMA 2014L-0007187 (Vino Valdivieso Winemaker Reserva Chardonnay)
[2026-07-22 18:54:38]   [MATCH] EXI_186174 -> INVIMA 2011L-0005143 (Aguardiente-Ginebra Hendrick ´ S Gin Marca Hendrick'S)
[2026-07-22 18:54:38]   [OK] Bloque completado en 18.39s. Acumulado: 64 con INVIMA, 66 sin registro.

[2026-07-22 18:54:46] === Bloque 14/69 (20.3%) | Modelo: deepseek-v4-flash | Procesando 131 a 140 de 689 ===
[2026-07-22 18:55:02]   [NO MATCH] EXI_1863173 -> Sin registro certificado
[2026-07-22 18:55:02]   [NO MATCH] EXI_1863254 -> Sin registro certificado
[2026-07-22 18:55:02]   [MATCH] EXI_1863327 -> INVIMA 2018L-0009765 (Aguardiente-Ginebra Gin Marca "Henkes")
[2026-07-22 18:55:02]   [MATCH] EXI_1863348 -> INVIMA 2005L-0002444 (Cerveza " Budweiser ")
[2026-07-22 18:55:02]   [NO MATCH] EXI_192823 -> Sin registro certificado
[2026-07-22 18:55:02]   [NO MATCH] EXI_192846 -> Sin registro certificado
[2026-07-22 18:55:02]   [NO MATCH] EXI_192847 -> Sin registro certificado
[2026-07-22 18:55:02]   [NO MATCH] EXI_192886 -> Sin registro certificado
[2026-07-22 18:55:02]   [NO MATCH] EXI_192920 -> Sin registro certificado
[2026-07-22 18:55:02]   [NO MATCH] EXI_197813 -> Sin registro certificado
[2026-07-22 18:55:02]   [OK] Bloque completado en 15.84s. Acumulado: 66 con INVIMA, 74 sin registro.

[2026-07-22 18:55:10] === Bloque 15/69 (21.8%) | Modelo: deepseek-v4-flash | Procesando 141 a 150 de 689 ===
[2026-07-22 18:55:25]   [MATCH] EXI_200699 -> INVIMA 2017L-0009042 (Vino Tinto Cabernet Sauvignon Twin Oaks Y Vino Blanco Chardonnay Twin Oaks Marca Robert Mondavi.)
[2026-07-22 18:55:25]   [MATCH] EXI_201041 -> INVIMA 2017L-0009042 (Vino Tinto Cabernet Sauvignon Twin Oaks Y Vino Blanco Chardonnay Twin Oaks Marca Robert Mondavi.)
[2026-07-22 18:55:25]   [MATCH] EXI_202371 -> INVIMA 2019L-0009977 (Cerveza Heineken)
[2026-07-22 18:55:25]   [NO MATCH] EXI_207724 -> Sin registro certificado
[2026-07-22 18:55:25]   [NO MATCH] EXI_208009 -> Sin registro certificado
[2026-07-22 18:55:25]   [NO MATCH] EXI_209208 -> Sin registro certificado
[2026-07-22 18:55:25]   [NO MATCH] EXI_209307 -> Sin registro certificado
[2026-07-22 18:55:25]   [NO MATCH] EXI_210523 -> Sin registro certificado
[2026-07-22 18:55:25]   [NO MATCH] EXI_210662 -> Sin registro certificado
[2026-07-22 18:55:25]   [NO MATCH] EXI_210685 -> Sin registro certificado
[2026-07-22 18:55:25]   [OK] Bloque completado en 14.9s. Acumulado: 69 con INVIMA, 81 sin registro.

[2026-07-22 18:55:33] === Bloque 16/69 (23.2%) | Modelo: deepseek-v4-flash | Procesando 151 a 160 de 689 ===
[2026-07-22 18:56:03]   [NO MATCH] EXI_212558 -> Sin registro certificado
[2026-07-22 18:56:03]   [NO MATCH] EXI_212569 -> Sin registro certificado
[2026-07-22 18:56:03]   [NO MATCH] EXI_216978 -> Sin registro certificado
[2026-07-22 18:56:03]   [NO MATCH] EXI_219120 -> Sin registro certificado
[2026-07-22 18:56:03]   [MATCH] EXI_220667 -> INVIMA 2022L-0011651 (Vino Espumoso Héritage Crémant Vino Blanco Brut Gerard Bertrand, Aop Crémant De Limoux Y Héritage Crémant Vino Rosado (Rosé) Brut Gerard Bertrand, Aop Crémant De Limoux Marca Gerard Bertrand.)
[2026-07-22 18:56:03]   [NO MATCH] EXI_220891 -> Sin registro certificado
[2026-07-22 18:56:03]   [MATCH] EXI_221006 -> INVIMA 2022L-0011651 (Vino Espumoso Héritage Crémant Vino Blanco Brut Gerard Bertrand, Aop Crémant De Limoux Y Héritage Crémant Vino Rosado (Rosé) Brut Gerard Bertrand, Aop Crémant De Limoux Marca Gerard Bertrand.)
[2026-07-22 18:56:03]   [MATCH] EXI_224086 -> INVIMA 2013L-0006460 (Vino Merlot Grand Estates, Vino Chardonnay Grand Estates, Vino Syrah Grand Estates Y Vino Cabernet Sauvignon Grand Estates " Columbia Crest".)
[2026-07-22 18:56:03]   [MATCH] EXI_224944 -> INVIMA 2013L-0006460 (Vino Merlot Grand Estates, Vino Chardonnay Grand Estates, Vino Syrah Grand Estates Y Vino Cabernet Sauvignon Grand Estates " Columbia Crest".)
[2026-07-22 18:56:03]   [MATCH] EXI_228024 -> INVIMA 2014L-0007043 (Vino Malbec Amaru High Vineyards, Vino Torrontes Amaru High Vineyards, Vino Cabernet Sauvignon Amaru High Vineyards)
[2026-07-22 18:56:03]   [OK] Bloque completado en 29.12s. Acumulado: 74 con INVIMA, 86 sin registro.

[2026-07-22 18:56:10] === Bloque 17/69 (24.7%) | Modelo: deepseek-v4-flash | Procesando 161 a 170 de 689 ===
[2026-07-22 18:56:47]   [NO MATCH] EXI_229614 -> Sin registro certificado
[2026-07-22 18:56:47]   [MATCH] EXI_229652 -> INVIMA 2006L-0003060 (Vino Tinto Cabernet Sauvignon - Syrah Shiraz - Sirah Reserva Marca Las Moras)
[2026-07-22 18:56:47]   [MATCH] EXI_24281 -> INVIMA 2016L-0008544 (Vino Tinto Gato Negro 9 Lives Reserva Cabernet Sauvignon)
[2026-07-22 18:56:47]   [NO MATCH] EXI_242817 -> Sin registro certificado
[2026-07-22 18:56:47]   [NO MATCH] EXI_24346 -> Sin registro certificado
[2026-07-22 18:56:47]   [MATCH] EXI_24358 -> L-002350 (Vino Moscatel Dulce Marca Valle De La Union - Casa Grajales)
[2026-07-22 18:56:47]   [NO MATCH] EXI_24359 -> Sin registro certificado
[2026-07-22 18:56:47]   [MATCH] EXI_24361 -> L-002924 (Vino Espumante Blanco Semiseco Marca Samaria - Casa Grajales)
[2026-07-22 18:56:47]   [NO MATCH] EXI_24365 -> Sin registro certificado
[2026-07-22 18:56:47]   [MATCH] EXI_24417 -> INVIMA 2019L-0009867 (Aperitivo Vinico De Manzana Marca Cariñoso)
[2026-07-22 18:56:47]   [OK] Bloque completado en 36.62s. Acumulado: 79 con INVIMA, 91 sin registro.

[2026-07-22 18:56:54] === Bloque 18/69 (26.1%) | Modelo: deepseek-v4-flash | Procesando 171 a 180 de 689 ===
[2026-07-22 18:57:23]   [NO MATCH] EXI_24419 -> Sin registro certificado
[2026-07-22 18:57:23]   [MATCH] EXI_24462 -> INVIMA 2007L-0003365 (Vino Espumoso Codorniu Clasico Semi- Seco Organic)
[2026-07-22 18:57:23]   [NO MATCH] EXI_24490 -> Sin registro certificado
[2026-07-22 18:57:23]   [NO MATCH] EXI_24498 -> Sin registro certificado
[2026-07-22 18:57:23]   [NO MATCH] EXI_258649 -> Sin registro certificado
[2026-07-22 18:57:23]   [NO MATCH] EXI_266843 -> Sin registro certificado
[2026-07-22 18:57:23]   [NO MATCH] EXI_267764 -> Sin registro certificado
[2026-07-22 18:57:23]   [MATCH] EXI_267776 -> INVIMA 2017L-0008657 (Cerveza "Paulaner" Hefe- Weibbier Dunkel)
[2026-07-22 18:57:23]   [MATCH] EXI_269941 -> INVIMA 2017L-0008684 (Cerveza Marca Duvel.)
[2026-07-22 18:57:23]   [MATCH] EXI_270334 -> INVIMA 2022L-0011768 (Cerveza Triple Maredsous)
[2026-07-22 18:57:23]   [OK] Bloque completado en 28.59s. Acumulado: 83 con INVIMA, 97 sin registro.

[2026-07-22 18:57:29] === Bloque 19/69 (27.6%) | Modelo: deepseek-v4-flash | Procesando 181 a 190 de 689 ===
[2026-07-22 18:58:18]   [MATCH] EXI_270432 -> INVIMA 2019L-0010005 (Cerveza Liefmans Yell´Oh)
[2026-07-22 18:58:18]   [MATCH] EXI_273038 -> INVIMA 2006L-0002931 (Cerveza Peroni Nastro Azzurro)
[2026-07-22 18:58:18]   [NO MATCH] EXI_276259 -> Sin registro certificado
[2026-07-22 18:58:18]   [NO MATCH] EXI_284964 -> Sin registro certificado
[2026-07-22 18:58:18]   [MATCH] EXI_290021 -> INVIMA 2014L-0007372 (Vino Reserva Merlot, Vino Reserva Chardonnay, Vino Reserva Carmenere, Vino Reserva Sauvignon Blanc, Vino Reserva Cabernet Sauvignon Marca Ilaia)
[2026-07-22 18:58:18]   [NO MATCH] EXI_3002222 -> Sin registro certificado
[2026-07-22 18:58:18]   [NO MATCH] EXI_3006898 -> Sin registro certificado
[2026-07-22 18:58:18]   [NO MATCH] EXI_3006899 -> Sin registro certificado
[2026-07-22 18:58:18]   [MATCH] EXI_3007301 -> INVIMA 2016L-0008511 (18 Year Old Scotch Whisky Dewars)
[2026-07-22 18:58:18]   [NO MATCH] EXI_3009580 -> Sin registro certificado
[2026-07-22 18:58:18]   [OK] Bloque completado en 49.08s. Acumulado: 87 con INVIMA, 103 sin registro.

[2026-07-22 18:58:26] === Bloque 20/69 (29.0%) | Modelo: deepseek-v4-flash | Procesando 191 a 200 de 689 ===
[2026-07-22 18:59:05]   [NO MATCH] EXI_3011007 -> Sin registro certificado
[2026-07-22 18:59:05]   [NO MATCH] EXI_301283 -> Sin registro certificado
[2026-07-22 18:59:05]   [NO MATCH] EXI_3014718 -> Sin registro certificado
[2026-07-22 18:59:05]   [NO MATCH] EXI_3024454 -> Sin registro certificado
[2026-07-22 18:59:05]   [NO MATCH] EXI_303451 -> Sin registro certificado
[2026-07-22 18:59:05]   [NO MATCH] EXI_303935 -> Sin registro certificado
[2026-07-22 18:59:05]   [MATCH] EXI_3041843 -> INVIMA 2021L-0010873 (Vino Tinto Reserva Merlot, Vino Tinto Reserva Cabernet Sauvignon, Vino Rosado Reserva Rosé, Vino Tinto Reserva Carmenere, Vino Blanco Reserva Sauvignon Blanc Marca Siete Soles)
[2026-07-22 18:59:05]   [MATCH] EXI_3042695 -> INVIMA 2021L-0011379 (Cerveza Clara Marca Pilsen)
[2026-07-22 18:59:05]   [NO MATCH] EXI_3047511 -> Sin registro certificado
[2026-07-22 18:59:05]   [NO MATCH] EXI_3049093 -> Sin registro certificado
[2026-07-22 18:59:05]   [OK] Bloque completado en 39.05s. Acumulado: 89 con INVIMA, 111 sin registro.

[2026-07-22 18:59:13] === Bloque 21/69 (30.5%) | Modelo: deepseek-v4-flash | Procesando 201 a 210 de 689 ===
[2026-07-22 18:59:43]   [MATCH] EXI_3049524 -> INVIMA 2020L-0010489 (Cerveza Marca Costeña Bacana Marca Cerveza Costeña Bacana)
[2026-07-22 18:59:43]   [MATCH] EXI_3050604 -> INVIMA 2023L-0012707 (Cerveza Marca Stella Artois)
[2026-07-22 18:59:43]   [MATCH] EXI_3050686 -> INVIMA 2008L-0004120 (Cerveza "Stella Artois" (Lager Beer))
[2026-07-22 18:59:43]   [MATCH] EXI_3067386 -> INVIMA 2021L-0010899 (Vino Douro Tinto, Vino Douro Blanco, Vino Douro Rose, Vino Douro Reserva Tinto, Vino Douro Reserva Blanco Marca Pocas, "Pocas Junior" Porto, Estd 1918.)
[2026-07-22 18:59:43]   [MATCH] EXI_3067387 -> INVIMA 2021L-0010899 (Vino Douro Tinto, Vino Douro Blanco, Vino Douro Rose, Vino Douro Reserva Tinto, Vino Douro Reserva Blanco Marca Pocas, "Pocas Junior" Porto, Estd 1918.)
[2026-07-22 18:59:43]   [MATCH] EXI_3071047 -> INVIMA 2020L-0010554 (Vino Tinto Crianza, Vino Rosado, Vino Blanco Y Vino Tinto Marca Marqués De Altillo Marca Marques De Altillo)
[2026-07-22 18:59:43]   [NO MATCH] EXI_3080752 -> Sin registro certificado
[2026-07-22 18:59:43]   [NO MATCH] EXI_3080753 -> Sin registro certificado
[2026-07-22 18:59:43]   [NO MATCH] EXI_3096459 -> Sin registro certificado
[2026-07-22 18:59:43]   [NO MATCH] EXI_3110658 -> Sin registro certificado
[2026-07-22 18:59:43]   [OK] Bloque completado en 29.52s. Acumulado: 95 con INVIMA, 115 sin registro.

[2026-07-22 18:59:52] === Bloque 22/69 (31.9%) | Modelo: deepseek-v4-flash | Procesando 211 a 220 de 689 ===
[2026-07-22 19:00:16]   [NO MATCH] EXI_3110659 -> Sin registro certificado
[2026-07-22 19:00:16]   [NO MATCH] EXI_3110660 -> Sin registro certificado
[2026-07-22 19:00:16]   [NO MATCH] EXI_3110661 -> Sin registro certificado
[2026-07-22 19:00:16]   [NO MATCH] EXI_3113082 -> Sin registro certificado
[2026-07-22 19:00:16]   [NO MATCH] EXI_3113083 -> Sin registro certificado
[2026-07-22 19:00:16]   [MATCH] EXI_3113084 -> INVIMA 2021L-0010879 (Vino Espumoso Blanco Semiseco Cuvée Blanche Ice Demi Sec; Vino Espumoso Rosado Semiseco Cuvée Rosée Ice Demi Sec Marca Maison Castel)
[2026-07-22 19:00:16]   [NO MATCH] EXI_3114674 -> Sin registro certificado
[2026-07-22 19:00:16]   [NO MATCH] EXI_3118414 -> Sin registro certificado
[2026-07-22 19:00:16]   [NO MATCH] EXI_313385 -> Sin registro certificado
[2026-07-22 19:00:16]   [MATCH] EXI_3135042 -> INVIMA 2017L-0008697 (Aguardiente-Ron Ron Añejo Sistema 12 Solera Marca Botran)
[2026-07-22 19:00:16]   [OK] Bloque completado en 24.47s. Acumulado: 97 con INVIMA, 123 sin registro.

[2026-07-22 19:00:24] === Bloque 23/69 (33.4%) | Modelo: deepseek-v4-flash | Procesando 221 a 230 de 689 ===
[2026-07-22 19:01:41]   [NO MATCH] EXI_3142832 -> Sin registro certificado
[2026-07-22 19:01:41]   [NO MATCH] EXI_3153225 -> Sin registro certificado
[2026-07-22 19:01:41]   [NO MATCH] EXI_3153226 -> Sin registro certificado
[2026-07-22 19:01:41]   [NO MATCH] EXI_3153227 -> Sin registro certificado
[2026-07-22 19:01:41]   [NO MATCH] EXI_3153228 -> Sin registro certificado
[2026-07-22 19:01:41]   [NO MATCH] EXI_3157286 -> Sin registro certificado
[2026-07-22 19:01:41]   [MATCH] EXI_3157381 -> INVIMA 2018L-0009437 (Cerveza Marca Central)
[2026-07-22 19:01:41]   [MATCH] EXI_3197062 -> INVIMA 2019L-0009826 (Cerveza Marca: Corona Extra)
[2026-07-22 19:01:41]   [NO MATCH] EXI_3197108 -> Sin registro certificado
[2026-07-22 19:01:41]   [NO MATCH] EXI_3197389 -> Sin registro certificado
[2026-07-22 19:01:41]   [OK] Bloque completado en 77.39s. Acumulado: 99 con INVIMA, 131 sin registro.

[2026-07-22 19:01:49] === Bloque 24/69 (34.8%) | Modelo: deepseek-v4-flash | Procesando 231 a 240 de 689 ===
[2026-07-22 19:02:18]   [NO MATCH] EXI_3197390 -> Sin registro certificado
[2026-07-22 19:02:18]   [NO MATCH] EXI_3197410 -> Sin registro certificado
[2026-07-22 19:02:18]   [MATCH] EXI_3199908 -> INVIMA 2019L-0009826 (Cerveza Marca:  Corona Extra)
[2026-07-22 19:02:18]   [NO MATCH] EXI_3223867 -> Sin registro certificado
[2026-07-22 19:02:18]   [NO MATCH] EXI_323021 -> Sin registro certificado
[2026-07-22 19:02:18]   [NO MATCH] EXI_3236851 -> Sin registro certificado
[2026-07-22 19:02:18]   [NO MATCH] EXI_3236861 -> Sin registro certificado
[2026-07-22 19:02:18]   [NO MATCH] EXI_3249661 -> Sin registro certificado
[2026-07-22 19:02:18]   [MATCH] EXI_3250581 -> INVIMA 2021L-0011151 (Vino Espumoso Natural Blanco Brut Marca Moelia)
[2026-07-22 19:02:18]   [NO MATCH] EXI_3250582 -> Sin registro certificado
[2026-07-22 19:02:18]   [OK] Bloque completado en 29.28s. Acumulado: 101 con INVIMA, 139 sin registro.

[2026-07-22 19:02:24] === Bloque 25/69 (36.3%) | Modelo: deepseek-v4-flash | Procesando 241 a 250 de 689 ===
[2026-07-22 19:02:54]   [NO MATCH] EXI_3250588 -> Sin registro certificado
[2026-07-22 19:02:54]   [NO MATCH] EXI_3250682 -> Sin registro certificado
[2026-07-22 19:02:54]   [NO MATCH] EXI_3253269 -> Sin registro certificado
[2026-07-22 19:02:54]   [NO MATCH] EXI_3253479 -> Sin registro certificado
[2026-07-22 19:02:54]   [NO MATCH] EXI_3253480 -> Sin registro certificado
[2026-07-22 19:02:54]   [NO MATCH] EXI_3253482 -> Sin registro certificado
[2026-07-22 19:02:54]   [NO MATCH] EXI_326235 -> Sin registro certificado
[2026-07-22 19:02:54]   [NO MATCH] EXI_326246 -> Sin registro certificado
[2026-07-22 19:02:54]   [NO MATCH] EXI_326293 -> Sin registro certificado
[2026-07-22 19:02:54]   [MATCH] EXI_326387 -> INVIMA 2014L-0007232 (Vino Tinto Epica Ensamblaje)
[2026-07-22 19:02:54]   [OK] Bloque completado en 29.75s. Acumulado: 102 con INVIMA, 148 sin registro.

[2026-07-22 19:03:01] === Bloque 26/69 (37.7%) | Modelo: deepseek-v4-flash | Procesando 251 a 260 de 689 ===
[2026-07-22 19:03:16]   [NO MATCH] EXI_3270623 -> Sin registro certificado
[2026-07-22 19:03:16]   [MATCH] EXI_3279490 -> INVIMA 2021L-0011395 (Vino Primitivo Salento Igt, Marca Rinforzo)
[2026-07-22 19:03:16]   [NO MATCH] EXI_327985 -> Sin registro certificado
[2026-07-22 19:03:16]   [NO MATCH] EXI_3281949 -> Sin registro certificado
[2026-07-22 19:03:16]   [MATCH] EXI_3292242 -> INVIMA 2017L-0008809 (Cerveza Schöfferhofer Hefeweizen Marca Schöfferhofer)
[2026-07-22 19:03:16]   [NO MATCH] EXI_3295934 -> Sin registro certificado
[2026-07-22 19:03:16]   [NO MATCH] EXI_3298868 -> Sin registro certificado
[2026-07-22 19:03:16]   [MATCH] EXI_3300878 -> INVIMA 2022L-0011787 (Estrella Galicia Cerveza Especial Marca: Estrella Galicia)
[2026-07-22 19:03:16]   [MATCH] EXI_3300879 -> INVIMA 2022L-0011787 (Estrella Galicia Cerveza Especial Marca: Estrella Galicia)
[2026-07-22 19:03:16]   [MATCH] EXI_3300880 -> INVIMA 2022L-0011787 (Estrella Galicia Cerveza Especial Marca: Estrella Galicia)
[2026-07-22 19:03:16]   [OK] Bloque completado en 15.1s. Acumulado: 107 con INVIMA, 153 sin registro.

[2026-07-22 19:03:25] === Bloque 27/69 (39.2%) | Modelo: deepseek-v4-flash | Procesando 261 a 270 de 689 ===
[2026-07-22 19:03:39]   [NO MATCH] EXI_3300881 -> Sin registro certificado
[2026-07-22 19:03:39]   [NO MATCH] EXI_3309950 -> Sin registro certificado
[2026-07-22 19:03:39]   [NO MATCH] EXI_331374 -> Sin registro certificado
[2026-07-22 19:03:39]   [MATCH] EXI_3320360 -> INVIMA 2019L-0009988 (Cerveza Blonde Marca Chouffe)
[2026-07-22 19:03:39]   [NO MATCH] EXI_332454 -> Sin registro certificado
[2026-07-22 19:03:39]   [NO MATCH] EXI_3327597 -> Sin registro certificado
[2026-07-22 19:03:39]   [NO MATCH] EXI_3327598 -> Sin registro certificado
[2026-07-22 19:03:39]   [NO MATCH] EXI_332931 -> Sin registro certificado
[2026-07-22 19:03:39]   [NO MATCH] EXI_333083 -> Sin registro certificado
[2026-07-22 19:03:39]   [MATCH] EXI_333183 -> INVIMA 2021L-0011107 (Vino Barefoot California Pinot Grigio)
[2026-07-22 19:03:39]   [OK] Bloque completado en 14.45s. Acumulado: 109 con INVIMA, 161 sin registro.

[2026-07-22 19:03:47] === Bloque 28/69 (40.6%) | Modelo: deepseek-v4-flash | Procesando 271 a 280 de 689 ===
[2026-07-22 19:04:04]   [NO MATCH] EXI_333651 -> Sin registro certificado
[2026-07-22 19:04:04]   [NO MATCH] EXI_334026 -> Sin registro certificado
[2026-07-22 19:04:04]   [MATCH] EXI_3351235 -> INVIMA 2021L-0011073 (Vino Espumante Vino Espumoso Extra Brut Blanco Classic Cuvee Marca Santa Julia)
[2026-07-22 19:04:04]   [MATCH] EXI_3369439 -> INVIMA 2021L-0011238 (Cerveza Mahou Cinco Estrellas Marca Mahou)
[2026-07-22 19:04:04]   [NO MATCH] EXI_3370856 -> Sin registro certificado
[2026-07-22 19:04:04]   [NO MATCH] EXI_337310 -> Sin registro certificado
[2026-07-22 19:04:04]   [NO MATCH] EXI_3381252 -> Sin registro certificado
[2026-07-22 19:04:04]   [MATCH] EXI_3381253 -> INVIMA 2022L-0012008 (Cerveza 1906 Galician Irish Red Ale La Pelirroja Marca 1906)
[2026-07-22 19:04:04]   [MATCH] EXI_3381254 -> INVIMA 2022L-0012009 (Cerveza 1906 Red Vintage La Colorada Marca 1906)
[2026-07-22 19:04:04]   [MATCH] EXI_3382989 -> INVIMA 2021L-0011108 (Coctel De Limon Hard Seltzer Marca Parce)
[2026-07-22 19:04:04]   [OK] Bloque completado en 17.42s. Acumulado: 114 con INVIMA, 166 sin registro.

[2026-07-22 19:04:13] === Bloque 29/69 (42.1%) | Modelo: deepseek-v4-flash | Procesando 281 a 290 de 689 ===
[2026-07-22 19:04:39]   [NO MATCH] EXI_3389260 -> Sin registro certificado
[2026-07-22 19:04:39]   [MATCH] EXI_3389261 -> INVIMA 2022L-0011532 (Vino Chianti Docg, Montepulciano D´Abruzzo Doc, Orvieto Doc, Pecorino Terre Di Chieti  Igt Marca La Piuma)
[2026-07-22 19:04:39]   [MATCH] EXI_3389262 -> INVIMA 2022L-0011532 (Vino Chianti Docg, Montepulciano D´Abruzzo Doc, Orvieto Doc, Pecorino Terre Di Chieti  Igt Marca La Piuma)
[2026-07-22 19:04:39]   [MATCH] EXI_3389263 -> INVIMA 2022L-0011532 (Vino Chianti Docg, Montepulciano D´Abruzzo Doc, Orvieto Doc, Pecorino Terre Di Chieti  Igt Marca La Piuma)
[2026-07-22 19:04:39]   [MATCH] EXI_3389264 -> INVIMA 2022L-0011532 (Vino Chianti Docg, Montepulciano D´Abruzzo Doc, Orvieto Doc, Pecorino Terre Di Chieti  Igt Marca La Piuma)
[2026-07-22 19:04:39]   [NO MATCH] EXI_3391490 -> Sin registro certificado
[2026-07-22 19:04:39]   [MATCH] EXI_3391493 -> INVIMA 2006L-0002654 (Vino Blanco Sauvignon Blanc, Vino Merlot, Vino Tinto Cabernet Franc, Vino Malbec, Vino Pinot Noir, Vino Cabernet Franc Gran Reserva, Vino Pinot Noir Gran Reserva, Vino  Malbec Gran Reserva, Vino Merlot Gran Reserva Marca Humberto Canale.)
[2026-07-22 19:04:39]   [NO MATCH] EXI_3393979 -> Sin registro certificado
[2026-07-22 19:04:39]   [MATCH] EXI_3407258 -> INVIMA 2022L-0011791 (Aperitivo No Vinico Aperitivo No Vínico Sabor Sandía Hierbabuena, Vuur Hard Seltzer.)
[2026-07-22 19:04:39]   [MATCH] EXI_3407259 -> INVIMA 2022L-0011635 (Aperitivo No Vinico Aperitivo No Vínico Sabor Mango Maracuya Marca:  Vuur Hard Seltzer -)
[2026-07-22 19:04:39]   [OK] Bloque completado en 25.62s. Acumulado: 121 con INVIMA, 169 sin registro.

[2026-07-22 19:04:46] === Bloque 30/69 (43.5%) | Modelo: deepseek-v4-flash | Procesando 291 a 300 de 689 ===
[2026-07-22 19:05:02]   [MATCH] EXI_3408013 -> INVIMA 2006L-0002909 (Vino Blanco Sauvignon Blanc Marca Emiliana)
[2026-07-22 19:05:02]   [NO MATCH] EXI_3408015 -> Sin registro certificado
[2026-07-22 19:05:02]   [NO MATCH] EXI_3413263 -> Sin registro certificado
[2026-07-22 19:05:02]   [NO MATCH] EXI_3413275 -> Sin registro certificado
[2026-07-22 19:05:02]   [MATCH] EXI_3415297 -> INVIMA 2021L-0011204 (Vino Espumoso Rose Demi - Sec Ice Edition Marca Nuitdoree)
[2026-07-22 19:05:02]   [MATCH] EXI_3415886 -> INVIMA 2016L-0008298 (Cerveza Sol)
[2026-07-22 19:05:02]   [NO MATCH] EXI_3416201 -> Sin registro certificado
[2026-07-22 19:05:02]   [NO MATCH] EXI_3416202 -> Sin registro certificado
[2026-07-22 19:05:02]   [NO MATCH] EXI_3416493 -> Sin registro certificado
[2026-07-22 19:05:02]   [MATCH] EXI_3419790 -> INVIMA 2016L-0008298 (Cerveza Sol)
[2026-07-22 19:05:02]   [OK] Bloque completado en 16.58s. Acumulado: 125 con INVIMA, 175 sin registro.

[2026-07-22 19:05:09] === Bloque 31/69 (45.0%) | Modelo: deepseek-v4-flash | Procesando 301 a 310 de 689 ===
[2026-07-22 19:05:26]   [NO MATCH] EXI_3424925 -> Sin registro certificado
[2026-07-22 19:05:26]   [NO MATCH] EXI_3427494 -> Sin registro certificado
[2026-07-22 19:05:26]   [NO MATCH] EXI_3427495 -> Sin registro certificado
[2026-07-22 19:05:26]   [MATCH] EXI_3429370 -> INVIMA 2023L-0012320 (Cerveza 1906 Black Coupage La Oveja Negra)
[2026-07-22 19:05:26]   [MATCH] EXI_3429935 -> INVIMA 2022L-0011984 (Cerveza Rubia Tipo Lager, Germania.)
[2026-07-22 19:05:26]   [MATCH] EXI_3430822 -> INVIMA 2019L-0009961 (Vino Tinto, Vino Blanco Y Vino Rosado - Rosé Marca Embajador)
[2026-07-22 19:05:26]   [MATCH] EXI_3433534 -> INVIMA L-000369 (Cerveza "Aguila")
[2026-07-22 19:05:26]   [MATCH] EXI_3433709 -> INVIMA L-000632 (Cerveza "Poker")
[2026-07-22 19:05:26]   [MATCH] EXI_3437596 -> INVIMA 2021L-0011238 (Cerveza Mahou Cinco Estrellas Marca Mahou)
[2026-07-22 19:05:26]   [NO MATCH] EXI_3444509 -> Sin registro certificado
[2026-07-22 19:05:26]   [OK] Bloque completado en 17.33s. Acumulado: 131 con INVIMA, 179 sin registro.

[2026-07-22 19:05:32] === Bloque 32/69 (46.4%) | Modelo: deepseek-v4-flash | Procesando 311 a 320 de 689 ===
[2026-07-22 19:05:50]   [NO MATCH] EXI_3448668 -> Sin registro certificado
[2026-07-22 19:05:50]   [MATCH] EXI_3448669 -> INVIMA 2020L-0010729 (Cerveza Session Ipa Marca Steam Brew)
[2026-07-22 19:05:50]   [MATCH] EXI_3449641 -> INVIMA 2017L-0008768 (Cerveza Beer Brugse Zot Blond)
[2026-07-22 19:05:50]   [NO MATCH] EXI_3449642 -> Sin registro certificado
[2026-07-22 19:05:50]   [MATCH] EXI_3449644 -> INVIMA 2017L-0008774 (Cerveza Beer Straffe Hendrik Quadrupel Marca Straffe Hendrik)
[2026-07-22 19:05:50]   [NO MATCH] EXI_3457447 -> Sin registro certificado
[2026-07-22 19:05:50]   [MATCH] EXI_3460671 -> INVIMA 2022L-0011999 (Cerveza Delirium Red Marca Delirium)
[2026-07-22 19:05:50]   [MATCH] EXI_3460672 -> INVIMA 2023L-0012202 (Cerveza Delirium Argentum,)
[2026-07-22 19:05:50]   [MATCH] EXI_3460673 -> INVIMA 2021L-0011284 (Cerveza Delirium Tremens)
[2026-07-22 19:05:50]   [NO MATCH] EXI_3465876 -> Sin registro certificado
[2026-07-22 19:05:50]   [OK] Bloque completado en 17.62s. Acumulado: 137 con INVIMA, 183 sin registro.

[2026-07-22 19:05:59] === Bloque 33/69 (47.9%) | Modelo: deepseek-v4-flash | Procesando 321 a 330 de 689 ===
[2026-07-22 19:06:27]   [MATCH] EXI_3468730 -> INVIMA 2011L-0005143 (Aguardiente-Ginebra Hendrick ´ S Gin Marca Hendrick'S)
[2026-07-22 19:06:27]   [MATCH] EXI_3468735 -> INVIMA 2021L-0010947 (Aguardiente-Ron Ron Marca Ultramar Teniente Ron Ambar)
[2026-07-22 19:06:27]   [NO MATCH] EXI_347800 -> Sin registro certificado
[2026-07-22 19:06:27]   [MATCH] EXI_3479504 -> INVIMA 2019L-0009826 (Cerveza Marca:  Corona Extra)
[2026-07-22 19:06:27]   [MATCH] EXI_347969 -> INVIMA 2013L-0006460 (Vino Merlot Grand Estates, Vino Chardonnay Grand Estates, Vino Syrah Grand Estates Y Vino Cabernet Sauvignon Grand Estates " Columbia Crest".)
[2026-07-22 19:06:27]   [NO MATCH] EXI_3480280 -> Sin registro certificado
[2026-07-22 19:06:27]   [MATCH] EXI_3480895 -> INVIMA 2014L-0007144 (Vino Espumoso Natural - C Vino Espumoso Anna De Codorniu Brut Rose)
[2026-07-22 19:06:27]   [MATCH] EXI_3482923 -> INVIMA L-001427 (Cerveza "Modelo Especial")
[2026-07-22 19:06:27]   [MATCH] EXI_3482924 -> INVIMA L-001427 (Cerveza "Modelo Especial")
[2026-07-22 19:06:27]   [NO MATCH] EXI_3483129 -> Sin registro certificado
[2026-07-22 19:06:27]   [OK] Bloque completado en 28.1s. Acumulado: 144 con INVIMA, 186 sin registro.

[2026-07-22 19:06:33] === Bloque 34/69 (49.3%) | Modelo: deepseek-v4-flash | Procesando 331 a 340 de 689 ===
[2026-07-22 19:06:49]   [NO MATCH] EXI_348592 -> Sin registro certificado
[2026-07-22 19:06:49]   [MATCH] EXI_3488574 -> INVIMA 2018L-0009436 (Cerveza Marca Andina Light)
[2026-07-22 19:06:49]   [MATCH] EXI_3489063 -> INVIMA 2016L-0008298 (Cerveza Sol)
[2026-07-22 19:06:49]   [MATCH] EXI_3494042 -> INVIMA 2019L-0009826 (Cerveza Marca:  Corona Extra)
[2026-07-22 19:06:49]   [MATCH] EXI_3510961 -> INVIMA 2022L-0011542 (Pisco Huamaní Acholado Marca Huamaní)
[2026-07-22 19:06:49]   [MATCH] EXI_3511600 -> INVIMA 2008L-0004120 (Cerveza "Stella Artois" (Lager Beer))
[2026-07-22 19:06:49]   [MATCH] EXI_3511601 -> INVIMA 2008L-0004120 (Cerveza "Stella Artois" (Lager Beer))
[2026-07-22 19:06:49]   [MATCH] EXI_3511602 -> INVIMA 2008L-0004120 (Cerveza "Stella Artois" (Lager Beer))
[2026-07-22 19:06:49]   [MATCH] EXI_3511603 -> INVIMA 2008L-0004120 (Cerveza "Stella Artois" (Lager Beer))
[2026-07-22 19:06:49]   [MATCH] EXI_3516984 -> INVIMA 2022L-0011913 (Aguardiente-Tequila Mezcal Joven (750 Ml) Marca Don Ramón Marca Don Ramon)
[2026-07-22 19:06:49]   [OK] Bloque completado en 15.6s. Acumulado: 153 con INVIMA, 187 sin registro.

[2026-07-22 19:06:59] === Bloque 35/69 (50.8%) | Modelo: deepseek-v4-flash | Procesando 341 a 350 de 689 ===
[2026-07-22 19:07:17]   [NO MATCH] EXI_3517647 -> Sin registro certificado
[2026-07-22 19:07:17]   [NO MATCH] EXI_3517648 -> Sin registro certificado
[2026-07-22 19:07:17]   [NO MATCH] EXI_3517649 -> Sin registro certificado
[2026-07-22 19:07:17]   [NO MATCH] EXI_3518880 -> Sin registro certificado
[2026-07-22 19:07:17]   [NO MATCH] EXI_3518881 -> Sin registro certificado
[2026-07-22 19:07:17]   [NO MATCH] EXI_3518882 -> Sin registro certificado
[2026-07-22 19:07:17]   [NO MATCH] EXI_3521056 -> Sin registro certificado
[2026-07-22 19:07:17]   [MATCH] EXI_3522879 -> INVIMA2023LM-0012199 (Aperitivo No Vinico Limón - Kalamansi Marca Makai Hacia El Océano)
[2026-07-22 19:07:17]   [MATCH] EXI_3522880 -> INVIMA2023LM-0012199 (Aperitivo No Vinico Limón - Kalamansi Marca Makai Hacia El Océano)
[2026-07-22 19:07:17]   [NO MATCH] EXI_3527393 -> Sin registro certificado
[2026-07-22 19:07:17]   [OK] Bloque completado en 17.92s. Acumulado: 155 con INVIMA, 195 sin registro.

[2026-07-22 19:07:22] === Bloque 36/69 (52.2%) | Modelo: deepseek-v4-flash | Procesando 351 a 360 de 689 ===
[2026-07-22 19:07:37]   [NO MATCH] EXI_3527394 -> Sin registro certificado
[2026-07-22 19:07:37]   [MATCH] EXI_3528337 -> INVIMA 2011L-0005534 (Cerveza Marca Aguila Light)
[2026-07-22 19:07:37]   [NO MATCH] EXI_3529356 -> Sin registro certificado
[2026-07-22 19:07:37]   [NO MATCH] EXI_3529357 -> Sin registro certificado
[2026-07-22 19:07:37]   [MATCH] EXI_3529359 -> INVIMA 2016L-0008298 (Cerveza Sol)
[2026-07-22 19:07:37]   [MATCH] EXI_3529360 -> INVIMA 2016L-0008298 (Cerveza Sol)
[2026-07-22 19:07:37]   [MATCH] EXI_3529361 -> INVIMA 2019L-0009977 (Cerveza Heineken)
[2026-07-22 19:07:37]   [MATCH] EXI_3529362 -> INVIMA 2019L-0009977 (Cerveza Heineken)
[2026-07-22 19:07:37]   [MATCH] EXI_3529363 -> INVIMA 2019L-0009977 (Cerveza Heineken)
[2026-07-22 19:07:37]   [MATCH] EXI_3529364 -> INVIMA 2019L-0009977 (Cerveza Heineken)
[2026-07-22 19:07:37]   [OK] Bloque completado en 14.88s. Acumulado: 162 con INVIMA, 198 sin registro.

[2026-07-22 19:07:44] === Bloque 37/69 (53.7%) | Modelo: deepseek-v4-flash | Procesando 361 a 370 de 689 ===
[2026-07-22 19:08:01]   [NO MATCH] EXI_3529754 -> Sin registro certificado
[2026-07-22 19:08:01]   [NO MATCH] EXI_353870 -> Sin registro certificado
[2026-07-22 19:08:01]   [NO MATCH] EXI_353878 -> Sin registro certificado
[2026-07-22 19:08:01]   [NO MATCH] EXI_353880 -> Sin registro certificado
[2026-07-22 19:08:01]   [NO MATCH] EXI_3552073 -> Sin registro certificado
[2026-07-22 19:08:01]   [NO MATCH] EXI_3552834 -> Sin registro certificado
[2026-07-22 19:08:01]   [NO MATCH] EXI_3558373 -> Sin registro certificado
[2026-07-22 19:08:01]   [NO MATCH] EXI_3558374 -> Sin registro certificado
[2026-07-22 19:08:01]   [MATCH] EXI_3558375 -> INVIMA 2018L-0009436 (Cerveza Marca Andina Light)
[2026-07-22 19:08:01]   [MATCH] EXI_3558376 -> INVIMA 2018L-0009436 (Cerveza Marca Andina Light)
[2026-07-22 19:08:01]   [OK] Bloque completado en 16.53s. Acumulado: 164 con INVIMA, 206 sin registro.

[2026-07-22 19:08:08] === Bloque 38/69 (55.2%) | Modelo: deepseek-v4-flash | Procesando 371 a 380 de 689 ===
[2026-07-22 19:08:28]   [MATCH] EXI_3564963 -> RSIA19M02292 (Cerveza Sin Alcohol)
[2026-07-22 19:08:28]   [MATCH] EXI_3564964 -> RSIA19M02292 (Cerveza Sin Alcohol)
[2026-07-22 19:08:28]   [MATCH] EXI_356604 -> INVIMA 2010L-0005031 (Cerveza Marca Club Colombia Roja)
[2026-07-22 19:08:28]   [MATCH] EXI_356649 -> INVIMA 2014L-0007335 (Cerveza Roja Club Colombia)
[2026-07-22 19:08:28]   [MATCH] EXI_3567587 -> INVIMA 2023L-0012868 (Vino Blanco Airen Verdejo, Vino Rosado Tempranillo, Vino Tinto Crianza Tempranillo, Vino Tinto Reserva Tempranillo, Vino Tinto Gran Reserva Tempranillo Marca Los Molinos)
[2026-07-22 19:08:28]   [MATCH] EXI_3567588 -> INVIMA 2023L-0012470 (Vino Tinto Tempranillo Marca Los Molinos.)
[2026-07-22 19:08:28]   [MATCH] EXI_3568691 -> INVIMA 2014L-0007331 (Cerveza Dorada Club Colombia Marca Club Colombia Dorada)
[2026-07-22 19:08:28]   [MATCH] EXI_3568692 -> INVIMA 2014L-0007331 (Cerveza Dorada Club Colombia Marca Club Colombia Dorada)
[2026-07-22 19:08:28]   [NO MATCH] EXI_3569450 -> Sin registro certificado
[2026-07-22 19:08:28]   [NO MATCH] EXI_3569451 -> Sin registro certificado
[2026-07-22 19:08:28]   [OK] Bloque completado en 19.26s. Acumulado: 172 con INVIMA, 208 sin registro.

[2026-07-22 19:08:36] === Bloque 39/69 (56.6%) | Modelo: deepseek-v4-flash | Procesando 381 a 390 de 689 ===
[2026-07-22 19:08:55]   [MATCH] EXI_3577864 -> INVIMA 2023L-0012878 (Vino Rosado Malbec Rose Reserva Marca Trivento)
[2026-07-22 19:08:55]   [MATCH] EXI_3577867 -> INVIMA 2023L-0012425 (Vino Tinto Garnacha, Vino Blanco Garnacha, Vino Rosado Garnacha, Vino Tinto Garnacha Revolution Denominacion De Origen Calificada Rioja  Marca La Maldita)
[2026-07-22 19:08:55]   [MATCH] EXI_3577868 -> INVIMA 2023L-0012425 (Vino Tinto Garnacha, Vino Blanco Garnacha, Vino Rosado Garnacha, Vino Tinto Garnacha Revolution Denominacion De Origen Calificada Rioja  Marca La Maldita)
[2026-07-22 19:08:55]   [MATCH] EXI_3578315 -> INVIMA 2018L-0009360 (Cerveza Cusqueña Dorada)
[2026-07-22 19:08:55]   [NO MATCH] EXI_3578410 -> Sin registro certificado
[2026-07-22 19:08:55]   [NO MATCH] EXI_3578411 -> Sin registro certificado
[2026-07-22 19:08:55]   [MATCH] EXI_3578416 -> INVIMA 2019L-0009980 (Vino Tinto Petit Verlot Reserva, Vino Tinto Alicante Bouschet Reserva, Vino Tinto Cabernet Sauvignon Reserva Y Vino Tinto Touringa Franca Reserva Marca Casa Ermelinda)
[2026-07-22 19:08:55]   [MATCH] EXI_3578417 -> INVIMA 2019L-0009817 (Vino Tinto Touriga Nacional Reserva Y Vino Merlot Reserva Marca Casa Ermelinda)
[2026-07-22 19:08:55]   [MATCH] EXI_3578418 -> INVIMA 2019L-0009967 (Vino Tinto Trincadeira Reserva, Vino Blanco Suavignon Blanc Verdelho Y Vino Tinto Syrah  Reserva Marca Casa Ermelinda)
[2026-07-22 19:08:55]   [NO MATCH] EXI_3578419 -> Sin registro certificado
[2026-07-22 19:08:55]   [OK] Bloque completado en 18.51s. Acumulado: 179 con INVIMA, 211 sin registro.

[2026-07-22 19:09:04] === Bloque 40/69 (58.1%) | Modelo: deepseek-v4-flash | Procesando 391 a 400 de 689 ===
[2026-07-22 19:09:33]   [MATCH] EXI_3578420 -> INVIMA 2020L-0010788 (Vino Vinho Verde Rosado Doc Y Vinho Verde Branco Doc Marca Compromisso. Marca Quinta Da Lixa)
[2026-07-22 19:09:33]   [NO MATCH] EXI_3578421 -> Sin registro certificado
[2026-07-22 19:09:33]   [MATCH] EXI_3578422 -> INVIMA 2018L-0009389 (Vino Verde Blanco Y Vino Verde Rosado Marca Vinha Real)
[2026-07-22 19:09:33]   [NO MATCH] EXI_3578496 -> Sin registro certificado
[2026-07-22 19:09:33]   [NO MATCH] EXI_3578497 -> Sin registro certificado
[2026-07-22 19:09:33]   [NO MATCH] EXI_3579652 -> Sin registro certificado
[2026-07-22 19:09:33]   [MATCH] EXI_3579879 -> INVIMA 2023L-0012294 (1.Vino Tinto River Red Shiraz Pinotage Dry Red Wine; 2. . Vino Blanco Chenin Blanc Dry White Wine; 3.Vino Blanco Chardonnay Dry White Wine, 4.Vino Tinto Merlot Natural Dry Red Wine; 5.Vino Tinto Cabernet Sauvignon Merlot Dry Red Wine; 6. Vinotinto Cabernet Sauvignon Natural Dry Red Wine. Marca Van Loveren)
[2026-07-22 19:09:33]   [MATCH] EXI_3579880 -> INVIMA 2023L-0012294 (1.Vino Tinto River Red Shiraz Pinotage Dry Red Wine; 2. . Vino Blanco Chenin Blanc Dry White Wine; 3.Vino Blanco Chardonnay Dry White Wine, 4.Vino Tinto Merlot Natural Dry Red Wine; 5.Vino Tinto Cabernet Sauvignon Merlot Dry Red Wine; 6. Vinotinto Cabernet Sauvignon Natural Dry Red Wine. Marca Van Loveren)
[2026-07-22 19:09:33]   [MATCH] EXI_3579881 -> INVIMA 2023L-0012294 (1.Vino Tinto River Red Shiraz Pinotage Dry Red Wine; 2. . Vino Blanco Chenin Blanc Dry White Wine; 3.Vino Blanco Chardonnay Dry White Wine, 4.Vino Tinto Merlot Natural Dry Red Wine; 5.Vino Tinto Cabernet Sauvignon Merlot Dry Red Wine; 6. Vinotinto Cabernet Sauvignon Natural Dry Red Wine. Marca Van Loveren)
[2026-07-22 19:09:33]   [MATCH] EXI_3579882 -> INVIMA 2023L-0012294 (1.Vino Tinto River Red Shiraz Pinotage Dry Red Wine; 2. . Vino Blanco Chenin Blanc Dry White Wine; 3.Vino Blanco Chardonnay Dry White Wine, 4.Vino Tinto Merlot Natural Dry Red Wine; 5.Vino Tinto Cabernet Sauvignon Merlot Dry Red Wine; 6. Vinotinto Cabernet Sauvignon Natural Dry Red Wine. Marca Van Loveren)
[2026-07-22 19:09:33]   [OK] Bloque completado en 29.13s. Acumulado: 185 con INVIMA, 215 sin registro.

[2026-07-22 19:09:41] === Bloque 41/69 (59.5%) | Modelo: deepseek-v4-flash | Procesando 401 a 410 de 689 ===
[2026-07-22 19:09:59]   [MATCH] EXI_3579883 -> INVIMA 2023L-0012294 (1.Vino Tinto River Red Shiraz Pinotage Dry Red Wine; 2. . Vino Blanco Chenin Blanc Dry White Wine; 3.Vino Blanco Chardonnay Dry White Wine, 4.Vino Tinto Merlot Natural Dry Red Wine; 5.Vino Tinto Cabernet Sauvignon Merlot Dry Red Wine; 6. Vinotinto Cabernet Sauvignon Natural Dry Red Wine. Marca Van Loveren)
[2026-07-22 19:09:59]   [NO MATCH] EXI_3579884 -> Sin registro certificado
[2026-07-22 19:09:59]   [NO MATCH] EXI_3581994 -> Sin registro certificado
[2026-07-22 19:09:59]   [NO MATCH] EXI_3581995 -> Sin registro certificado
[2026-07-22 19:09:59]   [MATCH] EXI_3582332 -> INVIMA 2019L-0009982 (Vino Rose Marca Rose Piscine)
[2026-07-22 19:09:59]   [NO MATCH] EXI_358397 -> Sin registro certificado
[2026-07-22 19:09:59]   [NO MATCH] EXI_3584171 -> Sin registro certificado
[2026-07-22 19:09:59]   [NO MATCH] EXI_358423 -> Sin registro certificado
[2026-07-22 19:09:59]   [NO MATCH] EXI_3586179 -> Sin registro certificado
[2026-07-22 19:09:59]   [MATCH] EXI_3590369 -> INVIMA 2023L-0012092 (Cerveza Trooper Ipa Marca Iron Maiden'S Trooper Marca Iron Maidens Trooper)
[2026-07-22 19:09:59]   [OK] Bloque completado en 18.76s. Acumulado: 188 con INVIMA, 222 sin registro.

[2026-07-22 19:10:07] === Bloque 42/69 (61.0%) | Modelo: deepseek-v4-flash | Procesando 411 a 420 de 689 ===
[2026-07-22 19:10:23]   [MATCH] EXI_3590370 -> INVIMA 2023L-0012092 (Cerveza Trooper Ipa Marca Iron Maiden'S Trooper Marca Iron Maidens Trooper)
[2026-07-22 19:10:23]   [NO MATCH] EXI_3598408 -> Sin registro certificado
[2026-07-22 19:10:23]   [NO MATCH] EXI_3602741 -> Sin registro certificado
[2026-07-22 19:10:23]   [NO MATCH] EXI_3606614 -> Sin registro certificado
[2026-07-22 19:10:23]   [MATCH] EXI_3608315 -> INVIMA 2023L-0012857 (Vino Tinto, Blanco , Rose Marca Gaviota)
[2026-07-22 19:10:23]   [MATCH] EXI_3608316 -> INVIMA 2023L-0012857 (Vino Tinto, Blanco , Rose Marca Gaviota)
[2026-07-22 19:10:23]   [MATCH] EXI_3608317 -> INVIMA 2023L-0012857 (Vino Tinto, Blanco , Rose Marca Gaviota)
[2026-07-22 19:10:23]   [MATCH] EXI_3616368 -> INVIMA 2016L-0008343 (Cerveza Premium De Trigo Marca Club Colombia)
[2026-07-22 19:10:23]   [MATCH] EXI_3616369 -> INVIMA 2016L-0008343 (Cerveza Premium De Trigo Marca Club Colombia)
[2026-07-22 19:10:23]   [MATCH] EXI_3616862 -> INVIMA 2021L-0010998 (Vino "Viña Mayor" Blanco Verdejo,)
[2026-07-22 19:10:23]   [OK] Bloque completado en 15.73s. Acumulado: 195 con INVIMA, 225 sin registro.

[2026-07-22 19:10:30] === Bloque 43/69 (62.4%) | Modelo: deepseek-v4-flash | Procesando 421 a 430 de 689 ===
[2026-07-22 19:10:43]   [NO MATCH] EXI_3617383 -> Sin registro certificado
[2026-07-22 19:10:43]   [NO MATCH] EXI_3617400 -> Sin registro certificado
[2026-07-22 19:10:43]   [MATCH] EXI_3617692 -> INVIMA 2020L-0010668 (Cerveza Marca Michelob Ultra)
[2026-07-22 19:10:43]   [MATCH] EXI_3617693 -> INVIMA 2020L-0010668 (Cerveza Marca Michelob Ultra)
[2026-07-22 19:10:43]   [NO MATCH] EXI_3617698 -> Sin registro certificado
[2026-07-22 19:10:43]   [NO MATCH] EXI_3617830 -> Sin registro certificado
[2026-07-22 19:10:43]   [MATCH] EXI_3617929 -> INVIMA 2023L-0012879 (Aguardiente-Tequila Tequila Blanco 100% De Agave El Cielo Patron)
[2026-07-22 19:10:43]   [MATCH] EXI_3622151 -> L-0005 (Aguardiente-Colombiano Aguardiente  Marca  Amarillo De Manzanares)
[2026-07-22 19:10:43]   [MATCH] EXI_3622152 -> L-0005 (Aguardiente-Colombiano Aguardiente  Marca  Amarillo De Manzanares)
[2026-07-22 19:10:43]   [MATCH] EXI_362899 -> INVIMA 2018L-0009345 (Vino Tinto Cabernet Sauvignon "Finca Flichman Misterio", Vino Blanco Chardonnay "Finca Flichman Misterio" Y Vino Tinto Malbec "Finca Flichman Misterio")
[2026-07-22 19:10:43]   [OK] Bloque completado en 12.93s. Acumulado: 201 con INVIMA, 229 sin registro.

[2026-07-22 19:10:49] === Bloque 44/69 (63.9%) | Modelo: deepseek-v4-flash | Procesando 431 a 440 de 689 ===
[2026-07-22 19:11:02]   [NO MATCH] EXI_3629599 -> Sin registro certificado
[2026-07-22 19:11:02]   [NO MATCH] EXI_3629600 -> Sin registro certificado
[2026-07-22 19:11:02]   [NO MATCH] EXI_3629601 -> Sin registro certificado
[2026-07-22 19:11:02]   [NO MATCH] EXI_3629933 -> Sin registro certificado
[2026-07-22 19:11:02]   [NO MATCH] EXI_3632422 -> Sin registro certificado
[2026-07-22 19:11:02]   [MATCH] EXI_3632697 -> INVIMA 2023L-0012401 (Cerveza Kristoffel White Marca Kristoffel)
[2026-07-22 19:11:02]   [MATCH] EXI_3632699 -> INVIMA 2023L-0012400 (Cerveza Kristoffel Blond Marca Kristoffel)
[2026-07-22 19:11:02]   [MATCH] EXI_3635554 -> INVIMA 2018L-0009586 (Vino Tinto Malbec, Vino Tinto Cabernet Franc, Vino Tinto Merlot, Vino Tinto Cabernet Sauvignon, Vino Blanco Chardonnay Marca Angelica Zapata.)
[2026-07-22 19:11:02]   [NO MATCH] EXI_3635969 -> Sin registro certificado
[2026-07-22 19:11:02]   [NO MATCH] EXI_3636330 -> Sin registro certificado
[2026-07-22 19:11:02]   [OK] Bloque completado en 12.88s. Acumulado: 204 con INVIMA, 236 sin registro.

[2026-07-22 19:11:09] === Bloque 45/69 (65.3%) | Modelo: deepseek-v4-flash | Procesando 441 a 450 de 689 ===
[2026-07-22 19:11:41]   [NO MATCH] EXI_3636838 -> Sin registro certificado
[2026-07-22 19:11:41]   [NO MATCH] EXI_3636840 -> Sin registro certificado
[2026-07-22 19:11:41]   [MATCH] EXI_3636910 -> INVIMA 2017L-0008982 (Aperitivos Especial - Sab Sabajon Tradicional Ciprés Marca Sabajon Cipres, 1976, Paipano)
[2026-07-22 19:11:41]   [NO MATCH] EXI_3639970 -> Sin registro certificado
[2026-07-22 19:11:41]   [NO MATCH] EXI_3645011 -> Sin registro certificado
[2026-07-22 19:11:41]   [MATCH] EXI_3648969 -> INVIMA L-000369 (Cerveza "Aguila")
[2026-07-22 19:11:41]   [NO MATCH] EXI_365913 -> Sin registro certificado
[2026-07-22 19:11:41]   [MATCH] EXI_365966 -> INVIMA 2002L-0000461 (Vino Tinto Protos Gran Reserva, Vino Tinto Protos Reserva, Vino Tinto Protos 27, Vino Tinto Protos Crianza, Vino Tinto Protos Ribera Duero Roble, Vino Tinto Protos Tempranillo Ecológico Marca Protos)
[2026-07-22 19:11:41]   [NO MATCH] EXI_367158 -> Sin registro certificado
[2026-07-22 19:11:41]   [MATCH] EXI_3678818 -> INVIMA L-000369 (Cerveza "Aguila")
[2026-07-22 19:11:41]   [OK] Bloque completado en 31.04s. Acumulado: 208 con INVIMA, 242 sin registro.

[2026-07-22 19:11:48] === Bloque 46/69 (66.8%) | Modelo: deepseek-v4-flash | Procesando 451 a 460 de 689 ===
[2026-07-22 19:12:09]   [MATCH] EXI_3678819 -> INVIMA 2014L-0007371 (Cerveza Aguila)
[2026-07-22 19:12:09]   [NO MATCH] EXI_3679858 -> Sin registro certificado
[2026-07-22 19:12:09]   [NO MATCH] EXI_3679859 -> Sin registro certificado
[2026-07-22 19:12:09]   [MATCH] EXI_368314 -> INVIMA 2006L-0002656 (Aguardiente-Ron Ron Bacardi Añejo (35% Vol.))
[2026-07-22 19:12:09]   [NO MATCH] EXI_3684693 -> Sin registro certificado
[2026-07-22 19:12:09]   [NO MATCH] EXI_3684893 -> Sin registro certificado
[2026-07-22 19:12:09]   [NO MATCH] EXI_3688557 -> Sin registro certificado
[2026-07-22 19:12:09]   [NO MATCH] EXI_3688558 -> Sin registro certificado
[2026-07-22 19:12:09]   [MATCH] EXI_3690081 -> INVIMA 2021L-0011035 (Aperitivo No Vinico Sabor A Limon Marca Baru Brews  Hard Seltzer)
[2026-07-22 19:12:09]   [MATCH] EXI_3690087 -> INVIMA 2021L-0011012 (Aperitivo No Vinico Aperitivo No Vínico Sabor A Frutos Rojos – Marca Babu Brews Hard Seltzer)
[2026-07-22 19:12:09]   [OK] Bloque completado en 20.92s. Acumulado: 212 con INVIMA, 248 sin registro.

[2026-07-22 19:12:16] === Bloque 47/69 (68.2%) | Modelo: deepseek-v4-flash | Procesando 461 a 470 de 689 ===
[2026-07-22 19:12:33]   [NO MATCH] EXI_3690280 -> Sin registro certificado
[2026-07-22 19:12:33]   [NO MATCH] EXI_3690281 -> Sin registro certificado
[2026-07-22 19:12:33]   [NO MATCH] EXI_3690282 -> Sin registro certificado
[2026-07-22 19:12:33]   [NO MATCH] EXI_3690283 -> Sin registro certificado
[2026-07-22 19:12:33]   [NO MATCH] EXI_3690284 -> Sin registro certificado
[2026-07-22 19:12:33]   [MATCH] EXI_3691043 -> INVIMA 2014L-0007332 (Cerveza Poker)
[2026-07-22 19:12:33]   [NO MATCH] EXI_3695913 -> Sin registro certificado
[2026-07-22 19:12:33]   [NO MATCH] EXI_3708483 -> Sin registro certificado
[2026-07-22 19:12:33]   [NO MATCH] EXI_3709596 -> Sin registro certificado
[2026-07-22 19:12:33]   [NO MATCH] EXI_3711343 -> Sin registro certificado
[2026-07-22 19:12:33]   [OK] Bloque completado en 17.65s. Acumulado: 213 con INVIMA, 257 sin registro.

[2026-07-22 19:12:41] === Bloque 48/69 (69.7%) | Modelo: deepseek-v4-flash | Procesando 471 a 480 de 689 ===
[2026-07-22 19:13:00]   [MATCH] EXI_3713490 -> INVIMA 2018L-0009610 (Vino Tinto Ig Alentejano, Vino Blanco Ig Alentejano Marca Convento Da Vila)
[2026-07-22 19:13:00]   [MATCH] EXI_3713491 -> INVIMA 2018L-0009610 (Vino Tinto Ig Alentejano, Vino Blanco Ig Alentejano Marca Convento Da Vila)
[2026-07-22 19:13:00]   [NO MATCH] EXI_3713494 -> Sin registro certificado
[2026-07-22 19:13:00]   [NO MATCH] EXI_3718984 -> Sin registro certificado
[2026-07-22 19:13:00]   [NO MATCH] EXI_3718985 -> Sin registro certificado
[2026-07-22 19:13:00]   [NO MATCH] EXI_3718986 -> Sin registro certificado
[2026-07-22 19:13:00]   [NO MATCH] EXI_3718988 -> Sin registro certificado
[2026-07-22 19:13:00]   [NO MATCH] EXI_3718989 -> Sin registro certificado
[2026-07-22 19:13:00]   [MATCH] EXI_3718990 -> INVIMA 2021L-0011156 (Vino Reserva Varietal Tinto Malbec Marca Finca El Origen)
[2026-07-22 19:13:00]   [NO MATCH] EXI_3728615 -> Sin registro certificado
[2026-07-22 19:13:00]   [OK] Bloque completado en 19.31s. Acumulado: 216 con INVIMA, 264 sin registro.

[2026-07-22 19:13:08] === Bloque 49/69 (71.1%) | Modelo: deepseek-v4-flash | Procesando 481 a 490 de 689 ===
[2026-07-22 19:13:29]   [MATCH] EXI_3728616 -> INVIMA2023LM-0012199 (Aperitivo No Vinico Limón - Kalamansi Marca Makai Hacia El Océano)
[2026-07-22 19:13:29]   [NO MATCH] EXI_3731303 -> Sin registro certificado
[2026-07-22 19:13:29]   [NO MATCH] EXI_3732273 -> Sin registro certificado
[2026-07-22 19:13:29]   [MATCH] EXI_3736186 -> INVIMA 2019L-0009977 (Cerveza Heineken)
[2026-07-22 19:13:29]   [MATCH] EXI_3736187 -> INVIMA 2019L-0009977 (Cerveza Heineken)
[2026-07-22 19:13:29]   [MATCH] EXI_3739284 -> INVIMA L-000630 (Cerveza Costeña)
[2026-07-22 19:13:29]   [MATCH] EXI_3739285 -> INVIMA L-000630 (Cerveza Costeña)
[2026-07-22 19:13:29]   [NO MATCH] EXI_3739427 -> Sin registro certificado
[2026-07-22 19:13:29]   [NO MATCH] EXI_3739428 -> Sin registro certificado
[2026-07-22 19:13:29]   [NO MATCH] EXI_3739429 -> Sin registro certificado
[2026-07-22 19:13:29]   [OK] Bloque completado en 21.27s. Acumulado: 221 con INVIMA, 269 sin registro.

[2026-07-22 19:13:35] === Bloque 50/69 (72.6%) | Modelo: deepseek-v4-flash | Procesando 491 a 500 de 689 ===
[2026-07-22 19:13:50]   [NO MATCH] EXI_3739430 -> Sin registro certificado
[2026-07-22 19:13:50]   [NO MATCH] EXI_3739768 -> Sin registro certificado
[2026-07-22 19:13:50]   [NO MATCH] EXI_3739769 -> Sin registro certificado
[2026-07-22 19:13:50]   [NO MATCH] EXI_3745802 -> Sin registro certificado
[2026-07-22 19:13:50]   [MATCH] EXI_3745883 -> INVIMA 2022L-0011979 (Aguardiente Colombiano (A Aguardiente, Diamante. Marca Aguardiente Diamante)
[2026-07-22 19:13:50]   [NO MATCH] EXI_3746056 -> Sin registro certificado
[2026-07-22 19:13:50]   [NO MATCH] EXI_3746057 -> Sin registro certificado
[2026-07-22 19:13:50]   [MATCH] EXI_3750927 -> INVIMA 2019L-0009826 (Cerveza Marca:  Corona Extra)
[2026-07-22 19:13:50]   [MATCH] EXI_3750928 -> INVIMA 2019L-0009826 (Cerveza Marca:  Corona Extra)
[2026-07-22 19:13:50]   [MATCH] EXI_3756210 -> INVIMA 2018L-0009523 (Cerveza, Marca Innis & Gunn Original)
[2026-07-22 19:13:50]   [OK] Bloque completado en 14.46s. Acumulado: 225 con INVIMA, 275 sin registro.

[2026-07-22 19:13:58] === Bloque 51/69 (74.0%) | Modelo: deepseek-v4-flash | Procesando 501 a 510 de 689 ===
[2026-07-22 19:14:10]   [MATCH] EXI_3757548 -> INVIMA 2024L-0013040 (Aguardiente-Tequila Tequila Blanco Marca Orendain)
[2026-07-22 19:14:10]   [MATCH] EXI_3757549 -> INVIMA 2023L-0012900 (Aguardiente-Tequila Tequila Reposado Orendain Extra)
[2026-07-22 19:14:10]   [NO MATCH] EXI_3757550 -> Sin registro certificado
[2026-07-22 19:14:10]   [NO MATCH] EXI_3757551 -> Sin registro certificado
[2026-07-22 19:14:10]   [NO MATCH] EXI_3759218 -> Sin registro certificado
[2026-07-22 19:14:10]   [NO MATCH] EXI_3759219 -> Sin registro certificado
[2026-07-22 19:14:10]   [NO MATCH] EXI_3760269 -> Sin registro certificado
[2026-07-22 19:14:10]   [NO MATCH] EXI_3760270 -> Sin registro certificado
[2026-07-22 19:14:10]   [NO MATCH] EXI_3760271 -> Sin registro certificado
[2026-07-22 19:14:10]   [MATCH] EXI_3760272 -> INVIMA 2022L-0011961 (Coctel De Tequila Sabor A Toronja  Marca  Mamitas)
[2026-07-22 19:14:10]   [OK] Bloque completado en 11.23s. Acumulado: 228 con INVIMA, 282 sin registro.

[2026-07-22 19:14:16] === Bloque 52/69 (75.5%) | Modelo: deepseek-v4-flash | Procesando 511 a 520 de 689 ===
[2026-07-22 19:14:32]   [MATCH] EXI_3769025 -> INVIMA 2018L-0009361 (Cerveza Cusqueña Trigo)
[2026-07-22 19:14:32]   [NO MATCH] EXI_3769026 -> Sin registro certificado
[2026-07-22 19:14:32]   [NO MATCH] EXI_3769027 -> Sin registro certificado
[2026-07-22 19:14:32]   [NO MATCH] EXI_3772476 -> Sin registro certificado
[2026-07-22 19:14:32]   [MATCH] EXI_3772803 -> INVIMA 2008L-0003839 (Tequila Silver Reserva  1800)
[2026-07-22 19:14:32]   [NO MATCH] EXI_3776615 -> Sin registro certificado
[2026-07-22 19:14:32]   [MATCH] EXI_3778056 -> INVIMA 2013L-0006706 (Cerveza Marca"Miller Lite")
[2026-07-22 19:14:32]   [NO MATCH] EXI_3778099 -> Sin registro certificado
[2026-07-22 19:14:32]   [NO MATCH] EXI_3778223 -> Sin registro certificado
[2026-07-22 19:14:32]   [MATCH] EXI_3785502 -> INVIMA 2018L-0009436 (Cerveza Marca Andina Light)
[2026-07-22 19:14:32]   [OK] Bloque completado en 15.8s. Acumulado: 232 con INVIMA, 288 sin registro.

[2026-07-22 19:14:40] === Bloque 53/69 (76.9%) | Modelo: deepseek-v4-flash | Procesando 521 a 530 de 689 ===
[2026-07-22 19:14:54]   [MATCH] EXI_3787493 -> INVIMA 2016L-0008298 (Cerveza Sol)
[2026-07-22 19:14:54]   [NO MATCH] EXI_3788823 -> Sin registro certificado
[2026-07-22 19:14:54]   [NO MATCH] EXI_3788824 -> Sin registro certificado
[2026-07-22 19:14:54]   [MATCH] EXI_3788915 -> INVIMA 2016L-0008097 (Cerveza Pilsener "Flensburger")
[2026-07-22 19:14:54]   [MATCH] EXI_3788916 -> INVIMA 2016L-0008097 (Cerveza Pilsener "Flensburger")
[2026-07-22 19:14:54]   [MATCH] EXI_3788917 -> INVIMA 2017L-0008618 (Cerveza Weizen Marca Flensburger.)
[2026-07-22 19:14:54]   [NO MATCH] EXI_378971 -> Sin registro certificado
[2026-07-22 19:14:54]   [NO MATCH] EXI_3789997 -> Sin registro certificado
[2026-07-22 19:14:54]   [NO MATCH] EXI_3790312 -> Sin registro certificado
[2026-07-22 19:14:54]   [MATCH] EXI_3796186 -> INVIMA 2023L-0012894 (Vino Blanco, Vino Tinto Y Vino Rosado Marca Luciente)
[2026-07-22 19:14:54]   [OK] Bloque completado en 14.0s. Acumulado: 237 con INVIMA, 293 sin registro.

[2026-07-22 19:15:02] === Bloque 54/69 (78.4%) | Modelo: deepseek-v4-flash | Procesando 531 a 540 de 689 ===
[2026-07-22 19:15:23]   [MATCH] EXI_3796187 -> INVIMA 2023L-0012894 (Vino Blanco, Vino Tinto Y Vino Rosado Marca Luciente)
[2026-07-22 19:15:23]   [MATCH] EXI_3796188 -> INVIMA 2023L-0012894 (Vino Blanco, Vino Tinto Y Vino Rosado Marca Luciente)
[2026-07-22 19:15:23]   [MATCH] EXI_3797557 -> INVIMA 2020L-0010822 (Licor Jinro Marca Chamisul Soju Since 1924)
[2026-07-22 19:15:23]   [MATCH] EXI_3797558 -> INVIMA 2020L-0010822 (Licor Jinro Marca Chamisul Soju Since 1924)
[2026-07-22 19:15:23]   [MATCH] EXI_3798522 -> INVIMA 2014L-0007431 (Vino Espumoso Riccadonna Brut "Riccadonna")
[2026-07-22 19:15:23]   [MATCH] EXI_3798523 -> INVIMA 2014L-0007431 (Vino Espumoso Riccadonna Brut "Riccadonna")
[2026-07-22 19:15:23]   [NO MATCH] EXI_3806394 -> Sin registro certificado
[2026-07-22 19:15:23]   [MATCH] EXI_3807294 -> INVIMA 2018L-0009436 (Cerveza Marca Andina Light)
[2026-07-22 19:15:23]   [MATCH] EXI_3807304 -> INVIMA 2018L-0009414 (Cerveza Marca Andina)
[2026-07-22 19:15:23]   [NO MATCH] EXI_3814159 -> Sin registro certificado
[2026-07-22 19:15:23]   [OK] Bloque completado en 20.25s. Acumulado: 245 con INVIMA, 295 sin registro.

[2026-07-22 19:15:30] === Bloque 55/69 (79.8%) | Modelo: deepseek-v4-flash | Procesando 541 a 550 de 689 ===
[2026-07-22 19:15:49]   [NO MATCH] EXI_3814160 -> Sin registro certificado
[2026-07-22 19:15:49]   [MATCH] EXI_3814696 -> INVIMA 2020L-0010668 (Cerveza Marca Michelob Ultra)
[2026-07-22 19:15:49]   [MATCH] EXI_3814697 -> INVIMA 2020L-0010668 (Cerveza Marca Michelob Ultra)
[2026-07-22 19:15:49]   [NO MATCH] EXI_3814990 -> Sin registro certificado
[2026-07-22 19:15:49]   [NO MATCH] EXI_381513 -> Sin registro certificado
[2026-07-22 19:15:49]   [MATCH] EXI_3817033 -> INVIMA 2023L-0012531 (Vino Antaño Tinto Vendimia Seleccionada Y Vino Antaño Tinto Tempranillo)
[2026-07-22 19:15:49]   [MATCH] EXI_3817172 -> INVIMA L-000128 (Cerveza" Negra Modelo")
[2026-07-22 19:15:49]   [MATCH] EXI_3817173 -> INVIMA L-000128 (Cerveza" Negra Modelo")
[2026-07-22 19:15:49]   [MATCH] EXI_3821304 -> INVIMA 2006L-0003033 (Vino Tinto Reserva, Vino Tinto Cosecha Y Vino Tinto Crianza Marca Antaño)
[2026-07-22 19:15:49]   [NO MATCH] EXI_3822433 -> Sin registro certificado
[2026-07-22 19:15:49]   [OK] Bloque completado en 18.88s. Acumulado: 251 con INVIMA, 299 sin registro.

[2026-07-22 19:15:58] === Bloque 56/69 (81.3%) | Modelo: deepseek-v4-flash | Procesando 551 a 560 de 689 ===
[2026-07-22 19:16:16]   [MATCH] EXI_3832356 -> INVIMA 2019L-0009985 (Aguardiente Sin Azucar Amarillo De Manzanares)
[2026-07-22 19:16:16]   [MATCH] EXI_3832357 -> INVIMA 2019L-0009985 (Aguardiente Sin Azucar Amarillo De Manzanares)
[2026-07-22 19:16:16]   [NO MATCH] EXI_383560 -> Sin registro certificado
[2026-07-22 19:16:16]   [MATCH] EXI_3842944 -> L-003706 (Cerveza Heineken Marca Heineken)
[2026-07-22 19:16:16]   [MATCH] EXI_3854106 -> INVIMA 2023L-0012896 (Vino Blanco Verdejo Sauvignon Blanc Do Mancha, Vino Rosado Shiraz Garnacha Rosado Do Manchuela Marca Toro Bravo)
[2026-07-22 19:16:16]   [MATCH] EXI_3854107 -> INVIMA 2023L-0012895 (Vino Tinto Tempranillo Merlot, Vino Tinto Selección Tinto Cabernet Sauvignon Monastrell. Marca Toro Bravo)
[2026-07-22 19:16:16]   [MATCH] EXI_3854108 -> INVIMA 2023L-0012895 (Vino Tinto Tempranillo Merlot, Vino Tinto Selección Tinto Cabernet Sauvignon Monastrell. Marca Toro Bravo)
[2026-07-22 19:16:16]   [NO MATCH] EXI_3855117 -> Sin registro certificado
[2026-07-22 19:16:16]   [NO MATCH] EXI_3857624 -> Sin registro certificado
[2026-07-22 19:16:16]   [MATCH] EXI_3861797 -> INVIMA 2024L-0012971 (Licor De Hierbas Con Café Cold Brew Coffee Jagermeister)
[2026-07-22 19:16:16]   [OK] Bloque completado en 17.77s. Acumulado: 258 con INVIMA, 302 sin registro.

[2026-07-22 19:16:23] === Bloque 57/69 (82.7%) | Modelo: deepseek-v4-flash | Procesando 561 a 570 de 689 ===
[2026-07-22 19:16:47]   [MATCH] EXI_386984 -> INVIMA 2006L-0002910 (Vino Tinto Merlot, Vino Tinto Cabernet Sauvignon, Vino Blanco Chardonnay, Vino Tinto Carmenere "Emiliana")
[2026-07-22 19:16:47]   [NO MATCH] EXI_399836 -> Sin registro certificado
[2026-07-22 19:16:47]   [NO MATCH] EXI_400391 -> Sin registro certificado
[2026-07-22 19:16:47]   [NO MATCH] EXI_400640 -> Sin registro certificado
[2026-07-22 19:16:47]   [MATCH] EXI_401612 -> INVIMA 2017L-0008667 (Cerveza Paulaner Weissbier Marca Paulaner.)
[2026-07-22 19:16:47]   [NO MATCH] EXI_411877 -> Sin registro certificado
[2026-07-22 19:16:47]   [NO MATCH] EXI_413240 -> Sin registro certificado
[2026-07-22 19:16:47]   [NO MATCH] EXI_413618 -> Sin registro certificado
[2026-07-22 19:16:47]   [NO MATCH] EXI_417553 -> Sin registro certificado
[2026-07-22 19:16:47]   [MATCH] EXI_418297 -> INVIMA L-000632 (Cerveza "Poker")
[2026-07-22 19:16:47]   [OK] Bloque completado en 23.68s. Acumulado: 261 con INVIMA, 309 sin registro.

[2026-07-22 19:16:55] === Bloque 58/69 (84.2%) | Modelo: deepseek-v4-flash | Procesando 571 a 580 de 689 ===
[2026-07-22 19:17:12]   [NO MATCH] EXI_418905 -> Sin registro certificado
[2026-07-22 19:17:12]   [MATCH] EXI_420166 -> INVIMA 2020L-0010743 (Vino Tinto Merlot Marca Bodega Volcanes De Chile)
[2026-07-22 19:17:12]   [NO MATCH] EXI_422196 -> Sin registro certificado
[2026-07-22 19:17:12]   [MATCH] EXI_437603 -> INVIMA 2011L-0005630 (Cerveza Premium Pils Bitburger Marca Bitburger Bitte Ein Bit)
[2026-07-22 19:17:12]   [MATCH] EXI_442798 -> INVIMA 2014L-0007220 (Vino Tinto Cabernet Sauvignon Fuego Austral, Vino Blanco Chardonay Fuego Austral, Vino Tinto Merlot  Fuego Austral)
[2026-07-22 19:17:12]   [MATCH] EXI_442985 -> INVIMA 2014L-0007220 (Vino Tinto Cabernet Sauvignon Fuego Austral, Vino Blanco Chardonay Fuego Austral, Vino Tinto Merlot  Fuego Austral)
[2026-07-22 19:17:12]   [NO MATCH] EXI_443964 -> Sin registro certificado
[2026-07-22 19:17:12]   [NO MATCH] EXI_449804 -> Sin registro certificado
[2026-07-22 19:17:12]   [MATCH] EXI_456300 -> INVIMA 2007L-0003540 (Aguardiente-Ron Ron Medellin Extra Añejo 8 Años)
[2026-07-22 19:17:12]   [NO MATCH] EXI_469617 -> Sin registro certificado
[2026-07-22 19:17:12]   [OK] Bloque completado en 17.05s. Acumulado: 266 con INVIMA, 314 sin registro.

[2026-07-22 19:17:19] === Bloque 59/69 (85.6%) | Modelo: deepseek-v4-flash | Procesando 581 a 590 de 689 ===
[2026-07-22 19:17:44]   [NO MATCH] EXI_469678 -> Sin registro certificado
[2026-07-22 19:17:44]   [MATCH] EXI_496003 -> INVIMA 2018L-0009749 (Cerveza Bitburger Premium Marca Bitburger Bitte Ein Bit)
[2026-07-22 19:17:44]   [NO MATCH] EXI_496039 -> Sin registro certificado
[2026-07-22 19:17:44]   [MATCH] EXI_496390 -> INVIMA 2011L-0005630 (Cerveza Premium Pils Bitburger Marca Bitburger Bitte Ein Bit)
[2026-07-22 19:17:44]   [NO MATCH] EXI_498890 -> Sin registro certificado
[2026-07-22 19:17:44]   [MATCH] EXI_511290 -> INVIMA 2015L-0007805 (Vino Tinto Cabernet Sauvignon / Carmenere  Marca Frontera)
[2026-07-22 19:17:44]   [NO MATCH] EXI_512928 -> Sin registro certificado
[2026-07-22 19:17:44]   [NO MATCH] EXI_524950 -> Sin registro certificado
[2026-07-22 19:17:44]   [MATCH] EXI_534714 -> INVIMA 2021L-0010883 (Vino Blanco Carmen Gran Reserva Sauvignon Blanc)
[2026-07-22 19:17:44]   [MATCH] EXI_534803 -> INVIMA 2023L-0012305 (Vino Tinto Carmen Frida Kahlo Reserva Merlot)
[2026-07-22 19:17:44]   [OK] Bloque completado en 24.73s. Acumulado: 271 con INVIMA, 319 sin registro.

[2026-07-22 19:17:53] === Bloque 60/69 (87.1%) | Modelo: deepseek-v4-flash | Procesando 591 a 600 de 689 ===
[2026-07-22 19:18:27]   [MATCH] EXI_534864 -> INVIMA 2021L-0010919 (Vino Tinto Carmen El Compas Estate Reserva Carmenere)
[2026-07-22 19:18:27]   [MATCH] EXI_534948 -> INVIMA 2015L-0007571 (Vino Tinto Carmen Gold Cabernet Sauvignon Marca Carmen)
[2026-07-22 19:18:27]   [NO MATCH] EXI_53797 -> Sin registro certificado
[2026-07-22 19:18:27]   [MATCH] EXI_539336 -> INVIMA 2014L-0007220 (Vino Tinto Cabernet Sauvignon Fuego Austral, Vino Blanco Chardonay Fuego Austral, Vino Tinto Merlot  Fuego Austral)
[2026-07-22 19:18:27]   [NO MATCH] EXI_54104 -> Sin registro certificado
[2026-07-22 19:18:27]   [MATCH] EXI_547871 -> INVIMA 2022L-0011527 (Vino Rosado Malbec Marca Alamos)
[2026-07-22 19:18:27]   [NO MATCH] EXI_567458 -> Sin registro certificado
[2026-07-22 19:18:27]   [NO MATCH] EXI_567538 -> Sin registro certificado
[2026-07-22 19:18:27]   [NO MATCH] EXI_567813 -> Sin registro certificado
[2026-07-22 19:18:27]   [MATCH] EXI_568556 -> INVIMA 2016L-0008337 (Vino Blanco Zinfandel Private Selection Marca Robert Mondavi)
[2026-07-22 19:18:27]   [OK] Bloque completado en 34.15s. Acumulado: 276 con INVIMA, 324 sin registro.

[2026-07-22 19:18:34] === Bloque 61/69 (88.5%) | Modelo: deepseek-v4-flash | Procesando 601 a 610 de 689 ===
[2026-07-22 19:18:55]   [NO MATCH] EXI_569395 -> Sin registro certificado
[2026-07-22 19:18:55]   [NO MATCH] EXI_571660 -> Sin registro certificado
[2026-07-22 19:18:55]   [MATCH] EXI_589158 -> INVIMA 2003L-0001123 R1 (Licor Sabor A Vodka Marca Tropkaya)
[2026-07-22 19:18:55]   [MATCH] EXI_597828 -> INVIMA 2015L-0007739 (Cerveza Alemana De Trigo Rubia Urweisse Marca Erdinger Weissbrau Marca Erdigner Weissbrau)
[2026-07-22 19:18:55]   [MATCH] EXI_597830 -> INVIMA 2003L-0001320 R1 (Cerveza Alemana De Trigo Negra "Erdinger")
[2026-07-22 19:18:55]   [MATCH] EXI_597841 -> INVIMA 2003L-0001317 (Cerveza Alemana De Trigo Erdinger)
[2026-07-22 19:18:55]   [NO MATCH] EXI_600919 -> Sin registro certificado
[2026-07-22 19:18:55]   [NO MATCH] EXI_601285 -> Sin registro certificado
[2026-07-22 19:18:55]   [NO MATCH] EXI_601907 -> Sin registro certificado
[2026-07-22 19:18:55]   [NO MATCH] EXI_605402 -> Sin registro certificado
[2026-07-22 19:18:55]   [OK] Bloque completado en 20.91s. Acumulado: 280 con INVIMA, 330 sin registro.

[2026-07-22 19:19:04] === Bloque 62/69 (90.0%) | Modelo: deepseek-v4-flash | Procesando 611 a 620 de 689 ===
[2026-07-22 19:19:31]   [NO MATCH] EXI_606721 -> Sin registro certificado
[2026-07-22 19:19:31]   [NO MATCH] EXI_607031 -> Sin registro certificado
[2026-07-22 19:19:31]   [NO MATCH] EXI_608256 -> Sin registro certificado
[2026-07-22 19:19:31]   [NO MATCH] EXI_623605 -> Sin registro certificado
[2026-07-22 19:19:31]   [NO MATCH] EXI_625409 -> Sin registro certificado
[2026-07-22 19:19:31]   [NO MATCH] EXI_628443 -> Sin registro certificado
[2026-07-22 19:19:31]   [NO MATCH] EXI_632883 -> Sin registro certificado
[2026-07-22 19:19:31]   [NO MATCH] EXI_633394 -> Sin registro certificado
[2026-07-22 19:19:31]   [NO MATCH] EXI_634146 -> Sin registro certificado
[2026-07-22 19:19:31]   [NO MATCH] EXI_647204 -> Sin registro certificado
[2026-07-22 19:19:31]   [OK] Bloque completado en 27.04s. Acumulado: 280 con INVIMA, 340 sin registro.

[2026-07-22 19:19:37] === Bloque 63/69 (91.4%) | Modelo: deepseek-v4-flash | Procesando 621 a 630 de 689 ===
[2026-07-22 19:20:01]   [MATCH] EXI_647538 -> INVIMA 2017L-0008814 (Vino Tinto Vibrante Lambrusco Grasparossa Amabile Colli Di Scandiano E Di Canossa Doc Marca Riunite)
[2026-07-22 19:20:01]   [NO MATCH] EXI_647606 -> Sin registro certificado
[2026-07-22 19:20:01]   [NO MATCH] EXI_64761 -> Sin registro certificado
[2026-07-22 19:20:01]   [MATCH] EXI_668214 -> INVIMA 2014L-0007331 (Cerveza Dorada Club Colombia Marca Club Colombia Dorada)
[2026-07-22 19:20:01]   [MATCH] EXI_668973 -> INVIMA 2014L-0007331 (Cerveza Dorada Club Colombia Marca Club Colombia Dorada)
[2026-07-22 19:20:01]   [NO MATCH] EXI_671772 -> Sin registro certificado
[2026-07-22 19:20:01]   [MATCH] EXI_681049 -> INVIMA 2021L-0011284 (Cerveza Delirium Tremens)
[2026-07-22 19:20:01]   [MATCH] EXI_682244 -> INVIMA 2023L-0012166 (Cerveza Delirium Nocturnum)
[2026-07-22 19:20:01]   [NO MATCH] EXI_68308 -> Sin registro certificado
[2026-07-22 19:20:01]   [MATCH] EXI_695041 -> INVIMA 2006L-0002910 (Vino Tinto Merlot, Vino Tinto Cabernet Sauvignon, Vino Blanco Chardonnay, Vino Tinto Carmenere "Emiliana")
[2026-07-22 19:20:01]   [OK] Bloque completado en 23.91s. Acumulado: 286 con INVIMA, 344 sin registro.

[2026-07-22 19:20:09] === Bloque 64/69 (92.9%) | Modelo: deepseek-v4-flash | Procesando 631 a 640 de 689 ===
[2026-07-22 19:20:27]   [NO MATCH] EXI_695044 -> Sin registro certificado
[2026-07-22 19:20:27]   [NO MATCH] EXI_698609 -> Sin registro certificado
[2026-07-22 19:20:27]   [MATCH] EXI_719617 -> INVIMA 2015L-0007710 (Vino Tinto Roble, Vino Tinto Crianza, Vino Tinto Reserva, Vino Tinto Gran Reserva Marca Viña Mayor)
[2026-07-22 19:20:27]   [NO MATCH] EXI_721201 -> Sin registro certificado
[2026-07-22 19:20:27]   [MATCH] EXI_740240 -> INVIMA L-002280 (Aperitivo No Vinico Piña Colada  "Convier")
[2026-07-22 19:20:27]   [NO MATCH] EXI_740881 -> Sin registro certificado
[2026-07-22 19:20:27]   [NO MATCH] EXI_748519 -> Sin registro certificado
[2026-07-22 19:20:27]   [MATCH] EXI_757214 -> INVIMA 2019L-0009998 (Cerveza Hell Marca Benediktiner)
[2026-07-22 19:20:27]   [NO MATCH] EXI_762600 -> Sin registro certificado
[2026-07-22 19:20:27]   [MATCH] EXI_763156 -> INVIMA L-000875 (Vino Gallo Family Vineyards Cabernet Sauvignon Marca Gallo Family Vineyards)
[2026-07-22 19:20:27]   [OK] Bloque completado en 18.14s. Acumulado: 290 con INVIMA, 350 sin registro.

[2026-07-22 19:20:35] === Bloque 65/69 (94.3%) | Modelo: deepseek-v4-flash | Procesando 641 a 650 de 689 ===
[2026-07-22 19:20:56]   [NO MATCH] EXI_763316 -> Sin registro certificado
[2026-07-22 19:20:56]   [MATCH] EXI_765538 -> INVIMA 2009L-0004656 (Vino Espumoso Vino Espumante Blanco Brut - Vin Mousseux " Duc De Paris")
[2026-07-22 19:20:56]   [MATCH] EXI_767762 -> INVIMA 2014L-0007144 (Vino Espumoso Natural - C Vino Espumoso Anna De Codorniu Brut Rose)
[2026-07-22 19:20:56]   [NO MATCH] EXI_768326 -> Sin registro certificado
[2026-07-22 19:20:56]   [MATCH] EXI_768790 -> INVIMA L-000563 (Vino Blanco Castillo De Liria. Vino Blanco Castillo De Liria Organic.)
[2026-07-22 19:20:56]   [NO MATCH] EXI_769312 -> Sin registro certificado
[2026-07-22 19:20:56]   [NO MATCH] EXI_769328 -> Sin registro certificado
[2026-07-22 19:20:56]   [NO MATCH] EXI_769665 -> Sin registro certificado
[2026-07-22 19:20:56]   [NO MATCH] EXI_771785 -> Sin registro certificado
[2026-07-22 19:20:56]   [NO MATCH] EXI_771874 -> Sin registro certificado
[2026-07-22 19:20:56]   [OK] Bloque completado en 20.78s. Acumulado: 293 con INVIMA, 357 sin registro.

[2026-07-22 19:21:03] === Bloque 66/69 (95.8%) | Modelo: deepseek-v4-flash | Procesando 651 a 660 de 689 ===
[2026-07-22 19:21:27]   [NO MATCH] EXI_777670 -> Sin registro certificado
[2026-07-22 19:21:27]   [MATCH] EXI_777982 -> INVIMA L-001629 (Licor Bitter Campari)
[2026-07-22 19:21:27]   [MATCH] EXI_783069 -> INVIMA 2012L-0006106 (Vino Blanco Sauvignon Blanc, Vino Tinto Cabernet Sauvignon, Vino Tinto Merlot,  Vino Tinto Carmenere Marca Tocornal)
[2026-07-22 19:21:27]   [MATCH] EXI_783173 -> INVIMA 2012L-0006106 (Vino Blanco Sauvignon Blanc, Vino Tinto Cabernet Sauvignon, Vino Tinto Merlot,  Vino Tinto Carmenere Marca Tocornal)
[2026-07-22 19:21:27]   [NO MATCH] EXI_784789 -> Sin registro certificado
[2026-07-22 19:21:27]   [NO MATCH] EXI_784975 -> Sin registro certificado
[2026-07-22 19:21:27]   [MATCH] EXI_79223 -> INVIMA 2007L-0003235 (Vino Blanco Sauvignon Blanc " Los Vascos ")
[2026-07-22 19:21:27]   [NO MATCH] EXI_797019 -> Sin registro certificado
[2026-07-22 19:21:27]   [NO MATCH] EXI_801009 -> Sin registro certificado
[2026-07-22 19:21:27]   [NO MATCH] EXI_801110 -> Sin registro certificado
[2026-07-22 19:21:27]   [OK] Bloque completado en 24.32s. Acumulado: 297 con INVIMA, 363 sin registro.

[2026-07-22 19:21:34] === Bloque 67/69 (97.2%) | Modelo: deepseek-v4-flash | Procesando 661 a 670 de 689 ===
[2026-07-22 19:22:04]   [NO MATCH] EXI_803005 -> Sin registro certificado
[2026-07-22 19:22:04]   [MATCH] EXI_806697 -> INVIMA L-000369 (Cerveza "Aguila")
[2026-07-22 19:22:04]   [MATCH] EXI_806729 -> INVIMA 2011L-0005534 (Cerveza Marca Aguila Light)
[2026-07-22 19:22:04]   [NO MATCH] EXI_806937 -> Sin registro certificado
[2026-07-22 19:22:04]   [NO MATCH] EXI_806963 -> Sin registro certificado
[2026-07-22 19:22:04]   [MATCH] EXI_813768 -> INVIMA 2016L-0008338 (Vino Tinto Cabernet Sauvignon Winery Napa Valley. Vino Blanco Chardonnay Winery Napa Valley, Vino Tinto Merlot Winery Napa Valley Marca Robert Mondavi)
[2026-07-22 19:22:04]   [MATCH] EXI_82286 -> INVIMA 2020L-0010707 (Aperitivo Vinico Rosado De Manzana Cariñoso)
[2026-07-22 19:22:04]   [NO MATCH] EXI_828466 -> Sin registro certificado
[2026-07-22 19:22:04]   [NO MATCH] EXI_853127 -> Sin registro certificado
[2026-07-22 19:22:04]   [MATCH] EXI_854131 -> INVIMA 2016L-0008438 (Aguardiente  Antioqueño 24° Sin Azúcar)
[2026-07-22 19:22:04]   [OK] Bloque completado en 29.43s. Acumulado: 302 con INVIMA, 368 sin registro.

[2026-07-22 19:22:10] === Bloque 68/69 (98.7%) | Modelo: deepseek-v4-flash | Procesando 671 a 680 de 689 ===
[2026-07-22 19:22:39]   [MATCH] EXI_854721 -> INVIMA 2024L-0012935 (Vino Rosado Mil Rosas Norton)
[2026-07-22 19:22:39]   [MATCH] EXI_867745 -> INVIMA 2007L-0003239 (Vino Blanco Chardonnay  " Los Vascos ")
[2026-07-22 19:22:39]   [MATCH] EXI_882476 -> INVIMA 2011L-0005534 (Cerveza Marca Aguila Light)
[2026-07-22 19:22:39]   [NO MATCH] EXI_888659 -> Sin registro certificado
[2026-07-22 19:22:39]   [NO MATCH] EXI_916715 -> Sin registro certificado
[2026-07-22 19:22:39]   [MATCH] EXI_934995 -> INVIMA 2022L-0011570 (Vino Tinto Sonoma County Cabernet Sauvignon, Vino Tinto Napa Valley Cabernet Sauvignon Marca Louis M. Martini)
[2026-07-22 19:22:39]   [NO MATCH] EXI_943910 -> Sin registro certificado
[2026-07-22 19:22:39]   [NO MATCH] EXI_943918 -> Sin registro certificado
[2026-07-22 19:22:39]   [NO MATCH] EXI_945485 -> Sin registro certificado
[2026-07-22 19:22:39]   [MATCH] EXI_955963 -> INVIMA 2019L-0009977 (Cerveza Heineken)
[2026-07-22 19:22:39]   [OK] Bloque completado en 28.45s. Acumulado: 307 con INVIMA, 373 sin registro.

[2026-07-22 19:22:47] === Bloque 69/69 (100.0%) | Modelo: deepseek-v4-flash | Procesando 681 a 689 de 689 ===
[2026-07-22 19:23:05]   [MATCH] EXI_956710 -> INVIMA 2019L-0009977 (Cerveza Heineken)
[2026-07-22 19:23:05]   [NO MATCH] EXI_961801 -> Sin registro certificado
[2026-07-22 19:23:05]   [NO MATCH] EXI_963404 -> Sin registro certificado
[2026-07-22 19:23:05]   [MATCH] EXI_965970 -> INVIMA 2014L-0007250 (Vino Blanco  Sauvignon Blanc Navarro Correas Coleccion Privada Marca Navarro Correas Colecion Privada)
[2026-07-22 19:23:05]   [NO MATCH] EXI_966710 -> Sin registro certificado
[2026-07-22 19:23:05]   [NO MATCH] EXI_966722 -> Sin registro certificado
[2026-07-22 19:23:05]   [NO MATCH] EXI_966728 -> Sin registro certificado
[2026-07-22 19:23:05]   [NO MATCH] EXI_969255 -> Sin registro certificado
[2026-07-22 19:23:05]   [NO MATCH] EXI_977516 -> Sin registro certificado
[2026-07-22 19:23:05]   [OK] Bloque completado en 17.61s. Acumulado: 309 con INVIMA, 380 sin registro.

[2026-07-22 19:23:05] ==================================================
[2026-07-22 19:23:05] PROCESO DE MATCHING DEEPSEEK FINALIZADO (2123.32s)
[2026-07-22 19:23:05]   Modelo utilizado       : deepseek-v4-flash
[2026-07-22 19:23:05]   Emparejados con exito : 309
[2026-07-22 19:23:05]   Sin registro certificado: 380
[2026-07-22 19:23:05] ==================================================

[2026-07-22 19:43:20]   [NO MATCH] EXI_1126293 -> Sin registro certificado
[2026-07-22 19:43:20]   [NO MATCH] EXI_1160011 -> Sin registro certificado
[2026-07-22 19:43:20]   [NO MATCH] EXI_1160016 -> Sin registro certificado
[2026-07-22 19:43:20]   [NO MATCH] EXI_1172078 -> Sin registro certificado
[2026-07-22 19:43:20]   [NO MATCH] EXI_1175773 -> Sin registro certificado
[2026-07-22 19:43:20]   [NO MATCH] EXI_120074 -> Sin registro certificado
[2026-07-22 19:43:20]   [NO MATCH] EXI_1231180 -> Sin registro certificado
[2026-07-22 19:43:20]   [MATCH RE-EVALUADO] EXI_1233786 -> INVIMA 2017L-0008809 (Cerveza Schöfferhofer Hefeweizen Marca Schöfferhofer)
[2026-07-22 19:43:20]   [NO MATCH] EXI_124248358 -> Sin registro certificado
[2026-07-22 19:43:20]   [NO MATCH] EXI_125263 -> Sin registro certificado
[2026-07-22 19:43:20]   [OK] Bloque completado en 17.37s. Acumulado en esta ronda: 3 nuevos con INVIMA, 17 sin registro.

[2026-07-22 19:43:26] === Bloque 3/39 (7.8%) | Modelo: deepseek-v4-flash | Procesando 21 a 30 de 386 ===
[2026-07-22 19:44:07]   [MATCH RE-EVALUADO] EXI_1264419 -> INVIMA 2019L-0010380 (Vino Blanco Chardonnay Trentino Doc Marca Castel Firmian)
[2026-07-22 19:44:07]   [NO MATCH] EXI_127799 -> Sin registro certificado
[2026-07-22 19:44:07]   [MATCH RE-EVALUADO] EXI_1311148 -> INVIMA 2016L-0008323 (Vino Blanco Tall Horse Chardonnay, Vino Tinto Tall Horse Shiraz, Vino Tinto Tall Horse Cabernet Sauvignon, Vino Tinto Tall Horse Merlot Y Vino Tinto Tall Horse Pinotage Marca Tall Horse.)
[2026-07-22 19:44:07]   [MATCH RE-EVALUADO] EXI_1311149 -> INVIMA 2016L-0008323 (Vino Blanco Tall Horse Chardonnay, Vino Tinto Tall Horse Shiraz, Vino Tinto Tall Horse Cabernet Sauvignon, Vino Tinto Tall Horse Merlot Y Vino Tinto Tall Horse Pinotage Marca Tall Horse.)
[2026-07-22 19:44:07]   [MATCH RE-EVALUADO] EXI_1311150 -> INVIMA 2016L-0008323 (Vino Blanco Tall Horse Chardonnay, Vino Tinto Tall Horse Shiraz, Vino Tinto Tall Horse Cabernet Sauvignon, Vino Tinto Tall Horse Merlot Y Vino Tinto Tall Horse Pinotage Marca Tall Horse.)
[2026-07-22 19:44:07]   [MATCH RE-EVALUADO] EXI_1311152 -> INVIMA 2016L-0008323 (Vino Blanco Tall Horse Chardonnay, Vino Tinto Tall Horse Shiraz, Vino Tinto Tall Horse Cabernet Sauvignon, Vino Tinto Tall Horse Merlot Y Vino Tinto Tall Horse Pinotage Marca Tall Horse.)
[2026-07-22 19:44:07]   [NO MATCH] EXI_1311470 -> Sin registro certificado
[2026-07-22 19:44:07]   [MATCH RE-EVALUADO] EXI_1313746 -> INVIMA 2001L-0000302 (Vino Tinto Malbec Casillero Del Diablo Reserva)
[2026-07-22 19:44:07]   [MATCH RE-EVALUADO] EXI_1313925 -> INVIMA 2017L-0008803 (Whisky Blended Scotch Marca The Highland Supreme)
[2026-07-22 19:44:07]   [MATCH RE-EVALUADO] EXI_1314588 -> INVIMA 2012L-0006106 (Vino Tinto Tocornal Merlot)
[2026-07-22 19:44:07]   [OK] Bloque completado en 41.31s. Acumulado en esta ronda: 11 nuevos con INVIMA, 19 sin registro.

[2026-07-22 19:44:15] === Bloque 4/39 (10.4%) | Modelo: deepseek-v4-flash | Procesando 31 a 40 de 386 ===
[2026-07-22 19:44:41]   [NO MATCH] EXI_1318654 -> Sin registro certificado
[2026-07-22 19:44:41]   [NO MATCH] EXI_1324776 -> Sin registro certificado
[2026-07-22 19:44:41]   [NO MATCH] EXI_1327315 -> Sin registro certificado
[2026-07-22 19:44:41]   [MATCH RE-EVALUADO] EXI_134672 -> INVIMA 2017L-0008667 (Cerveza Paulaner Weissbier Marca Paulaner.)
[2026-07-22 19:44:41]   [NO MATCH] EXI_13495 -> Sin registro certificado
[2026-07-22 19:44:41]   [NO MATCH] EXI_1356712 -> Sin registro certificado
[2026-07-22 19:44:41]   [NO MATCH] EXI_1365747 -> Sin registro certificado
[2026-07-22 19:44:41]   [NO MATCH] EXI_1416207 -> Sin registro certificado
[2026-07-22 19:44:41]   [NO MATCH] EXI_1496712 -> Sin registro certificado
[2026-07-22 19:44:41]   [NO MATCH] EXI_1498036 -> Sin registro certificado
[2026-07-22 19:44:41]   [OK] Bloque completado en 26.76s. Acumulado en esta ronda: 12 nuevos con INVIMA, 28 sin registro.

[2026-07-22 19:44:50] === Bloque 5/39 (13.0%) | Modelo: deepseek-v4-flash | Procesando 41 a 50 de 386 ===
[2026-07-22 19:45:05]   [NO MATCH] EXI_1514540 -> Sin registro certificado
[2026-07-22 19:45:05]   [NO MATCH] EXI_1523314 -> Sin registro certificado
[2026-07-22 19:45:05]   [NO MATCH] EXI_1523741 -> Sin registro certificado
[2026-07-22 19:45:05]   [NO MATCH] EXI_1523746 -> Sin registro certificado
[2026-07-22 19:45:05]   [NO MATCH] EXI_1523753 -> Sin registro certificado
[2026-07-22 19:45:05]   [NO MATCH] EXI_1523754 -> Sin registro certificado
[2026-07-22 19:45:05]   [NO MATCH] EXI_153109 -> Sin registro certificado
[2026-07-22 19:45:05]   [NO MATCH] EXI_154557 -> Sin registro certificado
[2026-07-22 19:45:05]   [NO MATCH] EXI_156130 -> Sin registro certificado
[2026-07-22 19:45:05]   [NO MATCH] EXI_1569551 -> Sin registro certificado
[2026-07-22 19:45:05]   [OK] Bloque completado en 15.21s. Acumulado en esta ronda: 12 nuevos con INVIMA, 38 sin registro.

[2026-07-22 19:45:14] === Bloque 6/39 (15.5%) | Modelo: deepseek-v4-flash | Procesando 51 a 60 de 386 ===
[2026-07-22 19:45:41]   [NO MATCH] EXI_1588303 -> Sin registro certificado
[2026-07-22 19:45:41]   [NO MATCH] EXI_1588304 -> Sin registro certificado
[2026-07-22 19:45:41]   [NO MATCH] EXI_1588305 -> Sin registro certificado
[2026-07-22 19:45:41]   [NO MATCH] EXI_1603307 -> Sin registro certificado
[2026-07-22 19:45:41]   [MATCH RE-EVALUADO] EXI_1627416 -> INVIMA 2018L-0009414 (Cerveza Marca Andina)
[2026-07-22 19:45:41]   [NO MATCH] EXI_1666102 -> Sin registro certificado
[2026-07-22 19:45:41]   [NO MATCH] EXI_1685221 -> Sin registro certificado
[2026-07-22 19:45:41]   [NO MATCH] EXI_1686004 -> Sin registro certificado
[2026-07-22 19:45:41]   [MATCH RE-EVALUADO] EXI_1705623 -> INVIMA 2017L-0008877 (Vino Tinto Reservado Merlot Marca Santa Carolina)
[2026-07-22 19:45:41]   [NO MATCH] EXI_1705629 -> Sin registro certificado
[2026-07-22 19:45:41]   [OK] Bloque completado en 27.17s. Acumulado en esta ronda: 14 nuevos con INVIMA, 46 sin registro.

[2026-07-22 19:45:50] === Bloque 7/39 (18.1%) | Modelo: deepseek-v4-flash | Procesando 61 a 70 de 386 ===
[2026-07-22 19:46:10]   [NO MATCH] EXI_170733 -> Sin registro certificado
[2026-07-22 19:46:10]   [NO MATCH] EXI_1709525 -> Sin registro certificado
[2026-07-22 19:46:10]   [NO MATCH] EXI_1709620 -> Sin registro certificado
[2026-07-22 19:46:10]   [NO MATCH] EXI_1709621 -> Sin registro certificado
[2026-07-22 19:46:10]   [MATCH RE-EVALUADO] EXI_1717090 -> INVIMA 2014L-0007269 (Vino Dark Horse California Cabernet Sauvignon, Dark Horse California Chardonnay, Dark Horse California Pinot Noir Y Dark Horse California Sauvignon Blanc Marca Dark Horse.)
[2026-07-22 19:46:10]   [NO MATCH] EXI_1743885 -> Sin registro certificado
[2026-07-22 19:46:10]   [NO MATCH] EXI_1743886 -> Sin registro certificado
[2026-07-22 19:46:10]   [NO MATCH] EXI_1744368 -> Sin registro certificado
[2026-07-22 19:46:10]   [NO MATCH] EXI_180101 -> Sin registro certificado
[2026-07-22 19:46:10]   [NO MATCH] EXI_180639 -> Sin registro certificado
[2026-07-22 19:46:10]   [OK] Bloque completado en 19.72s. Acumulado en esta ronda: 15 nuevos con INVIMA, 55 sin registro.

[2026-07-22 19:46:19] === Bloque 8/39 (20.7%) | Modelo: deepseek-v4-flash | Procesando 71 a 80 de 386 ===
[2026-07-22 19:46:37]   [NO MATCH] EXI_180674 -> Sin registro certificado
[2026-07-22 19:46:37]   [NO MATCH] EXI_181322 -> Sin registro certificado
[2026-07-22 19:46:37]   [NO MATCH] EXI_1863173 -> Sin registro certificado
[2026-07-22 19:46:37]   [NO MATCH] EXI_1863254 -> Sin registro certificado
[2026-07-22 19:46:37]   [NO MATCH] EXI_192823 -> Sin registro certificado
[2026-07-22 19:46:37]   [NO MATCH] EXI_192846 -> Sin registro certificado
[2026-07-22 19:46:37]   [NO MATCH] EXI_192847 -> Sin registro certificado
[2026-07-22 19:46:37]   [NO MATCH] EXI_192886 -> Sin registro certificado
[2026-07-22 19:46:37]   [NO MATCH] EXI_192920 -> Sin registro certificado
[2026-07-22 19:46:37]   [MATCH RE-EVALUADO] EXI_197813 -> INVIMA 2020L-0010797 (Ron La Hechicera Serie Experimental)
[2026-07-22 19:46:37]   [OK] Bloque completado en 17.97s. Acumulado en esta ronda: 16 nuevos con INVIMA, 64 sin registro.

[2026-07-22 19:46:45] === Bloque 9/39 (23.3%) | Modelo: deepseek-v4-flash | Procesando 81 a 90 de 386 ===
[2026-07-22 19:47:00]   [NO MATCH] EXI_207724 -> Sin registro certificado
[2026-07-22 19:47:00]   [NO MATCH] EXI_208009 -> Sin registro certificado
[2026-07-22 19:47:00]   [NO MATCH] EXI_209208 -> Sin registro certificado
[2026-07-22 19:47:00]   [NO MATCH] EXI_209307 -> Sin registro certificado
[2026-07-22 19:47:00]   [NO MATCH] EXI_210523 -> Sin registro certificado
[2026-07-22 19:47:00]   [NO MATCH] EXI_210662 -> Sin registro certificado
[2026-07-22 19:47:00]   [NO MATCH] EXI_210685 -> Sin registro certificado
[2026-07-22 19:47:00]   [NO MATCH] EXI_212558 -> Sin registro certificado
[2026-07-22 19:47:00]   [NO MATCH] EXI_212569 -> Sin registro certificado
[2026-07-22 19:47:00]   [NO MATCH] EXI_216978 -> Sin registro certificado
[2026-07-22 19:47:00]   [OK] Bloque completado en 14.74s. Acumulado en esta ronda: 16 nuevos con INVIMA, 74 sin registro.

[2026-07-22 19:47:08] === Bloque 10/39 (25.9%) | Modelo: deepseek-v4-flash | Procesando 91 a 100 de 386 ===
[2026-07-22 19:47:54]   [MATCH RE-EVALUADO] EXI_219120 -> INVIMA 2019L-0010006 (Cerveza Weidmann Lite)
[2026-07-22 19:47:54]   [MATCH RE-EVALUADO] EXI_220891 -> INVIMA 2023L-0012486 (Vino Blanco Santa Carolina Estelar 57 Chardonnay, Vino Blanco Santa Carolina Estelar 57 Sauvignon Blanc Marca Santa Carolina Estelar 57)
[2026-07-22 19:47:54]   [NO MATCH] EXI_229614 -> Sin registro certificado
[2026-07-22 19:47:54]   [MATCH RE-EVALUADO] EXI_242817 -> INVIMA 2006L-0002832 (Vino Tinto Malbec Reserva Marca Santa Julia)
[2026-07-22 19:47:54]   [NO MATCH] EXI_24346 -> Sin registro certificado
[2026-07-22 19:47:54]   [NO MATCH] EXI_24359 -> Sin registro certificado
[2026-07-22 19:47:54]   [MATCH RE-EVALUADO] EXI_24365 -> INVIMA 2023L-0012575 (Aperitivo Vinico Aperitivo Vínico Burbujeante Marca Delicioso Casa Grajales)
[2026-07-22 19:47:54]   [NO MATCH] EXI_24419 -> Sin registro certificado
[2026-07-22 19:47:54]   [NO MATCH] EXI_24490 -> Sin registro certificado
[2026-07-22 19:47:54]   [NO MATCH] EXI_24498 -> Sin registro certificado
[2026-07-22 19:47:54]   [OK] Bloque completado en 46.59s. Acumulado en esta ronda: 20 nuevos con INVIMA, 80 sin registro.

[2026-07-22 19:48:02] === Bloque 11/39 (28.5%) | Modelo: deepseek-v4-flash | Procesando 101 a 110 de 386 ===
[2026-07-22 19:48:23]   [NO MATCH] EXI_258649 -> Sin registro certificado
[2026-07-22 19:48:23]   [NO MATCH] EXI_266843 -> Sin registro certificado
[2026-07-22 19:48:23]   [NO MATCH] EXI_267764 -> Sin registro certificado
[2026-07-22 19:48:23]   [NO MATCH] EXI_276259 -> Sin registro certificado
[2026-07-22 19:48:23]   [NO MATCH] EXI_284964 -> Sin registro certificado
[2026-07-22 19:48:23]   [NO MATCH] EXI_3002222 -> Sin registro certificado
[2026-07-22 19:48:23]   [NO MATCH] EXI_3006898 -> Sin registro certificado
[2026-07-22 19:48:23]   [NO MATCH] EXI_3006899 -> Sin registro certificado
[2026-07-22 19:48:23]   [NO MATCH] EXI_3009580 -> Sin registro certificado
[2026-07-22 19:48:23]   [NO MATCH] EXI_3011007 -> Sin registro certificado
[2026-07-22 19:48:23]   [OK] Bloque completado en 20.72s. Acumulado en esta ronda: 20 nuevos con INVIMA, 90 sin registro.

[2026-07-22 19:48:31] === Bloque 12/39 (31.1%) | Modelo: deepseek-v4-flash | Procesando 111 a 120 de 386 ===
[2026-07-22 19:48:54]   [NO MATCH] EXI_301283 -> Sin registro certificado
[2026-07-22 19:48:54]   [NO MATCH] EXI_3014718 -> Sin registro certificado
[2026-07-22 19:48:54]   [NO MATCH] EXI_3024454 -> Sin registro certificado
[2026-07-22 19:48:54]   [NO MATCH] EXI_303451 -> Sin registro certificado
[2026-07-22 19:48:54]   [NO MATCH] EXI_303935 -> Sin registro certificado
[2026-07-22 19:48:54]   [NO MATCH] EXI_3047511 -> Sin registro certificado
[2026-07-22 19:48:54]   [NO MATCH] EXI_3049093 -> Sin registro certificado
[2026-07-22 19:48:54]   [NO MATCH] EXI_3080752 -> Sin registro certificado
[2026-07-22 19:48:54]   [NO MATCH] EXI_3080753 -> Sin registro certificado
[2026-07-22 19:48:54]   [NO MATCH] EXI_3096459 -> Sin registro certificado
[2026-07-22 19:48:54]   [OK] Bloque completado en 23.45s. Acumulado en esta ronda: 20 nuevos con INVIMA, 100 sin registro.

[2026-07-22 19:49:03] === Bloque 13/39 (33.7%) | Modelo: deepseek-v4-flash | Procesando 121 a 130 de 386 ===
[2026-07-22 19:49:41]   [NO MATCH] EXI_3110658 -> Sin registro certificado
[2026-07-22 19:49:41]   [NO MATCH] EXI_3110659 -> Sin registro certificado
[2026-07-22 19:49:41]   [NO MATCH] EXI_3110660 -> Sin registro certificado
[2026-07-22 19:49:41]   [NO MATCH] EXI_3110661 -> Sin registro certificado
[2026-07-22 19:49:41]   [MATCH RE-EVALUADO] EXI_3113082 -> INVIMA 2020L-0010807 (Vino Espumoso Blanco Brut Cuvée Blanche Blanc De Blancs, Vino Espumoso Rosado Brut Cuvée Rosée Marca Maison Castel.)
[2026-07-22 19:49:41]   [MATCH RE-EVALUADO] EXI_3113083 -> INVIMA 2020L-0010807 (Vino Espumoso Blanco Brut Cuvée Blanche Blanc De Blancs, Vino Espumoso Rosado Brut Cuvée Rosée Marca Maison Castel.)
[2026-07-22 19:49:41]   [MATCH RE-EVALUADO] EXI_3114674 -> INVIMA 2021L-0011053 (Aperitivo No Vínico Sabor A Manzana Kiwi - Hard Seltzer Marca Lit Hard Seltzer)
[2026-07-22 19:49:41]   [NO MATCH] EXI_3118414 -> Sin registro certificado
[2026-07-22 19:49:41]   [NO MATCH] EXI_313385 -> Sin registro certificado
[2026-07-22 19:49:41]   [NO MATCH] EXI_3142832 -> Sin registro certificado
[2026-07-22 19:49:41]   [OK] Bloque completado en 37.64s. Acumulado en esta ronda: 23 nuevos con INVIMA, 107 sin registro.

[2026-07-22 19:49:49] === Bloque 14/39 (36.3%) | Modelo: deepseek-v4-flash | Procesando 131 a 140 de 386 ===
[2026-07-22 19:50:06]   [NO MATCH] EXI_3153225 -> Sin registro certificado
[2026-07-22 19:50:06]   [NO MATCH] EXI_3153226 -> Sin registro certificado
[2026-07-22 19:50:06]   [NO MATCH] EXI_3153227 -> Sin registro certificado
[2026-07-22 19:50:06]   [NO MATCH] EXI_3153228 -> Sin registro certificado
[2026-07-22 19:50:06]   [NO MATCH] EXI_3157286 -> Sin registro certificado
[2026-07-22 19:50:06]   [NO MATCH] EXI_3197108 -> Sin registro certificado
[2026-07-22 19:50:06]   [NO MATCH] EXI_3197389 -> Sin registro certificado
[2026-07-22 19:50:06]   [NO MATCH] EXI_3197390 -> Sin registro certificado
[2026-07-22 19:50:06]   [NO MATCH] EXI_3197410 -> Sin registro certificado
[2026-07-22 19:50:06]   [NO MATCH] EXI_3223867 -> Sin registro certificado
[2026-07-22 19:50:06]   [OK] Bloque completado en 16.41s. Acumulado en esta ronda: 23 nuevos con INVIMA, 117 sin registro.

[2026-07-22 19:50:13] === Bloque 15/39 (38.9%) | Modelo: deepseek-v4-flash | Procesando 141 a 150 de 386 ===
[2026-07-22 19:50:32]   [MATCH RE-EVALUADO] EXI_323021 -> INVIMA 2003L-0001200 (Vino Tinto Crianza Lan; Vino Tinto Lan Reserva; Vino Tinto Lan Gran Reserva; Vino Tinto Lan D - 12; Vino Blanco Lan Verdejo Marca Lan.)
[2026-07-22 19:50:32]   [NO MATCH] EXI_3236851 -> Sin registro certificado
[2026-07-22 19:50:32]   [NO MATCH] EXI_3236861 -> Sin registro certificado
[2026-07-22 19:50:32]   [NO MATCH] EXI_3249661 -> Sin registro certificado
[2026-07-22 19:50:32]   [NO MATCH] EXI_3250582 -> Sin registro certificado
[2026-07-22 19:50:32]   [NO MATCH] EXI_3250588 -> Sin registro certificado
[2026-07-22 19:50:32]   [NO MATCH] EXI_3250682 -> Sin registro certificado
[2026-07-22 19:50:32]   [NO MATCH] EXI_3253269 -> Sin registro certificado
[2026-07-22 19:50:32]   [NO MATCH] EXI_3253479 -> Sin registro certificado
[2026-07-22 19:50:32]   [NO MATCH] EXI_3253480 -> Sin registro certificado
[2026-07-22 19:50:32]   [OK] Bloque completado en 18.99s. Acumulado en esta ronda: 24 nuevos con INVIMA, 126 sin registro.

[2026-07-22 19:50:39] === Bloque 16/39 (41.5%) | Modelo: deepseek-v4-flash | Procesando 151 a 160 de 386 ===
[2026-07-22 19:50:55]   [NO MATCH] EXI_3253482 -> Sin registro certificado
[2026-07-22 19:50:55]   [NO MATCH] EXI_326235 -> Sin registro certificado
[2026-07-22 19:50:55]   [NO MATCH] EXI_326246 -> Sin registro certificado
[2026-07-22 19:50:55]   [NO MATCH] EXI_326293 -> Sin registro certificado
[2026-07-22 19:50:55]   [NO MATCH] EXI_3270623 -> Sin registro certificado
[2026-07-22 19:50:55]   [NO MATCH] EXI_327985 -> Sin registro certificado
[2026-07-22 19:50:55]   [NO MATCH] EXI_3281949 -> Sin registro certificado
[2026-07-22 19:50:55]   [MATCH RE-EVALUADO] EXI_3295934 -> INVIMA 2016L-0008006 (Vino Chilensis Variedad Reserva Malbec)
[2026-07-22 19:50:55]   [NO MATCH] EXI_3298868 -> Sin registro certificado
[2026-07-22 19:50:55]   [NO MATCH] EXI_3300881 -> Sin registro certificado
[2026-07-22 19:50:55]   [OK] Bloque completado en 15.83s. Acumulado en esta ronda: 25 nuevos con INVIMA, 135 sin registro.

[2026-07-22 19:51:04] === Bloque 17/39 (44.0%) | Modelo: deepseek-v4-flash | Procesando 161 a 170 de 386 ===
[2026-07-22 19:51:20]   [NO MATCH] EXI_3309950 -> Sin registro certificado
[2026-07-22 19:51:20]   [NO MATCH] EXI_331374 -> Sin registro certificado
[2026-07-22 19:51:20]   [NO MATCH] EXI_332454 -> Sin registro certificado
[2026-07-22 19:51:20]   [NO MATCH] EXI_3327597 -> Sin registro certificado
[2026-07-22 19:51:20]   [NO MATCH] EXI_3327598 -> Sin registro certificado
[2026-07-22 19:51:20]   [NO MATCH] EXI_332931 -> Sin registro certificado
[2026-07-22 19:51:20]   [MATCH RE-EVALUADO] EXI_333083 -> INVIMA 2021L-0010884 (Vino Barefoot California Merlot)
[2026-07-22 19:51:20]   [NO MATCH] EXI_333651 -> Sin registro certificado
[2026-07-22 19:51:20]   [NO MATCH] EXI_334026 -> Sin registro certificado
[2026-07-22 19:51:20]   [NO MATCH] EXI_3370856 -> Sin registro certificado
[2026-07-22 19:51:20]   [OK] Bloque completado en 16.16s. Acumulado en esta ronda: 26 nuevos con INVIMA, 144 sin registro.

[2026-07-22 19:51:28] === Bloque 18/39 (46.6%) | Modelo: deepseek-v4-flash | Procesando 171 a 180 de 386 ===
[2026-07-22 19:51:52]   [NO MATCH] EXI_337310 -> Sin registro certificado
[2026-07-22 19:51:52]   [NO MATCH] EXI_3381252 -> Sin registro certificado
[2026-07-22 19:51:52]   [NO MATCH] EXI_3389260 -> Sin registro certificado
[2026-07-22 19:51:52]   [NO MATCH] EXI_3391490 -> Sin registro certificado
[2026-07-22 19:51:52]   [NO MATCH] EXI_3393979 -> Sin registro certificado
[2026-07-22 19:51:52]   [NO MATCH] EXI_3408015 -> Sin registro certificado
[2026-07-22 19:51:52]   [NO MATCH] EXI_3413263 -> Sin registro certificado
[2026-07-22 19:51:52]   [MATCH RE-EVALUADO] EXI_3413275 -> INVIMA 2014L-0007338 (Vino Tinto - Vino Blanco "La Posada")
[2026-07-22 19:51:52]   [NO MATCH] EXI_3416201 -> Sin registro certificado
[2026-07-22 19:51:52]   [NO MATCH] EXI_3416202 -> Sin registro certificado
[2026-07-22 19:51:52]   [OK] Bloque completado en 24.19s. Acumulado en esta ronda: 27 nuevos con INVIMA, 153 sin registro.

[2026-07-22 19:51:59] === Bloque 19/39 (49.2%) | Modelo: deepseek-v4-flash | Procesando 181 a 190 de 386 ===
[2026-07-22 19:52:19]   [MATCH RE-EVALUADO] EXI_3416493 -> INVIMA 2019L-0010234 (Aguardiente-Tequila Tequila Blanco (Silver) Marca Herreria)
[2026-07-22 19:52:19]   [NO MATCH] EXI_3424925 -> Sin registro certificado
[2026-07-22 19:52:19]   [MATCH RE-EVALUADO] EXI_3427494 -> INVIMA 2020L-0010829 (Vino Ugalde Blanco; Vino Ugalde Rosado; Vino Ugalde Tempranillo; Vino Ugalde Crianza; Vino Ugalde Reserva; Vino Felipe Ugalde Reserva Marca Ugalde.)
[2026-07-22 19:52:19]   [MATCH RE-EVALUADO] EXI_3427495 -> INVIMA 2020L-0010829 (Vino Ugalde Blanco; Vino Ugalde Rosado; Vino Ugalde Tempranillo; Vino Ugalde Crianza; Vino Ugalde Reserva; Vino Felipe Ugalde Reserva Marca Ugalde.)
[2026-07-22 19:52:19]   [NO MATCH] EXI_3444509 -> Sin registro certificado
[2026-07-22 19:52:19]   [NO MATCH] EXI_3448668 -> Sin registro certificado
[2026-07-22 19:52:19]   [NO MATCH] EXI_3449642 -> Sin registro certificado
[2026-07-22 19:52:19]   [NO MATCH] EXI_3457447 -> Sin registro certificado
[2026-07-22 19:52:19]   [NO MATCH] EXI_3465876 -> Sin registro certificado
[2026-07-22 19:52:19]   [NO MATCH] EXI_347800 -> Sin registro certificado
[2026-07-22 19:52:19]   [OK] Bloque completado en 19.75s. Acumulado en esta ronda: 30 nuevos con INVIMA, 160 sin registro.

[2026-07-22 19:52:29] === Bloque 20/39 (51.8%) | Modelo: deepseek-v4-flash | Procesando 191 a 200 de 386 ===
[2026-07-22 19:52:54]   [NO MATCH] EXI_3480280 -> Sin registro certificado
[2026-07-22 19:52:54]   [NO MATCH] EXI_3483129 -> Sin registro certificado
[2026-07-22 19:52:54]   [NO MATCH] EXI_348592 -> Sin registro certificado
[2026-07-22 19:52:54]   [NO MATCH] EXI_3517647 -> Sin registro certificado
[2026-07-22 19:52:54]   [NO MATCH] EXI_3517648 -> Sin registro certificado
[2026-07-22 19:52:54]   [NO MATCH] EXI_3517649 -> Sin registro certificado
[2026-07-22 19:52:54]   [NO MATCH] EXI_3518880 -> Sin registro certificado
[2026-07-22 19:52:54]   [NO MATCH] EXI_3518881 -> Sin registro certificado
[2026-07-22 19:52:54]   [NO MATCH] EXI_3518882 -> Sin registro certificado
[2026-07-22 19:52:54]   [NO MATCH] EXI_3521056 -> Sin registro certificado
[2026-07-22 19:52:54]   [OK] Bloque completado en 24.92s. Acumulado en esta ronda: 30 nuevos con INVIMA, 170 sin registro.

[2026-07-22 19:53:01] === Bloque 21/39 (54.4%) | Modelo: deepseek-v4-flash | Procesando 201 a 210 de 386 ===
[2026-07-22 19:53:27]   [NO MATCH] EXI_3527393 -> Sin registro certificado
[2026-07-22 19:53:27]   [NO MATCH] EXI_3527394 -> Sin registro certificado
[2026-07-22 19:53:27]   [MATCH RE-EVALUADO] EXI_3529356 -> INVIMA 2013L-0006706 (Cerveza Marca"Miller Lite")
[2026-07-22 19:53:27]   [MATCH RE-EVALUADO] EXI_3529357 -> INVIMA 2013L-0006706 (Cerveza Marca"Miller Lite")
[2026-07-22 19:53:27]   [NO MATCH] EXI_3529754 -> Sin registro certificado
[2026-07-22 19:53:27]   [NO MATCH] EXI_353870 -> Sin registro certificado
[2026-07-22 19:53:27]   [NO MATCH] EXI_353878 -> Sin registro certificado
[2026-07-22 19:53:27]   [NO MATCH] EXI_353880 -> Sin registro certificado
[2026-07-22 19:53:27]   [NO MATCH] EXI_3552073 -> Sin registro certificado
[2026-07-22 19:53:27]   [NO MATCH] EXI_3552834 -> Sin registro certificado
[2026-07-22 19:53:27]   [OK] Bloque completado en 26.16s. Acumulado en esta ronda: 32 nuevos con INVIMA, 178 sin registro.

[2026-07-22 19:53:34] === Bloque 22/39 (57.0%) | Modelo: deepseek-v4-flash | Procesando 211 a 220 de 386 ===
[2026-07-22 19:54:05]   [MATCH RE-EVALUADO] EXI_3558373 -> INVIMA 2018L-0009414 (Cerveza Marca Andina)
[2026-07-22 19:54:05]   [MATCH RE-EVALUADO] EXI_3558374 -> INVIMA 2018L-0009414 (Cerveza Marca Andina)
[2026-07-22 19:54:05]   [NO MATCH] EXI_3569450 -> Sin registro certificado
[2026-07-22 19:54:05]   [NO MATCH] EXI_3569451 -> Sin registro certificado
[2026-07-22 19:54:05]   [MATCH RE-EVALUADO] EXI_3578410 -> INVIMA 2022L-0011669 (Vino Douro Blanco, Vino Douro Rose, Vino Douro Tinto, Vino Douro Tinto Reserva. Marca Lello)
[2026-07-22 19:54:05]   [MATCH RE-EVALUADO] EXI_3578411 -> INVIMA 2022L-0011669 (Vino Douro Blanco, Vino Douro Rose, Vino Douro Tinto, Vino Douro Tinto Reserva. Marca Lello)
[2026-07-22 19:54:05]   [NO MATCH] EXI_3578419 -> Sin registro certificado
[2026-07-22 19:54:05]   [MATCH RE-EVALUADO] EXI_3578421 -> INVIMA 2018L-0009350 (Vino Vinho Verde Branco Blanco Trajadura Marca Quinta Da Lixa.)
[2026-07-22 19:54:05]   [NO MATCH] EXI_3578496 -> Sin registro certificado
[2026-07-22 19:54:05]   [NO MATCH] EXI_3578497 -> Sin registro certificado
[2026-07-22 19:54:05]   [OK] Bloque completado en 30.28s. Acumulado en esta ronda: 37 nuevos con INVIMA, 183 sin registro.

[2026-07-22 19:54:12] === Bloque 23/39 (59.6%) | Modelo: deepseek-v4-flash | Procesando 221 a 230 de 386 ===
[2026-07-22 19:54:40]   [NO MATCH] EXI_3579652 -> Sin registro certificado
[2026-07-22 19:54:40]   [NO MATCH] EXI_3579884 -> Sin registro certificado
[2026-07-22 19:54:40]   [NO MATCH] EXI_3581994 -> Sin registro certificado
[2026-07-22 19:54:40]   [NO MATCH] EXI_3581995 -> Sin registro certificado
[2026-07-22 19:54:40]   [NO MATCH] EXI_358397 -> Sin registro certificado
[2026-07-22 19:54:40]   [NO MATCH] EXI_3584171 -> Sin registro certificado
[2026-07-22 19:54:40]   [NO MATCH] EXI_358423 -> Sin registro certificado
[2026-07-22 19:54:40]   [NO MATCH] EXI_3586179 -> Sin registro certificado
[2026-07-22 19:54:40]   [NO MATCH] EXI_3598408 -> Sin registro certificado
[2026-07-22 19:54:40]   [NO MATCH] EXI_3602741 -> Sin registro certificado
[2026-07-22 19:54:40]   [OK] Bloque completado en 27.34s. Acumulado en esta ronda: 37 nuevos con INVIMA, 193 sin registro.

[2026-07-22 19:54:46] === Bloque 24/39 (62.2%) | Modelo: deepseek-v4-flash | Procesando 231 a 240 de 386 ===
[2026-07-22 19:55:07]   [NO MATCH] EXI_3606614 -> Sin registro certificado
[2026-07-22 19:55:07]   [NO MATCH] EXI_3617383 -> Sin registro certificado
[2026-07-22 19:55:07]   [MATCH RE-EVALUADO] EXI_3617400 -> INVIMA 2022L-0011658 (Vino Proyecto Las Compuertas Cabernet Franc; Vino Proyecto Las Compuertas Criolla Parral; Vino Proyecto Las Compuertas Cordisco; Vino Proyecto Las Compuertas Malbec 5 Suelos; Vino Proyecto Las Compuertas Malbec 1914; Vino Tinto Malbec; Vino Tinto Cabernet Sauvignon; Vino Tinto Bonarda Argentina; Vino Blanco Viognier Y Vino Tinto Cabernet Franc, Vino Proyecto Las Compuertas Charbono;  Vino Malbec Gran Reserva; Vino Reserva Tinto Bonarda; Vino Reserva Tinto Cabernet Sauvignon; Vino Reserva Tinto Cabernet Franc; Vino Reserva Tinto Malbec; Vino Tinto Familia; Vino Blanco Blanc De Blancs; Vino Tinto Del Pueblo Las Compuertas; Vino Blanco Proyecto Las Compuertas Blanco De Finca; Vino Tinto Blend Victoria; Vino Tinto Nero D Avola Inframundo; Vino Tinto Blend Inframundo Marca Durigutti)
[2026-07-22 19:55:07]   [MATCH RE-EVALUADO] EXI_3617698 -> INVIMA 2020L-0010811 (Licor De Ron Con Sabor A Lime Marca Bacardi)
[2026-07-22 19:55:07]   [NO MATCH] EXI_3617830 -> Sin registro certificado
[2026-07-22 19:55:07]   [NO MATCH] EXI_3629599 -> Sin registro certificado
[2026-07-22 19:55:07]   [NO MATCH] EXI_3629600 -> Sin registro certificado
[2026-07-22 19:55:07]   [NO MATCH] EXI_3629601 -> Sin registro certificado
[2026-07-22 19:55:07]   [NO MATCH] EXI_3629933 -> Sin registro certificado
[2026-07-22 19:55:07]   [NO MATCH] EXI_3632422 -> Sin registro certificado
[2026-07-22 19:55:07]   [OK] Bloque completado en 21.17s. Acumulado en esta ronda: 39 nuevos con INVIMA, 201 sin registro.

[2026-07-22 19:55:14] === Bloque 25/39 (64.8%) | Modelo: deepseek-v4-flash | Procesando 241 a 250 de 386 ===
[2026-07-22 19:55:41]   [NO MATCH] EXI_3635969 -> Sin registro certificado
[2026-07-22 19:55:41]   [MATCH RE-EVALUADO] EXI_3636330 -> INVIMA 2018L-0009437 (Cerveza Marca Central)
[2026-07-22 19:55:41]   [MATCH RE-EVALUADO] EXI_3636838 -> INVIMA 2016L-0008438 (Aguardiente  Antioqueño 24° Sin Azúcar)
[2026-07-22 19:55:41]   [NO MATCH] EXI_3636840 -> Sin registro certificado
[2026-07-22 19:55:41]   [NO MATCH] EXI_3639970 -> Sin registro certificado
[2026-07-22 19:55:41]   [NO MATCH] EXI_3645011 -> Sin registro certificado
[2026-07-22 19:55:41]   [NO MATCH] EXI_365913 -> Sin registro certificado
[2026-07-22 19:55:41]   [NO MATCH] EXI_367158 -> Sin registro certificado
[2026-07-22 19:55:41]   [NO MATCH] EXI_3679858 -> Sin registro certificado
[2026-07-22 19:55:41]   [NO MATCH] EXI_3679859 -> Sin registro certificado
[2026-07-22 19:55:41]   [OK] Bloque completado en 26.87s. Acumulado en esta ronda: 41 nuevos con INVIMA, 209 sin registro.

[2026-07-22 19:55:48] === Bloque 26/39 (67.4%) | Modelo: deepseek-v4-flash | Procesando 251 a 260 de 386 ===
[2026-07-22 19:56:02]   [NO MATCH] EXI_3684693 -> Sin registro certificado
[2026-07-22 19:56:02]   [NO MATCH] EXI_3684893 -> Sin registro certificado
[2026-07-22 19:56:02]   [NO MATCH] EXI_3688557 -> Sin registro certificado
[2026-07-22 19:56:02]   [NO MATCH] EXI_3688558 -> Sin registro certificado
[2026-07-22 19:56:02]   [NO MATCH] EXI_3690280 -> Sin registro certificado
[2026-07-22 19:56:02]   [NO MATCH] EXI_3690281 -> Sin registro certificado
[2026-07-22 19:56:02]   [NO MATCH] EXI_3690282 -> Sin registro certificado
[2026-07-22 19:56:02]   [NO MATCH] EXI_3690283 -> Sin registro certificado
[2026-07-22 19:56:02]   [NO MATCH] EXI_3690284 -> Sin registro certificado
[2026-07-22 19:56:02]   [NO MATCH] EXI_3695913 -> Sin registro certificado
[2026-07-22 19:56:02]   [OK] Bloque completado en 13.88s. Acumulado en esta ronda: 41 nuevos con INVIMA, 219 sin registro.

[2026-07-22 19:56:09] === Bloque 27/39 (69.9%) | Modelo: deepseek-v4-flash | Procesando 261 a 270 de 386 ===
[2026-07-22 19:56:22]   [NO MATCH] EXI_3708483 -> Sin registro certificado
[2026-07-22 19:56:22]   [NO MATCH] EXI_3709596 -> Sin registro certificado
[2026-07-22 19:56:22]   [NO MATCH] EXI_3711343 -> Sin registro certificado
[2026-07-22 19:56:22]   [NO MATCH] EXI_3713494 -> Sin registro certificado
[2026-07-22 19:56:22]   [NO MATCH] EXI_3718984 -> Sin registro certificado
[2026-07-22 19:56:22]   [NO MATCH] EXI_3718985 -> Sin registro certificado
[2026-07-22 19:56:22]   [NO MATCH] EXI_3718986 -> Sin registro certificado
[2026-07-22 19:56:22]   [NO MATCH] EXI_3718988 -> Sin registro certificado
[2026-07-22 19:56:22]   [NO MATCH] EXI_3718989 -> Sin registro certificado
[2026-07-22 19:56:22]   [NO MATCH] EXI_3728615 -> Sin registro certificado
[2026-07-22 19:56:22]   [OK] Bloque completado en 12.75s. Acumulado en esta ronda: 41 nuevos con INVIMA, 229 sin registro.

[2026-07-22 19:56:30] === Bloque 28/39 (72.5%) | Modelo: deepseek-v4-flash | Procesando 271 a 280 de 386 ===
[2026-07-22 19:56:47]   [NO MATCH] EXI_3731303 -> Sin registro certificado
[2026-07-22 19:56:47]   [NO MATCH] EXI_3732273 -> Sin registro certificado
[2026-07-22 19:56:47]   [NO MATCH] EXI_3739427 -> Sin registro certificado
[2026-07-22 19:56:47]   [NO MATCH] EXI_3739428 -> Sin registro certificado
[2026-07-22 19:56:47]   [NO MATCH] EXI_3739429 -> Sin registro certificado
[2026-07-22 19:56:47]   [NO MATCH] EXI_3739430 -> Sin registro certificado
[2026-07-22 19:56:47]   [NO MATCH] EXI_3739768 -> Sin registro certificado
[2026-07-22 19:56:47]   [NO MATCH] EXI_3739769 -> Sin registro certificado
[2026-07-22 19:56:47]   [NO MATCH] EXI_3745802 -> Sin registro certificado
[2026-07-22 19:56:47]   [NO MATCH] EXI_3746056 -> Sin registro certificado
[2026-07-22 19:56:47]   [OK] Bloque completado en 16.98s. Acumulado en esta ronda: 41 nuevos con INVIMA, 239 sin registro.

[2026-07-22 19:56:55] === Bloque 29/39 (75.1%) | Modelo: deepseek-v4-flash | Procesando 281 a 290 de 386 ===
[2026-07-22 19:57:16]   [NO MATCH] EXI_3746057 -> Sin registro certificado
[2026-07-22 19:57:16]   [NO MATCH] EXI_3757550 -> Sin registro certificado
[2026-07-22 19:57:16]   [NO MATCH] EXI_3757551 -> Sin registro certificado
[2026-07-22 19:57:16]   [NO MATCH] EXI_3759218 -> Sin registro certificado
[2026-07-22 19:57:16]   [NO MATCH] EXI_3759219 -> Sin registro certificado
[2026-07-22 19:57:16]   [NO MATCH] EXI_3760269 -> Sin registro certificado
[2026-07-22 19:57:16]   [MATCH RE-EVALUADO] EXI_3760270 -> INVIMA 2022L-0011959 (Coctel De Tequila Con Sabor A Mango Marca Mamitas)
[2026-07-22 19:57:16]   [MATCH RE-EVALUADO] EXI_3760271 -> INVIMA 2022L-0011960 (Coctel De Tequila Con Sabor A Piña Marca Mamitas)
[2026-07-22 19:57:16]   [NO MATCH] EXI_3769026 -> Sin registro certificado
[2026-07-22 19:57:16]   [NO MATCH] EXI_3769027 -> Sin registro certificado
[2026-07-22 19:57:16]   [OK] Bloque completado en 21.5s. Acumulado en esta ronda: 43 nuevos con INVIMA, 247 sin registro.

[2026-07-22 19:57:25] === Bloque 30/39 (77.7%) | Modelo: deepseek-v4-flash | Procesando 291 a 300 de 386 ===
[2026-07-22 19:57:46]   [NO MATCH] EXI_3772476 -> Sin registro certificado
[2026-07-22 19:57:46]   [NO MATCH] EXI_3776615 -> Sin registro certificado
[2026-07-22 19:57:46]   [MATCH RE-EVALUADO] EXI_3778099 -> INVIMA 2018L-0009414 (Cerveza Marca Andina)
[2026-07-22 19:57:46]   [NO MATCH] EXI_3778223 -> Sin registro certificado
[2026-07-22 19:57:46]   [NO MATCH] EXI_3788823 -> Sin registro certificado
[2026-07-22 19:57:46]   [NO MATCH] EXI_3788824 -> Sin registro certificado
[2026-07-22 19:57:46]   [NO MATCH] EXI_378971 -> Sin registro certificado
[2026-07-22 19:57:46]   [NO MATCH] EXI_3789997 -> Sin registro certificado
[2026-07-22 19:57:46]   [NO MATCH] EXI_3790312 -> Sin registro certificado
[2026-07-22 19:57:46]   [NO MATCH] EXI_3806394 -> Sin registro certificado
[2026-07-22 19:57:46]   [OK] Bloque completado en 20.71s. Acumulado en esta ronda: 44 nuevos con INVIMA, 256 sin registro.

[2026-07-22 19:57:53] === Bloque 31/39 (80.3%) | Modelo: deepseek-v4-flash | Procesando 301 a 310 de 386 ===
[2026-07-22 19:58:13]   [NO MATCH] EXI_3814159 -> Sin registro certificado
[2026-07-22 19:58:13]   [NO MATCH] EXI_3814160 -> Sin registro certificado
[2026-07-22 19:58:13]   [NO MATCH] EXI_3814990 -> Sin registro certificado
[2026-07-22 19:58:13]   [NO MATCH] EXI_381513 -> Sin registro certificado
[2026-07-22 19:58:13]   [NO MATCH] EXI_3822433 -> Sin registro certificado
[2026-07-22 19:58:13]   [NO MATCH] EXI_383560 -> Sin registro certificado
[2026-07-22 19:58:13]   [NO MATCH] EXI_3855117 -> Sin registro certificado
[2026-07-22 19:58:13]   [NO MATCH] EXI_3857624 -> Sin registro certificado
[2026-07-22 19:58:13]   [NO MATCH] EXI_399836 -> Sin registro certificado
[2026-07-22 19:58:13]   [NO MATCH] EXI_400391 -> Sin registro certificado
[2026-07-22 19:58:13]   [OK] Bloque completado en 19.45s. Acumulado en esta ronda: 44 nuevos con INVIMA, 266 sin registro.

[2026-07-22 19:58:20] === Bloque 32/39 (82.9%) | Modelo: deepseek-v4-flash | Procesando 311 a 320 de 386 ===
[2026-07-22 19:58:39]   [MATCH RE-EVALUADO] EXI_400640 -> INVIMA 2008L-0004041 (Vino Tinto Bonarda Marca ''Zuccardi Serie A'')
[2026-07-22 19:58:39]   [MATCH RE-EVALUADO] EXI_411877 -> INVIMA 2007L-0003414 (Cerveza Con Sabor A Citronova Marca Redd'S Marca Redd´S)
[2026-07-22 19:58:39]   [MATCH RE-EVALUADO] EXI_413240 -> INVIMA 2007L-0003414 (Cerveza Con Sabor A Citronova Marca Redd'S Marca Redd´S)
[2026-07-22 19:58:39]   [NO MATCH] EXI_413618 -> Sin registro certificado
[2026-07-22 19:58:39]   [MATCH RE-EVALUADO] EXI_417553 -> INVIMA 2011L-0005637 (Ron Santa Fe Nido De Condores)
[2026-07-22 19:58:39]   [NO MATCH] EXI_418905 -> Sin registro certificado
[2026-07-22 19:58:39]   [MATCH RE-EVALUADO] EXI_422196 -> INVIMA 2020L-0010827 (Vino Espumoso Natural - C Vino Espumoso Prosecco Doc Treviso Extra Dry Y Vino Rosado Espumante Extra Dry Marca Terra Serena)
[2026-07-22 19:58:39]   [NO MATCH] EXI_443964 -> Sin registro certificado
[2026-07-22 19:58:39]   [NO MATCH] EXI_449804 -> Sin registro certificado
[2026-07-22 19:58:39]   [NO MATCH] EXI_469617 -> Sin registro certificado
[2026-07-22 19:58:39]   [OK] Bloque completado en 19.28s. Acumulado en esta ronda: 49 nuevos con INVIMA, 271 sin registro.

[2026-07-22 19:58:47] === Bloque 33/39 (85.5%) | Modelo: deepseek-v4-flash | Procesando 321 a 330 de 386 ===
[2026-07-22 19:59:20]   [NO MATCH] EXI_469678 -> Sin registro certificado
[2026-07-22 19:59:20]   [MATCH RE-EVALUADO] EXI_496039 -> INVIMA 2018L-0009749 (Cerveza Bitburger Premium Marca Bitburger Bitte Ein Bit)
[2026-07-22 19:59:20]   [MATCH RE-EVALUADO] EXI_498890 -> INVIMA 2010L-0004874 (Vino De Jerez Fino  La Janda)
[2026-07-22 19:59:20]   [MATCH RE-EVALUADO] EXI_512928 -> INVIMA 2021L-0010884 (Vino Barefoot California Pinot Noir)
[2026-07-22 19:59:20]   [MATCH RE-EVALUADO] EXI_524950 -> INVIMA 2010L-0004783 (Vodka Moskaya)
[2026-07-22 19:59:20]   [NO MATCH] EXI_53797 -> Sin registro certificado
[2026-07-22 19:59:20]   [MATCH RE-EVALUADO] EXI_54104 -> INVIMA L-000242 (Vino Espumoso Undurraga Brut Royal)
[2026-07-22 19:59:20]   [MATCH RE-EVALUADO] EXI_567458 -> INVIMA 2016L-0008061 (Aguardiente-Wisky Lasanta Single Malt Scotch Whisky Marca Glenmorangie)
[2026-07-22 19:59:20]   [MATCH RE-EVALUADO] EXI_567538 -> INVIMA 2016L-0008061 (Aguardiente-Wisky Lasanta Single Malt Scotch Whisky Marca Glenmorangie)
[2026-07-22 19:59:20]   [MATCH RE-EVALUADO] EXI_567813 -> INVIMA 2015L-0007760 (Vino Blanco Chardonnay(White Bones),Vino Blanco Chardonnay(White Stones) Marca Catena Zapata)
[2026-07-22 19:59:20]   [OK] Bloque completado en 32.59s. Acumulado en esta ronda: 57 nuevos con INVIMA, 273 sin registro.

[2026-07-22 19:59:28] === Bloque 34/39 (88.1%) | Modelo: deepseek-v4-flash | Procesando 331 a 340 de 386 ===
[2026-07-22 19:59:45]   [NO MATCH] EXI_569395 -> Sin registro certificado
[2026-07-22 19:59:45]   [NO MATCH] EXI_571660 -> Sin registro certificado
[2026-07-22 19:59:45]   [NO MATCH] EXI_600919 -> Sin registro certificado
[2026-07-22 19:59:45]   [NO MATCH] EXI_601285 -> Sin registro certificado
[2026-07-22 19:59:45]   [NO MATCH] EXI_601907 -> Sin registro certificado
[2026-07-22 19:59:45]   [NO MATCH] EXI_605402 -> Sin registro certificado
[2026-07-22 19:59:45]   [NO MATCH] EXI_606721 -> Sin registro certificado
[2026-07-22 19:59:45]   [NO MATCH] EXI_607031 -> Sin registro certificado
[2026-07-22 19:59:45]   [NO MATCH] EXI_608256 -> Sin registro certificado
[2026-07-22 19:59:45]   [NO MATCH] EXI_623605 -> Sin registro certificado
[2026-07-22 19:59:45]   [OK] Bloque completado en 17.02s. Acumulado en esta ronda: 57 nuevos con INVIMA, 283 sin registro.

[2026-07-22 19:59:53] === Bloque 35/39 (90.7%) | Modelo: deepseek-v4-flash | Procesando 341 a 350 de 386 ===
[2026-07-22 20:00:27]   [NO MATCH] EXI_625409 -> Sin registro certificado
[2026-07-22 20:00:27]   [NO MATCH] EXI_628443 -> Sin registro certificado
[2026-07-22 20:00:27]   [NO MATCH] EXI_632883 -> Sin registro certificado
[2026-07-22 20:00:27]   [NO MATCH] EXI_633394 -> Sin registro certificado
[2026-07-22 20:00:27]   [NO MATCH] EXI_634146 -> Sin registro certificado
[2026-07-22 20:00:27]   [MATCH RE-EVALUADO] EXI_647204 -> INVIMA 2011L-0005249 (Vino Tinto Gris Cabernet Sauvignon Marca Cousiño Macul)
[2026-07-22 20:00:27]   [NO MATCH] EXI_647606 -> Sin registro certificado
[2026-07-22 20:00:27]   [NO MATCH] EXI_64761 -> Sin registro certificado
[2026-07-22 20:00:27]   [MATCH RE-EVALUADO] EXI_671772 -> INVIMA 2021L-0011130 (Aguardiente-Ron Ron Añejo Gran Reserva Marca Santa Teresa Gran Reserva)
[2026-07-22 20:00:27]   [NO MATCH] EXI_68308 -> Sin registro certificado
[2026-07-22 20:00:27]   [OK] Bloque completado en 34.73s. Acumulado en esta ronda: 59 nuevos con INVIMA, 291 sin registro.

[2026-07-22 20:00:35] === Bloque 36/39 (93.3%) | Modelo: deepseek-v4-flash | Procesando 351 a 360 de 386 ===
[2026-07-22 20:00:56]   [MATCH RE-EVALUADO] EXI_695044 -> INVIMA 2006L-0002910 (Vino Tinto Merlot, Vino Tinto Cabernet Sauvignon, Vino Blanco Chardonnay, Vino Tinto Carmenere "Emiliana")
[2026-07-22 20:00:56]   [MATCH RE-EVALUADO] EXI_698609 -> INVIMA L-000878 (Vino Gallo Family Vineyards Chardonnay)
[2026-07-22 20:00:56]   [NO MATCH] EXI_721201 -> Sin registro certificado
[2026-07-22 20:00:56]   [NO MATCH] EXI_740881 -> Sin registro certificado
[2026-07-22 20:00:56]   [NO MATCH] EXI_748519 -> Sin registro certificado
[2026-07-22 20:00:56]   [NO MATCH] EXI_762600 -> Sin registro certificado
[2026-07-22 20:00:56]   [NO MATCH] EXI_763316 -> Sin registro certificado
[2026-07-22 20:00:56]   [MATCH RE-EVALUADO] EXI_768326 -> INVIMA 2007L-0003550 (Vino Blanco Casillero Del Diablo Devil' S White Reserva Especial Y Vino Rosé Marca Casillero Del Diablo;)
[2026-07-22 20:00:56]   [NO MATCH] EXI_769312 -> Sin registro certificado
[2026-07-22 20:00:56]   [NO MATCH] EXI_769328 -> Sin registro certificado
[2026-07-22 20:00:56]   [OK] Bloque completado en 20.45s. Acumulado en esta ronda: 62 nuevos con INVIMA, 298 sin registro.

[2026-07-22 20:01:04] === Bloque 37/39 (95.9%) | Modelo: deepseek-v4-flash | Procesando 361 a 370 de 386 ===
[2026-07-22 20:01:31]   [NO MATCH] EXI_769665 -> Sin registro certificado
[2026-07-22 20:01:31]   [MATCH RE-EVALUADO] EXI_771785 -> INVIMA 2013L-0006639 (Tequila Reposado 100 % Agave)
[2026-07-22 20:01:31]   [NO MATCH] EXI_771874 -> Sin registro certificado
[2026-07-22 20:01:31]   [NO MATCH] EXI_777670 -> Sin registro certificado
[2026-07-22 20:01:31]   [NO MATCH] EXI_784789 -> Sin registro certificado
[2026-07-22 20:01:31]   [NO MATCH] EXI_784975 -> Sin registro certificado
[2026-07-22 20:01:31]   [NO MATCH] EXI_797019 -> Sin registro certificado
[2026-07-22 20:01:31]   [NO MATCH] EXI_801009 -> Sin registro certificado
[2026-07-22 20:01:31]   [NO MATCH] EXI_801110 -> Sin registro certificado
[2026-07-22 20:01:31]   [NO MATCH] EXI_803005 -> Sin registro certificado
[2026-07-22 20:01:31]   [OK] Bloque completado en 26.89s. Acumulado en esta ronda: 63 nuevos con INVIMA, 307 sin registro.

[2026-07-22 20:01:38] === Bloque 38/39 (98.4%) | Modelo: deepseek-v4-flash | Procesando 371 a 380 de 386 ===
[2026-07-22 20:02:00]   [NO MATCH] EXI_806937 -> Sin registro certificado
[2026-07-22 20:02:00]   [NO MATCH] EXI_806963 -> Sin registro certificado
[2026-07-22 20:02:00]   [NO MATCH] EXI_828466 -> Sin registro certificado
[2026-07-22 20:02:00]   [NO MATCH] EXI_853127 -> Sin registro certificado
[2026-07-22 20:02:00]   [NO MATCH] EXI_888659 -> Sin registro certificado
[2026-07-22 20:02:00]   [NO MATCH] EXI_916715 -> Sin registro certificado
[2026-07-22 20:02:00]   [NO MATCH] EXI_943910 -> Sin registro certificado
[2026-07-22 20:02:00]   [NO MATCH] EXI_943918 -> Sin registro certificado
[2026-07-22 20:02:00]   [NO MATCH] EXI_945485 -> Sin registro certificado
[2026-07-22 20:02:00]   [NO MATCH] EXI_961801 -> Sin registro certificado
[2026-07-22 20:02:00]   [OK] Bloque completado en 22.57s. Acumulado en esta ronda: 63 nuevos con INVIMA, 317 sin registro.

[2026-07-22 20:02:06] === Bloque 39/39 (100.0%) | Modelo: deepseek-v4-flash | Procesando 381 a 386 de 386 ===
[2026-07-22 20:02:18]   [NO MATCH] EXI_963404 -> Sin registro certificado
[2026-07-22 20:02:18]   [NO MATCH] EXI_966710 -> Sin registro certificado
[2026-07-22 20:02:18]   [NO MATCH] EXI_966722 -> Sin registro certificado
[2026-07-22 20:02:18]   [NO MATCH] EXI_966728 -> Sin registro certificado
[2026-07-22 20:02:18]   [NO MATCH] EXI_969255 -> Sin registro certificado
[2026-07-22 20:02:18]   [NO MATCH] EXI_977516 -> Sin registro certificado
[2026-07-22 20:02:18]   [OK] Bloque completado en 12.12s. Acumulado en esta ronda: 63 nuevos con INVIMA, 323 sin registro.

[2026-07-22 20:02:18] ==================================================
[2026-07-22 20:02:18] PROCESO DE MATCHING DEEPSEEK FINALIZADO (1204.63s)
[2026-07-22 20:02:18]   Modelo utilizado       : deepseek-v4-flash
[2026-07-22 20:02:18]   Nuevos emparejados     : 63
[2026-07-22 20:02:18]   Sin registro certificado: 323
[2026-07-22 20:02:18] ==================================================
