ID,Nombre,Marca,Referencia,Categoria,Tipo de Producto,Grados de alcohol,Medida,Precio_Original,Precio_Final,Descuento_%,Precio_Unidad,URL_Producto,Descripcion
900489869_2121539878,Lucky Strike Cigarrillo Gin con Capsula,Lucky Strike,Turbo,Cigarrillos,Tabaco,N/A,10 UND,7200,7200,0%,720/und,https://www.rappi.com.co/search?query=cigarrillos,Tienda Rappi: Turbo (Turbo Panini Ya) | Zona: Chicó / Chapinero / Zona Rosa
900489869_2121489051,Starlite Cigarrillo Azul 20 Und,Starlite,Turbo,Cigarrillos,Tabaco,N/A,20 UND,9100,9100,0%,455/und,https://www.rappi.com.co/search?query=cigarrillos,Tienda Rappi: Turbo (Turbo Panini Ya) | Zona: Chicó / Chapinero / Zona Rosa
900489869_2122901719,Lucky Strike Cigarrillo Mora Ice 10 Und,Lucky Strike,Turbo,Cigarrillos,Tabaco,N/A,10 UND,7300,7300,0%,730/und,https://www.rappi.com.co/search?query=cigarrillos,Tienda Rappi: Turbo (Turbo Panini Ya) | Zona: Chicó / Chapinero / Zona Rosa
900489869_2122768729,L&M Cigarrillo Purple+ 18 10 Und,L&M,Turbo,Cigarrillos,Tabaco,N/A,10 UND,4900,4900,0%,490/und,https://www.rappi.com.co/search?query=cigarrillos,Tienda Rappi: Turbo (Turbo Panini Ya) | Zona: Chicó / Chapinero / Zona Rosa
900489869_2125090225,Lucky Strike Cigarrillo Sandia Ice 10 Und,Lucky Strike,Turbo,Cigarrillos,Tabaco,N/A,10 UND,7200,7200,0%,720/und,https://www.rappi.com.co/search?query=cigarrillos,Tienda Rappi: Turbo (Turbo Panini Ya) | Zona: Chicó / Chapinero / Zona Rosa
900489869_2093536997,Marlboro Cigarrillo Rojo + 18 20 Und,Marlboro,Turbo,Cigarrillos,Tabaco,N/A,20 UND,13900,13900,0%,695/und,https://www.rappi.com.co/search?query=cigarrillos,Tienda Rappi: Turbo (Turbo Panini Ya) | Zona: Chicó / Chapinero / Zona Rosa
900489869_2121155239,Marlboro Cigarrillo Gold + 18 20 Und,Marlboro,Turbo,Cigarrillos,Tabaco,N/A,20 UND,13900,13900,0%,695/und,https://www.rappi.com.co/search?query=cigarrillos,Tienda Rappi: Turbo (Turbo Panini Ya) | Zona: Chicó / Chapinero / Zona Rosa
900489869_2122768731,L&M Cigarrillo Selección Azul + 18 10 Und,L&M,Turbo,Cigarrillos,Tabaco,N/A,10 UND,4300,4300,0%,430/und,https://www.rappi.com.co/search?query=cigarrillos,Tienda Rappi: Turbo (Turbo Panini Ya) | Zona: Chicó / Chapinero / Zona Rosa
900489869_2093536998,Marlboro Cigarrillo Rojo + 18 10 Und,Marlboro,Turbo,Cigarrillos,Tabaco,N/A,10 UND,7000,7000,0%,700/und,https://www.rappi.com.co/search?query=cigarrillos,Tienda Rappi: Turbo (Turbo Panini Ya) | Zona: Chicó / Chapinero / Zona Rosa
900489869_2122768730,L&M Cigarrillo Verde Rojo + 18 10 Und,L&M,Turbo,Cigarrillos,Tabaco,N/A,10 UND,4900,4900,0%,490/und,https://www.rappi.com.co/search?query=cigarrillos,Tienda Rappi: Turbo (Turbo Panini Ya) | Zona: Chicó / Chapinero / Zona Rosa
900489869_2121539843,Starlite Cigarrillo Azul 10 Und,Starlite,Turbo,Cigarrillos,Tabaco,N/A,10 UND,4600,4600,0%,460/und,https://www.rappi.com.co/search?query=cigarrillos,Tienda Rappi: Turbo (Turbo Panini Ya) | Zona: Chicó / Chapinero / Zona Rosa
900489869_2122235739,Rothmans Cigarrillo Azul 20 Und,Rothmans,Turbo,Cigarrillos,Tabaco,N/A,20 UND,12900,12900,0%,645/und,https://www.rappi.com.co/search?query=cigarrillos,Tienda Rappi: Turbo (Turbo Panini Ya) | Zona: Chicó / Chapinero / Zona Rosa
900434592_2121691036,Lucky Strike Cigarrillo Gin con Capsula,Lucky Strike,Oxxo,Cigarrillos,Tabaco,N/A,10 UND,7200,7200,0%,720/und,https://www.rappi.com.co/search?query=cigarrillos,Tienda Rappi: Oxxo (Oxxo Super) | Zona: Chicó / Chapinero / Zona Rosa
900434592_2122798501,L&M Cigarrillo Selección Azul + 18 10 Und,L&M,Oxxo,Cigarrillos,Tabaco,N/A,10 UND,4300,4300,0%,430/und,https://www.rappi.com.co/search?query=cigarrillos,Tienda Rappi: Oxxo (Oxxo Super) | Zona: Chicó / Chapinero / Zona Rosa
900434592_2121199040,Lucky Strike Cigarrillo Daiquiri Caja x10,Lucky Strike,Oxxo,Cigarrillos,Tabaco,N/A,10 UND,7200,7200,0%,720/und,https://www.rappi.com.co/search?query=cigarrillos,Tienda Rappi: Oxxo (Oxxo Super) | Zona: Chicó / Chapinero / Zona Rosa
900434592_2121589960,Marlboro Cigarrillo Rojo + 18 20 Und,Marlboro,Oxxo,Cigarrillos,Tabaco,N/A,20 UND,14000,14000,0%,700/und,https://www.rappi.com.co/search?query=cigarrillos,Tienda Rappi: Oxxo (Oxxo Super) | Zona: Chicó / Chapinero / Zona Rosa
900434592_2122798558,Lucky Strike Cigarrilo Alaska 10 Und,Lucky Strike,Oxxo,Cigarrillos,Tabaco,N/A,10 UND,7200,7200,0%,720/und,https://www.rappi.com.co/search?query=cigarrillos,Tienda Rappi: Oxxo (Oxxo Super) | Zona: Chicó / Chapinero / Zona Rosa
900434592_2125849301,Cigarrillo L&M Silver Evo Cajetilla + 18 20 Und,L&M,Oxxo,Cigarrillos,Tabaco,N/A,1 UND,9100,9100,0%,9100/und,https://www.rappi.com.co/search?query=cigarrillos,Tienda Rappi: Oxxo (Oxxo Super) | Zona: Chicó / Chapinero / Zona Rosa
900434592_2121198551,Marlboro Cigarrillo Gold + 18 20 Und,Marlboro,Oxxo,Cigarrillos,Tabaco,N/A,20 UND,14000,14000,0%,700/und,https://www.rappi.com.co/search?query=cigarrillos,Tienda Rappi: Oxxo (Oxxo Super) | Zona: Chicó / Chapinero / Zona Rosa
900434592_2125849297,Marlboro Cigarrillo Summer Vista + 18 20 Und,Marlboro,Oxxo,Cigarrillos,Tabaco,N/A,20 UND,14400,14400,0%,720/und,https://www.rappi.com.co/search?query=cigarrillos,Tienda Rappi: Oxxo (Oxxo Super) | Zona: Chicó / Chapinero / Zona Rosa
900434592_2121198611,Marlboro Cigarrillo Rojo + 18 10 Und,Marlboro,Oxxo,Cigarrillos,Tabaco,N/A,10 UND,7000,7000,0%,700/und,https://www.rappi.com.co/search?query=cigarrillos,Tienda Rappi: Oxxo (Oxxo Super) | Zona: Chicó / Chapinero / Zona Rosa
900434592_2121198766,Marlboro Cigarrillo Gold + 18 10 Und,Marlboro,Oxxo,Cigarrillos,Tabaco,N/A,10 UND,7000,7000,0%,700/und,https://www.rappi.com.co/search?query=cigarrillos,Tienda Rappi: Oxxo (Oxxo Super) | Zona: Chicó / Chapinero / Zona Rosa
900434592_2123024634,Marlboro Cigarrillo Selección Verde Azul + 18 10 Und,Marlboro,Oxxo,Cigarrillos,Tabaco,N/A,1 UND,6000,6000,0%,6000/und,https://www.rappi.com.co/search?query=cigarrillos,Tienda Rappi: Oxxo (Oxxo Super) | Zona: Chicó / Chapinero / Zona Rosa
900434592_2122950690,Starlite Cigarrillo Azul 20 Und,Starlite,Oxxo,Cigarrillos,Tabaco,N/A,20 UND,9100,9100,0%,455/und,https://www.rappi.com.co/search?query=cigarrillos,Tienda Rappi: Oxxo (Oxxo Super) | Zona: Chicó / Chapinero / Zona Rosa
900434592_2120326935,Marlboro Cigarrillo Vista Summer + 18 10 Und,Marlboro,Oxxo,Cigarrillos,Tabaco,N/A,10 UND,7200,7200,0%,720/und,https://www.rappi.com.co/search?query=cigarrillos,Tienda Rappi: Oxxo (Oxxo Super) | Zona: Chicó / Chapinero / Zona Rosa
900434592_2125849299,Marlboro Cigarrillo Vista Fusion + 18 20 Und,Marlboro,Oxxo,Cigarrillos,Tabaco,N/A,20 UND,14400,14400,0%,720/und,https://www.rappi.com.co/search?query=cigarrillos,Tienda Rappi: Oxxo (Oxxo Super) | Zona: Chicó / Chapinero / Zona Rosa
900434592_2123024429,Marlboro Cigarrillo Selección Azul + 18,Marlboro,Oxxo,Cigarrillos,Tabaco,N/A,1 UND,6000,6000,0%,6000/und,https://www.rappi.com.co/search?query=cigarrillos,Tienda Rappi: Oxxo (Oxxo Super) | Zona: Chicó / Chapinero / Zona Rosa
900434592_2123024431,Marlboro Cigarrillo Selección Rosazul + 18 10 Und,Marlboro,Oxxo,Cigarrillos,Tabaco,N/A,1 UND,6000,6000,0%,6000/und,https://www.rappi.com.co/search?query=cigarrillos,Tienda Rappi: Oxxo (Oxxo Super) | Zona: Chicó / Chapinero / Zona Rosa
900434592_2125850238,Lucky Strike Cigarrillo Sandia Ice,Lucky Strike,Oxxo,Cigarrillos,Tabaco,N/A,10 UND,7200,7200,0%,720/und,https://www.rappi.com.co/search?query=cigarrillos,Tienda Rappi: Oxxo (Oxxo Super) | Zona: Chicó / Chapinero / Zona Rosa
900434592_2122950713,Starlite Cigarrillo Azul 10 Und,Starlite,Oxxo,Cigarrillos,Tabaco,N/A,10 UND,4550,4550,0%,455/und,https://www.rappi.com.co/search?query=cigarrillos,Tienda Rappi: Oxxo (Oxxo Super) | Zona: Chicó / Chapinero / Zona Rosa
900434592_2125849327,L & M Cigarrillo Silver Evo Media Cajetilla,L,Oxxo,Cigarrillos,Tabaco,N/A,10 UND,4550,4550,0%,455/und,https://www.rappi.com.co/search?query=cigarrillos,Tienda Rappi: Oxxo (Oxxo Super) | Zona: Chicó / Chapinero / Zona Rosa
900434592_2125850235,Rothmans Cigarrillo Bombay 10 Und,Rothmans,Oxxo,Cigarrillos,Tabaco,N/A,10 UND,4900,4900,0%,490/und,https://www.rappi.com.co/search?query=cigarrillos,Tienda Rappi: Oxxo (Oxxo Super) | Zona: Chicó / Chapinero / Zona Rosa
900484346_2125887918,Lucky Strike Cigarrillo Gin con Capsula,Lucky Strike,Vuse Licores La Reserva,Cigarrillos,Tabaco,N/A,10 UND,8000,8000,0%,800/und,https://www.rappi.com.co/search?query=cigarrillos,Tienda Rappi: Vuse Licores La Reserva (Vapeadores Vuse) | Zona: Chicó / Chapinero / Zona Rosa
900484346_2126379257,Lucky Strike Cigarrillo Daiquiri 20 Und,Lucky Strike,Vuse Licores La Reserva,Cigarrillos,Tabaco,N/A,20 UND,16000,16000,0%,800/und,https://www.rappi.com.co/search?query=cigarrillos,Tienda Rappi: Vuse Licores La Reserva (Vapeadores Vuse) | Zona: Chicó / Chapinero / Zona Rosa
900484346_2125887922,Lucky Strike Cigarrillo Manzana Ice 10 Und,Lucky Strike,Vuse Licores La Reserva,Cigarrillos,Tabaco,N/A,10 UND,8000,8000,0%,800/und,https://www.rappi.com.co/search?query=cigarrillos,Tienda Rappi: Vuse Licores La Reserva (Vapeadores Vuse) | Zona: Chicó / Chapinero / Zona Rosa
900484346_2125887915,Lucky Strike Cigarrillo Daiquiri Caja x10,Lucky Strike,Vuse Licores La Reserva,Cigarrillos,Tabaco,N/A,10 UND,8000,8000,0%,800/und,https://www.rappi.com.co/search?query=cigarrillos,Tienda Rappi: Vuse Licores La Reserva (Vapeadores Vuse) | Zona: Chicó / Chapinero / Zona Rosa
900484346_2125887920,Lucky Strike Cigarrillo Mora Ice 10 Und,Lucky Strike,Vuse Licores La Reserva,Cigarrillos,Tabaco,N/A,10 UND,8000,8000,0%,800/und,https://www.rappi.com.co/search?query=cigarrillos,Tienda Rappi: Vuse Licores La Reserva (Vapeadores Vuse) | Zona: Chicó / Chapinero / Zona Rosa
900484346_2125887919,Lucky Strike Cigarrillo Double Mint- Alaska,Lucky Strike,Vuse Licores La Reserva,Cigarrillos,Tabaco,N/A,10 UND,8000,8000,0%,800/und,https://www.rappi.com.co/search?query=cigarrillos,Tienda Rappi: Vuse Licores La Reserva (Vapeadores Vuse) | Zona: Chicó / Chapinero / Zona Rosa
900484346_2125887924,Lucky Strike Cigarrillo Sandia Ice,Lucky Strike,Vuse Licores La Reserva,Cigarrillos,Tabaco,N/A,10 UND,8000,8000,0%,800/und,https://www.rappi.com.co/search?query=cigarrillos,Tienda Rappi: Vuse Licores La Reserva (Vapeadores Vuse) | Zona: Chicó / Chapinero / Zona Rosa
900430450_2125069564,Lucky Strike Cigarrillo Gin con Capsula,Lucky Strike,El Mini Súper Cali,Cigarrillos,Tabaco,N/A,10 UND,9500,9500,0%,950/und,https://www.rappi.com.co/search?query=cigarrillos,Tienda Rappi: El Mini Súper Cali (El Minisuper) | Zona: Chicó / Chapinero / Zona Rosa
900430450_2125069563,Lucky Strike Cigarrillo Gin 20 Und,Lucky Strike,El Mini Súper Cali,Cigarrillos,Tabaco,N/A,20 UND,18000,18000,0%,900/und,https://www.rappi.com.co/search?query=cigarrillos,Tienda Rappi: El Mini Súper Cali (El Minisuper) | Zona: Chicó / Chapinero / Zona Rosa
900430450_2125069573,Lucky Strike Cigarrillo Daiquiri 20 Und,Lucky Strike,El Mini Súper Cali,Cigarrillos,Tabaco,N/A,20 UND,18000,18000,0%,900/und,https://www.rappi.com.co/search?query=cigarrillos,Tienda Rappi: El Mini Súper Cali (El Minisuper) | Zona: Chicó / Chapinero / Zona Rosa
900430450_2125069601,Lucky Strike Cigarrillo Daiquiri Caja x10,Lucky Strike,El Mini Súper Cali,Cigarrillos,Tabaco,N/A,10 UND,9500,9500,0%,950/und,https://www.rappi.com.co/search?query=cigarrillos,Tienda Rappi: El Mini Súper Cali (El Minisuper) | Zona: Chicó / Chapinero / Zona Rosa
900430450_2125069625,Lucky Strike Cigarrillo Double Mint- Alaska,Lucky Strike,El Mini Súper Cali,Cigarrillos,Tabaco,N/A,10 UND,9500,9500,0%,950/und,https://www.rappi.com.co/search?query=cigarrillos,Tienda Rappi: El Mini Súper Cali (El Minisuper) | Zona: Chicó / Chapinero / Zona Rosa
900430450_2125069606,Lucky Strike Cigarrillo Mora Ice 10 Und,Lucky Strike,El Mini Súper Cali,Cigarrillos,Tabaco,N/A,10 UND,9500,9500,0%,950/und,https://www.rappi.com.co/search?query=cigarrillos,Tienda Rappi: El Mini Súper Cali (El Minisuper) | Zona: Chicó / Chapinero / Zona Rosa
900430450_2125069654,Marlboro Cigarrillo Rojo + 18 20 Und,Marlboro,El Mini Súper Cali,Cigarrillos,Tabaco,N/A,20 UND,16500,16500,0%,825/und,https://www.rappi.com.co/search?query=cigarrillos,Tienda Rappi: El Mini Súper Cali (El Minisuper) | Zona: Chicó / Chapinero / Zona Rosa
900430450_2125069657,Marlboro Cigarrillo Rojo + 18 10 Und,Marlboro,El Mini Súper Cali,Cigarrillos,Tabaco,N/A,10 UND,9800,9800,0%,980/und,https://www.rappi.com.co/search?query=cigarrillos,Tienda Rappi: El Mini Súper Cali (El Minisuper) | Zona: Chicó / Chapinero / Zona Rosa
900430450_2125069642,Marlboro Cigarrillo Summer Vista + 18 20 Und,Marlboro,El Mini Súper Cali,Cigarrillos,Tabaco,N/A,20 UND,17000,17000,0%,850/und,https://www.rappi.com.co/search?query=cigarrillos,Tienda Rappi: El Mini Súper Cali (El Minisuper) | Zona: Chicó / Chapinero / Zona Rosa
900430450_2125069667,Marlboro Cigarrillo Gold + 18 20 Und,Marlboro,El Mini Súper Cali,Cigarrillos,Tabaco,N/A,20 UND,16500,16500,0%,825/und,https://www.rappi.com.co/search?query=cigarrillos,Tienda Rappi: El Mini Súper Cali (El Minisuper) | Zona: Chicó / Chapinero / Zona Rosa
900430450_2125069671,Marlboro Cigarrillo Gold + 18 10 Und,Marlboro,El Mini Súper Cali,Cigarrillos,Tabaco,N/A,10 UND,9800,9800,0%,980/und,https://www.rappi.com.co/search?query=cigarrillos,Tienda Rappi: El Mini Súper Cali (El Minisuper) | Zona: Chicó / Chapinero / Zona Rosa
900430450_2125069637,Marlboro Cigarrillo Vista Forest + 18 10 Und,Marlboro,El Mini Súper Cali,Cigarrillos,Tabaco,N/A,10 UND,9700,9700,0%,970/und,https://www.rappi.com.co/search?query=cigarrillos,Tienda Rappi: El Mini Súper Cali (El Minisuper) | Zona: Chicó / Chapinero / Zona Rosa
900423958_2119975296,Lucky Strike Cigarrillo Gin con Capsula,Lucky Strike,Jumbo,Cigarrillos,Tabaco,N/A,10 UND,7690,7690,0%,769/und,https://www.rappi.com.co/search?query=cigarrillos,Tienda Rappi: Jumbo (Jumbo Mt Mascotas) | Zona: Chicó / Chapinero / Zona Rosa
900423958_2120711402,Lucky Strike Cigarrillo Daiquiri 20 Und,Lucky Strike,Jumbo,Cigarrillos,Tabaco,N/A,20 UND,14590,14590,0%,729.50/und,https://www.rappi.com.co/search?query=cigarrillos,Tienda Rappi: Jumbo (Jumbo Mt Mascotas) | Zona: Chicó / Chapinero / Zona Rosa
900423958_2119935230,Lucky Strike Cigarrillo Daiquiri Caja x10,Lucky Strike,Jumbo,Cigarrillos,Tabaco,N/A,10 UND,7690,7690,0%,769/und,https://www.rappi.com.co/search?query=cigarrillos,Tienda Rappi: Jumbo (Jumbo Mt Mascotas) | Zona: Chicó / Chapinero / Zona Rosa
900423958_2120890991,Starlite Cigarrillo Azul 20 Und,Starlite,Jumbo,Cigarrillos,Tabaco,N/A,20 UND,7990,7990,0%,399.50/und,https://www.rappi.com.co/search?query=cigarrillos,Tienda Rappi: Jumbo (Jumbo Mt Mascotas) | Zona: Chicó / Chapinero / Zona Rosa
900423958_2119949657,Starlite Cigarrillo Azul 10 Und,Starlite,Jumbo,Cigarrillos,Tabaco,N/A,10 UND,4290,4290,0%,429/und,https://www.rappi.com.co/search?query=cigarrillos,Tienda Rappi: Jumbo (Jumbo Mt Mascotas) | Zona: Chicó / Chapinero / Zona Rosa
900489869_2122417993,Lucky Strike Cigarrillo Double Mint- Alaska,Lucky Strike,Turbo,Cigarro,Tabaco,N/A,10 UND,7200,7200,0%,720/und,https://www.rappi.com.co/search?query=cigarro,Tienda Rappi: Turbo (Turbo Panini Ya) | Zona: Chicó / Chapinero / Zona Rosa
900489869_2123022061,Marlboro Cigarrillo Selección Azul + 18,Marlboro,Turbo,Cigarro,Tabaco,N/A,1 UND,6000,6000,0%,6000/und,https://www.rappi.com.co/search?query=cigarro,Tienda Rappi: Turbo (Turbo Panini Ya) | Zona: Chicó / Chapinero / Zona Rosa
900489869_2093608553,Marlboro Cigarrillo Summer Vista + 18 20 Und,Marlboro,Turbo,Cigarro,Tabaco,N/A,20 UND,14300,14300,0%,715/und,https://www.rappi.com.co/search?query=cigarro,Tienda Rappi: Turbo (Turbo Panini Ya) | Zona: Chicó / Chapinero / Zona Rosa
900489869_2123022060,Marlboro Cigarrillo Selección Verde Azul + 18 10 Und,Marlboro,Turbo,Cigarro,Tabaco,N/A,1 UND,6000,6000,0%,6000/und,https://www.rappi.com.co/search?query=cigarro,Tienda Rappi: Turbo (Turbo Panini Ya) | Zona: Chicó / Chapinero / Zona Rosa
900430450_2125069631,Marlboro VISTA Forest x 20 Cigarrillos,Marlboro,El Mini Súper Cali,Lucky strike,Tabaco,N/A,20 UND,17000,17000,0%,850/und,https://www.rappi.com.co/search?query=lucky%20strike,Tienda Rappi: El Mini Súper Cali (El Minisuper) | Zona: Chicó / Chapinero / Zona Rosa
900434592_2119809278,Marlboro Cigarrillo Vista Forest + 18 10 Und,Marlboro,Oxxo,Lucky strike,Tabaco,N/A,10 UND,7200,7200,0%,720/und,https://www.rappi.com.co/search?query=lucky%20strike,Tienda Rappi: Oxxo (Oxxo Super) | Zona: Chicó / Chapinero / Zona Rosa
900434592_2123232277,Rothmans Cigarrillo Blue Classics 10 Und,Rothmans,Oxxo,Lucky strike,Tabaco,N/A,10 UND,4300,4300,0%,430/und,https://www.rappi.com.co/search?query=lucky%20strike,Tienda Rappi: Oxxo (Oxxo Super) | Zona: Chicó / Chapinero / Zona Rosa
900489869_2124097737,Rothmans Cigarrillo Blue Classics 10 Und,Rothmans,Turbo,Rothmans,Tabaco,N/A,10 UND,4300,4300,0%,430/und,https://www.rappi.com.co/search?query=rothmans,Tienda Rappi: Turbo (Turbo Panini Ya) | Zona: Chicó / Chapinero / Zona Rosa
900489869_2093538843,Rothmans Cigarrillo Blanco 10 Und,Rothmans,Turbo,Rothmans,Tabaco,N/A,10 UND,4900,4900,0%,490/und,https://www.rappi.com.co/search?query=rothmans,Tienda Rappi: Turbo (Turbo Panini Ya) | Zona: Chicó / Chapinero / Zona Rosa
900489869_2124136281,Rothmans Cigarrillo Bombay 10 Und,Rothmans,Turbo,Rothmans,Tabaco,N/A,10 UND,4700,4700,0%,470/und,https://www.rappi.com.co/search?query=rothmans,Tienda Rappi: Turbo (Turbo Panini Ya) | Zona: Chicó / Chapinero / Zona Rosa
900489869_2124136280,Rothmans Cigarrillo Polar 10 Und,Rothmans,Turbo,Rothmans,Tabaco,N/A,10 UND,4900,4900,0%,490/und,https://www.rappi.com.co/search?query=rothmans,Tienda Rappi: Turbo (Turbo Panini Ya) | Zona: Chicó / Chapinero / Zona Rosa
900489869_2123022059,Marlboro Cigarrillo Selección Rosazul + 18 10 Und,Marlboro,Turbo,Rothmans,Tabaco,N/A,1 UND,6000,6000,0%,6000/und,https://www.rappi.com.co/search?query=rothmans,Tienda Rappi: Turbo (Turbo Panini Ya) | Zona: Chicó / Chapinero / Zona Rosa
900489869_2093538842,Marlboro VISTA Forest x 20 Cigarrillos,Marlboro,Turbo,Rothmans,Tabaco,N/A,20 UND,14300,14300,0%,715/und,https://www.rappi.com.co/search?query=rothmans,Tienda Rappi: Turbo (Turbo Panini Ya) | Zona: Chicó / Chapinero / Zona Rosa
900434592_2122950715,Rothmans Cigarrillo Azul 10 Und,Rothmans,Oxxo,Rothmans,Tabaco,N/A,10 UND,6300,6300,0%,630/und,https://www.rappi.com.co/search?query=rothmans,Tienda Rappi: Oxxo (Oxxo Super) | Zona: Chicó / Chapinero / Zona Rosa
900434592_2125850236,Rothmans Cigarrillo Polar 10 Und,Rothmans,Oxxo,Rothmans,Tabaco,N/A,10 UND,4900,4900,0%,490/und,https://www.rappi.com.co/search?query=rothmans,Tienda Rappi: Oxxo (Oxxo Super) | Zona: Chicó / Chapinero / Zona Rosa
900434592_2123232348,Marlboro selección Azul x 20 Cigarrillos,Marlboro,Oxxo,Rothmans,Tabaco,N/A,1 UND,12000,12000,0%,12000/und,https://www.rappi.com.co/search?query=rothmans,Tienda Rappi: Oxxo (Oxxo Super) | Zona: Chicó / Chapinero / Zona Rosa
900386942_2091667321,Marlboro Cigarrillo Rojo + 18 20 Und,Marlboro,La Rebaja,Rothmans,Tabaco,N/A,20 UND,15100,15100,0%,755/und,https://www.rappi.com.co/search?query=rothmans,Tienda Rappi: La Rebaja (Drogueria La Rebaja Farma Bebes) | Zona: Chicó / Chapinero / Zona Rosa
900386942_2123190524,Marlboro Cigarrillo Selección Rosazul + 18 10 Und,Marlboro,La Rebaja,Rothmans,Tabaco,N/A,1 UND,6000,6000,0%,6000/und,https://www.rappi.com.co/search?query=rothmans,Tienda Rappi: La Rebaja (Drogueria La Rebaja Farma Bebes) | Zona: Chicó / Chapinero / Zona Rosa
900386942_2091667380,Marlboro Cigarrillo Rojo + 18 10 Und,Marlboro,La Rebaja,Rothmans,Tabaco,N/A,10 UND,7900,7900,0%,790/und,https://www.rappi.com.co/search?query=rothmans,Tienda Rappi: La Rebaja (Drogueria La Rebaja Farma Bebes) | Zona: Chicó / Chapinero / Zona Rosa
900386942_2091667322,Marlboro Cigarrillo Gold + 18 20 Und,Marlboro,La Rebaja,Rothmans,Tabaco,N/A,20 UND,15100,15100,0%,755/und,https://www.rappi.com.co/search?query=rothmans,Tienda Rappi: La Rebaja (Drogueria La Rebaja Farma Bebes) | Zona: Chicó / Chapinero / Zona Rosa
900386942_2091667381,Marlboro Cigarrillo Gold + 18 10 Und,Marlboro,La Rebaja,Rothmans,Tabaco,N/A,10 UND,7800,7800,0%,780/und,https://www.rappi.com.co/search?query=rothmans,Tienda Rappi: La Rebaja (Drogueria La Rebaja Farma Bebes) | Zona: Chicó / Chapinero / Zona Rosa
900386942_2122964528,L&M Cigarrillo Selección Azul + 18 10 Und,L&M,La Rebaja,Rothmans,Tabaco,N/A,10 UND,4500,4500,0%,450/und,https://www.rappi.com.co/search?query=rothmans,Tienda Rappi: La Rebaja (Drogueria La Rebaja Farma Bebes) | Zona: Chicó / Chapinero / Zona Rosa
900379388_2126566819,Rothmans Cigarrillo Bombay 10 Und,Rothmans,El Deskorche,Rothmans,Tabaco,N/A,10 UND,7000,7000,0%,700/und,https://www.rappi.com.co/search?query=rothmans,Tienda Rappi: El Deskorche (El Deskorche Licores) | Zona: Chicó / Chapinero / Zona Rosa
900379388_2123741813,Marlboro Cigarrillo Selección Azul + 18,Marlboro,El Deskorche,Rothmans,Tabaco,N/A,1 UND,8000,8000,0%,8000/und,https://www.rappi.com.co/search?query=rothmans,Tienda Rappi: El Deskorche (El Deskorche Licores) | Zona: Chicó / Chapinero / Zona Rosa
900379388_2123741811,Marlboro Cigarrillo Selección Rosazul + 18 10 Und,Marlboro,El Deskorche,Rothmans,Tabaco,N/A,1 UND,8000,8000,0%,8000/und,https://www.rappi.com.co/search?query=rothmans,Tienda Rappi: El Deskorche (El Deskorche Licores) | Zona: Chicó / Chapinero / Zona Rosa
900379388_2125347116,Marlboro Cigarrillo Selección Verde Azul + 18 10 Und,Marlboro,El Deskorche,Rothmans,Tabaco,N/A,1 UND,8000,8000,0%,8000/und,https://www.rappi.com.co/search?query=rothmans,Tienda Rappi: El Deskorche (El Deskorche Licores) | Zona: Chicó / Chapinero / Zona Rosa
900379388_2122745574,Marlboro Cigarrillo Rojo + 18 10 Und,Marlboro,El Deskorche,Rothmans,Tabaco,N/A,10 UND,9000,9000,0%,900/und,https://www.rappi.com.co/search?query=rothmans,Tienda Rappi: El Deskorche (El Deskorche Licores) | Zona: Chicó / Chapinero / Zona Rosa
900379388_2122745575,Marlboro Cigarrillo Vista Summer + 18 10 Und,Marlboro,El Deskorche,Rothmans,Tabaco,N/A,10 UND,9000,9000,0%,900/und,https://www.rappi.com.co/search?query=rothmans,Tienda Rappi: El Deskorche (El Deskorche Licores) | Zona: Chicó / Chapinero / Zona Rosa
900379388_2120185846,L&M Cigarrillo Selección Azul + 18 10 Und,L&M,El Deskorche,Rothmans,Tabaco,N/A,10 UND,6500,6500,0%,650/und,https://www.rappi.com.co/search?query=rothmans,Tienda Rappi: El Deskorche (El Deskorche Licores) | Zona: Chicó / Chapinero / Zona Rosa
900379388_2122745576,Starlite Cigarrillo Azul 10 Und,Starlite,El Deskorche,Rothmans,Tabaco,N/A,10 UND,6500,6500,0%,650/und,https://www.rappi.com.co/search?query=rothmans,Tienda Rappi: El Deskorche (El Deskorche Licores) | Zona: Chicó / Chapinero / Zona Rosa
900477776_4911923,T Cerveza Imp,T,Clowns Deli Tertulia - Turbo,Starlite,Alcohol,N/A,1 UND,16700,16700,0%,16700.0,https://www.rappi.com.co/search?query=starlite,Tienda Rappi: Clowns Deli Tertulia - Turbo (Clowns Deli - Turbo) | Zona: Chicó / Chapinero / Zona Rosa
900489869_2126848654,Combo The Glenlivet Whisky + Selvati Coco Deshidratado,Combo,Turbo,Dunhill,Alcohol,N/A,1 COMBO,218600,218600,0%,218600/combo,https://www.rappi.com.co/search?query=dunhill,Tienda Rappi: Turbo (Turbo Panini Ya) | Zona: Chicó / Chapinero / Zona Rosa
900485245_4515378,Limonada de vino vaso 16 oz,Limonada,la Parrilla de Lucho Vipasa,Dunhill,Alcohol,N/A,1 UND,20000,20000,0%,20000.0,https://www.rappi.com.co/search?query=dunhill,Tienda Rappi: la Parrilla de Lucho Vipasa (La Parrilla de Lucho Cali) | Zona: Chicó / Chapinero / Zona Rosa
900379595_1526741,Cerveza Poker Lta 330ml,Poker,Restaurante Aqui Es Julian,Dunhill,Alcohol,N/A,1 UND,7000,7000,0%,7000.0,https://www.rappi.com.co/search?query=dunhill,Tienda Rappi: Restaurante Aqui Es Julian (Aqui Es Julian Cali) | Zona: Chicó / Chapinero / Zona Rosa
900379595_1526596,Cerveza Aguila Light Lta 330ml,Aguila,Restaurante Aqui Es Julian,Dunhill,Alcohol,N/A,1 UND,7000,7000,0%,7000.0,https://www.rappi.com.co/search?query=dunhill,Tienda Rappi: Restaurante Aqui Es Julian (Aqui Es Julian Cali) | Zona: Chicó / Chapinero / Zona Rosa
900379388_2122745627,L&M Cigarrillo Silver + 18 10 Und,L&M,El Deskorche,Dunhill,Tabaco,N/A,10 UND,6500,6500,0%,650/und,https://www.rappi.com.co/search?query=dunhill,Tienda Rappi: El Deskorche (El Deskorche Licores) | Zona: Chicó / Chapinero / Zona Rosa
900379388_2122746047,L&M Cigarrillo Purple+ 18 10 Und,L&M,El Deskorche,Dunhill,Tabaco,N/A,10 UND,6500,6500,0%,650/und,https://www.rappi.com.co/search?query=dunhill,Tienda Rappi: El Deskorche (El Deskorche Licores) | Zona: Chicó / Chapinero / Zona Rosa
900379388_2126566820,Lucky Strike Cigarrillo Manzana Ice 10 Und,Lucky Strike,El Deskorche,Dunhill,Tabaco,N/A,10 UND,9500,9500,0%,950/und,https://www.rappi.com.co/search?query=dunhill,Tienda Rappi: El Deskorche (El Deskorche Licores) | Zona: Chicó / Chapinero / Zona Rosa
900379388_2122960586,L&M Cigarrillo Evo Verde Rojo,L&M,El Deskorche,Dunhill,Tabaco,N/A,10 UND,6500,6500,0%,650/und,https://www.rappi.com.co/search?query=dunhill,Tienda Rappi: El Deskorche (El Deskorche Licores) | Zona: Chicó / Chapinero / Zona Rosa
900379388_2122745628,Lucky Strike Cigarrillo Double Mint- Alaska,Lucky Strike,El Deskorche,Dunhill,Tabaco,N/A,10 UND,9500,9500,0%,950/und,https://www.rappi.com.co/search?query=dunhill,Tienda Rappi: El Deskorche (El Deskorche Licores) | Zona: Chicó / Chapinero / Zona Rosa
900379388_2126343400,Passport Whisky,Passport,El Deskorche,Dunhill,Alcohol,N/A,200 ML,27900,27060,3%,135.32/ml,https://www.rappi.com.co/search?query=dunhill,Tienda Rappi: El Deskorche (El Deskorche Licores) | Zona: Chicó / Chapinero / Zona Rosa
900026254_1148219,Cerveza Aguila Light Lta 330ml,Aguila,Chicken Wings Calle 44,Kent,Alcohol,N/A,1 UND,7500,7500,0%,7500.0,https://www.rappi.com.co/search?query=kent,Tienda Rappi: Chicken Wings Calle 44 (Chicken Wings) | Zona: Chicó / Chapinero / Zona Rosa
900101308_2121331869,Marlboro Cigarrillo Rojo + 18 20 Und,Marlboro,Licores JR,L&m,Tabaco,N/A,20 UND,14700,14700,0%,735/und,https://www.rappi.com.co/search?query=l%26m,Tienda Rappi: Licores JR (Grupo Giraldo Home) | Zona: Chicó / Chapinero / Zona Rosa
900101308_2121337227,Marlboro Cigarrillo Gold + 18 20 Und,Marlboro,Licores JR,L&m,Tabaco,N/A,20 UND,14700,14700,0%,735/und,https://www.rappi.com.co/search?query=l%26m,Tienda Rappi: Licores JR (Grupo Giraldo Home) | Zona: Chicó / Chapinero / Zona Rosa
900101308_2125042791,cajetilla Terea Purple X 20 Cigarrillos,Terea,Licores JR,L&m,Tabaco,N/A,1 UND,12400,12400,0%,12400/und,https://www.rappi.com.co/search?query=l%26m,Tienda Rappi: Licores JR (Grupo Giraldo Home) | Zona: Chicó / Chapinero / Zona Rosa
900427809_1592405,Cerveza corona bot. 355ml,Corona,Combo Smash Burgers Granada,Boston,Alcohol,N/A,1 UND,10100,10100,0%,10100.0,https://www.rappi.com.co/search?query=boston,Tienda Rappi: Combo Smash Burgers Granada (Combo Smash Burgers) | Zona: Chicó / Chapinero / Zona Rosa
900411787_2124231219,Tabaco Interior,Tabaco,QuickTools,Mentolados,Tabaco,N/A,1 UND,3695,3695,0%,3696/und,https://www.rappi.com.co/search?query=mentolados,Tienda Rappi: QuickTools (QUICK TOOLS) | Zona: Chicó / Chapinero / Zona Rosa
900411787_2124231205,Tabaco Exterior,Tabaco,QuickTools,Mentolados,Tabaco,N/A,1 UND,3565,3565,0%,3564/und,https://www.rappi.com.co/search?query=mentolados,Tienda Rappi: QuickTools (QUICK TOOLS) | Zona: Chicó / Chapinero / Zona Rosa
900388254_2125613626,Vape Nicky Jam 10mil Puffs Calor Juice Vaper Vapper Vapeador Cigarrilo Electronico,Vape,Angel Shop S,Mentolados,Tabaco,N/A,1 UND,26000,26000,0%,26000/und,https://www.rappi.com.co/search?query=mentolados,Tienda Rappi: Angel Shop S (ANGEL SHOP) | Zona: Chicó / Chapinero / Zona Rosa
900388254_2125607608,Vape Nicky Jam 10mil Puffs Cangri Bear Vaper Vapper Vapeador Cigarrilo Electronico,Vape,Angel Shop S,Mentolados,Tabaco,N/A,1 UND,26000,26000,0%,26000/und,https://www.rappi.com.co/search?query=mentolados,Tienda Rappi: Angel Shop S (ANGEL SHOP) | Zona: Chicó / Chapinero / Zona Rosa
900388254_2125613628,Vape Nicky Jam 10mil Puffs Blue Miami Vaper Vapper Vapeador Cigarrilo Electronico,Vape,Angel Shop S,Mentolados,Tabaco,N/A,1 UND,26000,26000,0%,26000/und,https://www.rappi.com.co/search?query=mentolados,Tienda Rappi: Angel Shop S (ANGEL SHOP) | Zona: Chicó / Chapinero / Zona Rosa
900388254_2125613629,Vape Nicky Jam 10mil Puffs Sweet Gatas Vaper Vapper Vapeador Cigarrilo Electronico,Vape,Angel Shop S,Mentolados,Tabaco,N/A,1 UND,26000,26000,0%,26000/und,https://www.rappi.com.co/search?query=mentolados,Tienda Rappi: Angel Shop S (ANGEL SHOP) | Zona: Chicó / Chapinero / Zona Rosa
900388254_2126484535,Vape Czar 9 Mil Puff Blue Razz Lemon Vaper Vapper Vapeador Cigarrilo Electronico,Vape,Angel Shop S,Mentolados,Tabaco,N/A,1 UND,18000,18000,0%,18000/und,https://www.rappi.com.co/search?query=mentolados,Tienda Rappi: Angel Shop S (ANGEL SHOP) | Zona: Chicó / Chapinero / Zona Rosa
900388254_2126061292,Vape Hookalit S 35 Mil Puffs Mint Frost Vaper Vapper Vapeador Cigarrilo Electronico,Vape,Angel Shop S,Mentolados,Tabaco,N/A,1 UND,33500,33500,0%,33500/und,https://www.rappi.com.co/search?query=mentolados,Tienda Rappi: Angel Shop S (ANGEL SHOP) | Zona: Chicó / Chapinero / Zona Rosa
900489869_2122357411,Vapeador Glucloud Limonada Cerezada XL,Vapeador,Turbo,Vape,Tabaco,N/A,1 UND,50000,50000,0%,50000/und,https://www.rappi.com.co/search?query=vape,Tienda Rappi: Turbo (Turbo Panini Ya) | Zona: Chicó / Chapinero / Zona Rosa
900489869_2124656387,Glucloud Vapeador Limonada Cerezada Large,Glucloud,Turbo,Vape,Tabaco,N/A,1 UND,33000,33000,0%,33000/und,https://www.rappi.com.co/search?query=vape,Tienda Rappi: Turbo (Turbo Panini Ya) | Zona: Chicó / Chapinero / Zona Rosa
900489869_2124656382,Vapeador Glucloud Arándano Large,Vapeador,Turbo,Vape,Tabaco,N/A,1 UND,33000,33000,0%,33000/und,https://www.rappi.com.co/search?query=vape,Tienda Rappi: Turbo (Turbo Panini Ya) | Zona: Chicó / Chapinero / Zona Rosa
900489869_2124656389,Glucloud Vapeador Piña Colada Large,Glucloud,Turbo,Vape,Tabaco,N/A,1 UND,33000,33000,0%,33000/und,https://www.rappi.com.co/search?query=vape,Tienda Rappi: Turbo (Turbo Panini Ya) | Zona: Chicó / Chapinero / Zona Rosa
900489869_2120123471,Glucloud Vapeador Lima Durazno XL,Glucloud,Turbo,Vape,Tabaco,N/A,1 UND,50000,50000,0%,50000/und,https://www.rappi.com.co/search?query=vape,Tienda Rappi: Turbo (Turbo Panini Ya) | Zona: Chicó / Chapinero / Zona Rosa
900489869_2124656390,Glucloud Vapeador Manzana Large,Glucloud,Turbo,Vape,Tabaco,N/A,1 UND,33000,33000,0%,33000/und,https://www.rappi.com.co/search?query=vape,Tienda Rappi: Turbo (Turbo Panini Ya) | Zona: Chicó / Chapinero / Zona Rosa
900489869_2124656386,Glucloud Vapeador Lima Durazno Large,Glucloud,Turbo,Vape,Tabaco,N/A,1 UND,33000,33000,0%,33000/und,https://www.rappi.com.co/search?query=vape,Tienda Rappi: Turbo (Turbo Panini Ya) | Zona: Chicó / Chapinero / Zona Rosa
900489869_2122719360,Glucloud Vapeador Sandía Xl,Glucloud,Turbo,Vape,Tabaco,N/A,1 UND,50000,50000,0%,50000/und,https://www.rappi.com.co/search?query=vape,Tienda Rappi: Turbo (Turbo Panini Ya) | Zona: Chicó / Chapinero / Zona Rosa
900489869_2124405472,Glucloud Vapeador Limonada Cerezada Indi,Glucloud,Turbo,Vape,Tabaco,N/A,1 UND,66000,66000,0%,66000/und,https://www.rappi.com.co/search?query=vape,Tienda Rappi: Turbo (Turbo Panini Ya) | Zona: Chicó / Chapinero / Zona Rosa
900489869_2124656384,Vapeador Glucloud Banana Large,Vapeador,Turbo,Vape,Tabaco,N/A,1 UND,33000,33000,0%,33000/und,https://www.rappi.com.co/search?query=vape,Tienda Rappi: Turbo (Turbo Panini Ya) | Zona: Chicó / Chapinero / Zona Rosa
900489869_2122357433,Glucloud Vapeador Manzana XL,Glucloud,Turbo,Vape,Tabaco,N/A,1 UND,50000,50000,0%,50000/und,https://www.rappi.com.co/search?query=vape,Tienda Rappi: Turbo (Turbo Panini Ya) | Zona: Chicó / Chapinero / Zona Rosa
900489869_2122939512,Glucloud Vapeador Fresa XL 6.5ml,Glucloud,Turbo,Vape,Tabaco,N/A,1 UND,50000,50000,0%,50000/und,https://www.rappi.com.co/search?query=vape,Tienda Rappi: Turbo (Turbo Panini Ya) | Zona: Chicó / Chapinero / Zona Rosa
900489869_2122721475,Vapeador Glucloud Fusión XL,Vapeador,Turbo,Vape,Tabaco,N/A,1 UND,50000,50000,0%,50000/und,https://www.rappi.com.co/search?query=vape,Tienda Rappi: Turbo (Turbo Panini Ya) | Zona: Chicó / Chapinero / Zona Rosa
900489869_2124656393,Glucloud Vapeador Mango Large,Glucloud,Turbo,Vape,Tabaco,N/A,1 UND,33000,33000,0%,33000/und,https://www.rappi.com.co/search?query=vape,Tienda Rappi: Turbo (Turbo Panini Ya) | Zona: Chicó / Chapinero / Zona Rosa
900489869_2124656391,Glucloud Vapeador Lulo Large,Glucloud,Turbo,Vape,Tabaco,N/A,1 UND,33000,33000,0%,33000/und,https://www.rappi.com.co/search?query=vape,Tienda Rappi: Turbo (Turbo Panini Ya) | Zona: Chicó / Chapinero / Zona Rosa
900489869_2120770215,Glucloud Vapeador Menta XL,Glucloud,Turbo,Vape,Tabaco,N/A,1 UND,50000,50000,0%,50000/und,https://www.rappi.com.co/search?query=vape,Tienda Rappi: Turbo (Turbo Panini Ya) | Zona: Chicó / Chapinero / Zona Rosa
900489869_2124656383,Glucloud Vapeador Menta Large,Glucloud,Turbo,Vape,Tabaco,N/A,1 UND,33000,33000,0%,33000/und,https://www.rappi.com.co/search?query=vape,Tienda Rappi: Turbo (Turbo Panini Ya) | Zona: Chicó / Chapinero / Zona Rosa
900488408_2126802388,Vape Solobar Defender 40k Puffs Lemon Lime Y Mix Berries,Vape,SURVAPE,Vape,Tabaco,N/A,1 UND,38000,38000,0%,38000/und,https://www.rappi.com.co/search?query=vape,Tienda Rappi: SURVAPE | Zona: Chicó / Chapinero / Zona Rosa
900488408_2126802380,Vape Solobar Defender 40k Puffs Black Currant Y Grape,Vape,SURVAPE,Vape,Tabaco,N/A,1 UND,38000,38000,0%,38000/und,https://www.rappi.com.co/search?query=vape,Tienda Rappi: SURVAPE | Zona: Chicó / Chapinero / Zona Rosa
900488408_2126732092,Vape Solobar Grape Burst 35.000 Puffs,Vape,SURVAPE,Vape,Tabaco,N/A,1 UND,35000,35000,0%,35000/und,https://www.rappi.com.co/search?query=vape,Tienda Rappi: SURVAPE | Zona: Chicó / Chapinero / Zona Rosa
900488408_2126751635,Waka Solo 2 Fresa Uva Vape 35000 Puffs,Waka,SURVAPE,Vape,Tabaco,N/A,1 UND,42000,42000,0%,42000/und,https://www.rappi.com.co/search?query=vape,Tienda Rappi: SURVAPE | Zona: Chicó / Chapinero / Zona Rosa
900488408_2126835089,Vape Solobar Defender 40.000puffs Banana Y Strawberry Ice,Vape,SURVAPE,Vape,Tabaco,N/A,1 UND,38000,38000,0%,38000/und,https://www.rappi.com.co/search?query=vape,Tienda Rappi: SURVAPE | Zona: Chicó / Chapinero / Zona Rosa
900488408_2126751619,Vape Solobar Purple Georgia Peach 35000 Puffs,Vape,SURVAPE,Vape,Tabaco,N/A,1 UND,35000,35000,0%,35000/und,https://www.rappi.com.co/search?query=vape,Tienda Rappi: SURVAPE | Zona: Chicó / Chapinero / Zona Rosa
900488408_2126629683,Vape Solobar Royal Mint 35000 Puffs,Vape,SURVAPE,Vape,Tabaco,N/A,1 UND,35000,35000,0%,35000/und,https://www.rappi.com.co/search?query=vape,Tienda Rappi: SURVAPE | Zona: Chicó / Chapinero / Zona Rosa
900488408_2126779826,Vape Spaceman Sp 50000 Blackberry Razz,Vape,SURVAPE,Vape,Tabaco,N/A,1 UND,38000,38000,0%,38000/und,https://www.rappi.com.co/search?query=vape,Tienda Rappi: SURVAPE | Zona: Chicó / Chapinero / Zona Rosa
900488408_2126779830,Vape Spaceman Sp 50000 White Grape Ice,Vape,SURVAPE,Vape,Tabaco,N/A,1 UND,38000,38000,0%,38000/und,https://www.rappi.com.co/search?query=vape,Tienda Rappi: SURVAPE | Zona: Chicó / Chapinero / Zona Rosa
900488408_2126732086,Vape Solo Bar Strawberry Watermelon 35.000 Puffs,Vape,SURVAPE,Vape,Tabaco,N/A,1 UND,35000,35000,0%,35000/und,https://www.rappi.com.co/search?query=vape,Tienda Rappi: SURVAPE | Zona: Chicó / Chapinero / Zona Rosa
900488408_2126835349,Vape Waka Solo2 3.500 Puffs Fresa Sandia,Waka,SURVAPE,Vape,Tabaco,N/A,1 UND,42000,42000,0%,42000/und,https://www.rappi.com.co/search?query=vape,Tienda Rappi: SURVAPE | Zona: Chicó / Chapinero / Zona Rosa
900488408_2126549286,Vape Mtrx Minty Os 25.000 Puffs,Vape,SURVAPE,Vape,Tabaco,N/A,1 UND,35000,35000,0%,35000/und,https://www.rappi.com.co/search?query=vape,Tienda Rappi: SURVAPE | Zona: Chicó / Chapinero / Zona Rosa
900488408_2126668361,Vape Waka Solo 2 Arandano 3500 Puffs,Waka,SURVAPE,Vape,Tabaco,N/A,1 UND,42000,42000,0%,42000/und,https://www.rappi.com.co/search?query=vape,Tienda Rappi: SURVAPE | Zona: Chicó / Chapinero / Zona Rosa
900488408_2126834425,Vape Chris Brown Cb15k 15.000 Puffs Piña Colada,Vape,SURVAPE,Vape,Tabaco,N/A,1 UND,25000,25000,0%,25000/und,https://www.rappi.com.co/search?query=vape,Tienda Rappi: SURVAPE | Zona: Chicó / Chapinero / Zona Rosa
900480984_2124583163,Vape Death Row Arcoiris 7000 Puffs Vaper Vapeador Cigarrillo Electronico,Vape,Teri Cd,Vape,Tabaco,N/A,1 UND,14000,14000,0%,14000/und,https://www.rappi.com.co/search?query=vape,Tienda Rappi: Teri Cd (TERISEX) | Zona: Chicó / Chapinero / Zona Rosa
900480984_2125531009,Vape Air Bar Box De Piña 3000 Puffs Vaper Vapper Vapeador Cigarrilo Electronico,Vape,Teri Cd,Vape,Tabaco,N/A,1 UND,12000,12000,0%,12000/und,https://www.rappi.com.co/search?query=vape,Tienda Rappi: Teri Cd (TERISEX) | Zona: Chicó / Chapinero / Zona Rosa
900480984_2125531003,Vape Air Bar Box De Naranja 3000 Puffs Vaper Vapper Vapeador Cigarrilo Electronico,Vape,Teri Cd,Vape,Tabaco,N/A,1 UND,12000,12000,0%,12000/und,https://www.rappi.com.co/search?query=vape,Tienda Rappi: Teri Cd (TERISEX) | Zona: Chicó / Chapinero / Zona Rosa
900480984_2124583177,Vape Death Row Piña 7000 Puffs Vaper Vapeador Cigarrillo Electronico,Vape,Teri Cd,Vape,Tabaco,N/A,1 UND,14000,14000,0%,14000/und,https://www.rappi.com.co/search?query=vape,Tienda Rappi: Teri Cd (TERISEX) | Zona: Chicó / Chapinero / Zona Rosa
900480984_2124583179,Vape Death Row Salpicon 7000 Puffs Vaper Vapeador Cigarrillo Electronico,Vape,Teri Cd,Vape,Tabaco,N/A,1 UND,14000,14000,0%,14000/und,https://www.rappi.com.co/search?query=vape,Tienda Rappi: Teri Cd (TERISEX) | Zona: Chicó / Chapinero / Zona Rosa
900480984_2124808085,Vape Death Row 7000 Puffs Fresa Vaper Vapeador Cigarrillo Electronico,Vape,Teri Cd,Vape,Tabaco,N/A,1 UND,14000,14000,0%,14000/und,https://www.rappi.com.co/search?query=vape,Tienda Rappi: Teri Cd (TERISEX) | Zona: Chicó / Chapinero / Zona Rosa
900480984_2124583165,Vape Death Row Black Ice 7000 Puffs Vaper Vapeador Cigarrillo Electronico,Vape,Teri Cd,Vape,Tabaco,N/A,1 UND,14000,14000,0%,14000/und,https://www.rappi.com.co/search?query=vape,Tienda Rappi: Teri Cd (TERISEX) | Zona: Chicó / Chapinero / Zona Rosa
900480984_2124808081,Vape Death Row 7000 Puffs Caramelo Vaper Vapeador Cigarrillo Electronico,Vape,Teri Cd,Vape,Tabaco,N/A,1 UND,14000,14000,0%,14000/und,https://www.rappi.com.co/search?query=vape,Tienda Rappi: Teri Cd (TERISEX) | Zona: Chicó / Chapinero / Zona Rosa
900480984_2124583172,Vape Death Row Mango 7000 Puffs Vaper Vapeador Cigarrillo Electronico,Vape,Teri Cd,Vape,Tabaco,N/A,1 UND,14000,14000,0%,14000/und,https://www.rappi.com.co/search?query=vape,Tienda Rappi: Teri Cd (TERISEX) | Zona: Chicó / Chapinero / Zona Rosa
900480984_2124808086,Vape Death Row 7000 Puffs Melocoton Vaper Vapeador Cigarrillo Electronico,Vape,Teri Cd,Vape,Tabaco,N/A,1 UND,14000,14000,0%,14000/und,https://www.rappi.com.co/search?query=vape,Tienda Rappi: Teri Cd (TERISEX) | Zona: Chicó / Chapinero / Zona Rosa
900480984_2126310564,Vape Kang Vape 20 Mil Puff Pink Lemonade Vaper Vapper Vapeador Cigarrilo Electronico,Vape,Teri Cd,Vape,Tabaco,N/A,1 UND,28000,28000,0%,28000/und,https://www.rappi.com.co/search?query=vape,Tienda Rappi: Teri Cd (TERISEX) | Zona: Chicó / Chapinero / Zona Rosa
900480984_2126451966,Vape Evobar 5 Mil Puff Strawberry Fanta Vaper Vapper Vapeador Cigarrilo Electronico8659-3,Vape,Teri Cd,Vape,Tabaco,N/A,1 UND,16000,16000,0%,16000/und,https://www.rappi.com.co/search?query=vape,Tienda Rappi: Teri Cd (TERISEX) | Zona: Chicó / Chapinero / Zona Rosa
900480984_2124808083,Vape Death Row 7000 Puffs Uva Fria Vaper Vapeador Cigarrillo Electronico,Vape,Teri Cd,Vape,Tabaco,N/A,1 UND,14000,14000,0%,14000/und,https://www.rappi.com.co/search?query=vape,Tienda Rappi: Teri Cd (TERISEX) | Zona: Chicó / Chapinero / Zona Rosa
900480984_2125530996,Vape Air Bar Box De Mango 3000 Puffs Vaper Vapper Vapeador Cigarrilo Electronico,Vape,Teri Cd,Vape,Tabaco,N/A,1 UND,12000,12000,0%,12000/und,https://www.rappi.com.co/search?query=vape,Tienda Rappi: Teri Cd (TERISEX) | Zona: Chicó / Chapinero / Zona Rosa
900480984_2126451972,Vape Evobar 5 Mil Puff Texas Red Grapefruit Vaper Vapper Vapeador Cigarrilo Electronico,Vape,Teri Cd,Vape,Tabaco,N/A,1 UND,16000,16000,0%,16000/und,https://www.rappi.com.co/search?query=vape,Tienda Rappi: Teri Cd (TERISEX) | Zona: Chicó / Chapinero / Zona Rosa
900480984_2125531000,Vape Air Bar Box De Morazul 3000 Puffs Vaper Vapper Vapeador Cigarrilo Electronico,Vape,Teri Cd,Vape,Tabaco,N/A,1 UND,12000,12000,0%,12000/und,https://www.rappi.com.co/search?query=vape,Tienda Rappi: Teri Cd (TERISEX) | Zona: Chicó / Chapinero / Zona Rosa
900480984_2126311480,Vape Elf Vpr 7 Mil Puff Peach Ice Vaper Vapper Vapeador Cigarrilo Electronico,Vape,Teri Cd,Vape,Tabaco,N/A,1 UND,15000,15000,0%,15000/und,https://www.rappi.com.co/search?query=vape,Tienda Rappi: Teri Cd (TERISEX) | Zona: Chicó / Chapinero / Zona Rosa
900480984_2124808084,Vape Death Row 7000 Puffs Frutos Rojos Vaper Vapeador Cigarrillo Electronico,Vape,Teri Cd,Vape,Tabaco,N/A,1 UND,14000,14000,0%,14000/und,https://www.rappi.com.co/search?query=vape,Tienda Rappi: Teri Cd (TERISEX) | Zona: Chicó / Chapinero / Zona Rosa
900480984_2126839751,Vape Baddie Bar 10 Mil Puff Taringe Popstar Vaper Vapper Vapeador Cigarrilo Electronico,Vape,Teri Cd,Vape,Tabaco,N/A,1 UND,26000,26000,0%,26000/und,https://www.rappi.com.co/search?query=vape,Tienda Rappi: Teri Cd (TERISEX) | Zona: Chicó / Chapinero / Zona Rosa
900480984_2124583174,Vape Death Row Morazul 7000 Puffs Vaper Vapeador Cigarrillo Electronico,Vape,Teri Cd,Vape,Tabaco,N/A,1 UND,14000,14000,0%,14000/und,https://www.rappi.com.co/search?query=vape,Tienda Rappi: Teri Cd (TERISEX) | Zona: Chicó / Chapinero / Zona Rosa
900434592_2122421738,Vapeador Glucloud Limonada Cerezada XL,Vapeador,Oxxo,Vape,Tabaco,N/A,1 UND,50000,50000,0%,50000/und,https://www.rappi.com.co/search?query=vape,Tienda Rappi: Oxxo (Oxxo Super) | Zona: Chicó / Chapinero / Zona Rosa
900434592_2125849188,Glucloud Vapeador Limonada Cerezada Large,Glucloud,Oxxo,Vape,Tabaco,N/A,1 UND,33000,33000,0%,33000/und,https://www.rappi.com.co/search?query=vape,Tienda Rappi: Oxxo (Oxxo Super) | Zona: Chicó / Chapinero / Zona Rosa
900434592_2125849190,Glucloud Vapeador Piña Colada Large,Glucloud,Oxxo,Vape,Tabaco,N/A,1 UND,33000,33000,0%,33000/und,https://www.rappi.com.co/search?query=vape,Tienda Rappi: Oxxo (Oxxo Super) | Zona: Chicó / Chapinero / Zona Rosa
900434592_2125849191,Vapeador Glucloud Arándano Large,Vapeador,Oxxo,Vape,Tabaco,N/A,1 UND,33000,33000,0%,33000/und,https://www.rappi.com.co/search?query=vape,Tienda Rappi: Oxxo (Oxxo Super) | Zona: Chicó / Chapinero / Zona Rosa
900434592_2125849183,Glucloud Vapeador Limonada Cerezada Indi,Glucloud,Oxxo,Vape,Tabaco,N/A,1 UND,66000,66000,0%,66000/und,https://www.rappi.com.co/search?query=vape,Tienda Rappi: Oxxo (Oxxo Super) | Zona: Chicó / Chapinero / Zona Rosa
900434592_2125849296,Glucloud Vapeador Lima Durazno XL,Glucloud,Oxxo,Vape,Tabaco,N/A,1 UND,50000,50000,0%,50000/und,https://www.rappi.com.co/search?query=vape,Tienda Rappi: Oxxo (Oxxo Super) | Zona: Chicó / Chapinero / Zona Rosa
900434592_2125849193,Glucloud Vapeador Manzana Large,Glucloud,Oxxo,Vape,Tabaco,N/A,1 UND,33000,33000,0%,33000/und,https://www.rappi.com.co/search?query=vape,Tienda Rappi: Oxxo (Oxxo Super) | Zona: Chicó / Chapinero / Zona Rosa
900434592_2125849189,Glucloud Vapeador Uva Large,Glucloud,Oxxo,Vape,Tabaco,N/A,1 UND,33000,33000,0%,33000/und,https://www.rappi.com.co/search?query=vape,Tienda Rappi: Oxxo (Oxxo Super) | Zona: Chicó / Chapinero / Zona Rosa
900434592_2122421739,Glucloud Vapeador Manzana XL,Glucloud,Oxxo,Vape,Tabaco,N/A,1 UND,50000,50000,0%,50000/und,https://www.rappi.com.co/search?query=vape,Tienda Rappi: Oxxo (Oxxo Super) | Zona: Chicó / Chapinero / Zona Rosa
900434592_2122421740,Glucloud Vapeador Uva XL,Glucloud,Oxxo,Vape,Tabaco,N/A,1 UND,50000,50000,0%,50000/und,https://www.rappi.com.co/search?query=vape,Tienda Rappi: Oxxo (Oxxo Super) | Zona: Chicó / Chapinero / Zona Rosa
900434592_2125849184,Glucloud Vapeador Lima Durazno Indi,Glucloud,Oxxo,Vape,Tabaco,N/A,1 UND,66000,66000,0%,66000/und,https://www.rappi.com.co/search?query=vape,Tienda Rappi: Oxxo (Oxxo Super) | Zona: Chicó / Chapinero / Zona Rosa
900434592_2122421741,Glucloud Vapeador Arándano XL,Glucloud,Oxxo,Vape,Tabaco,N/A,1 UND,50000,50000,0%,50000/und,https://www.rappi.com.co/search?query=vape,Tienda Rappi: Oxxo (Oxxo Super) | Zona: Chicó / Chapinero / Zona Rosa
900434592_2125526770,Glucloud Vapeador Piña Colada Boxpod,Glucloud,Oxxo,Vape,Tabaco,N/A,1 UND,44000,44000,0%,44000/und,https://www.rappi.com.co/search?query=vape,Tienda Rappi: Oxxo (Oxxo Super) | Zona: Chicó / Chapinero / Zona Rosa
900434592_2125849186,Glucloud Vapeador Mango Indi,Glucloud,Oxxo,Vape,Tabaco,N/A,1 UND,66000,66000,0%,66000/und,https://www.rappi.com.co/search?query=vape,Tienda Rappi: Oxxo (Oxxo Super) | Zona: Chicó / Chapinero / Zona Rosa
900434592_2125849182,Glucloud Vapeador Uva Indi,Glucloud,Oxxo,Vape,Tabaco,N/A,1 UND,66000,66000,0%,66000/und,https://www.rappi.com.co/search?query=vape,Tienda Rappi: Oxxo (Oxxo Super) | Zona: Chicó / Chapinero / Zona Rosa
900434592_2122798616,Glucloud Vape Banana Papaya XL / 2500 Puff,Glucloud,Oxxo,Vape,Tabaco,N/A,1 UND,50000,50000,0%,50000/und,https://www.rappi.com.co/search?query=vape,Tienda Rappi: Oxxo (Oxxo Super) | Zona: Chicó / Chapinero / Zona Rosa
900420226_2126680102,Vape Spaceman 50 Mil Puff Sour Strawberry Vaper Vapper Vapeador Cigarrilo Electronico,Vape,DONDE NICO S,Vape,Tabaco,N/A,1 UND,40000,40000,0%,40000/und,https://www.rappi.com.co/search?query=vape,Tienda Rappi: DONDE NICO S (Donde Nico) | Zona: Chicó / Chapinero / Zona Rosa
900420226_2126484560,Vape Czar 9 Mil Puff Lemon Mint Vaper Vapper Vapeador Cigarrilo Electronico,Vape,DONDE NICO S,Vape,Tabaco,N/A,1 UND,18000,18000,0%,18000/und,https://www.rappi.com.co/search?query=vape,Tienda Rappi: DONDE NICO S (Donde Nico) | Zona: Chicó / Chapinero / Zona Rosa
900420226_2126680122,Vape Spaceman 50 Mil Puff Juicy Peach Watermelon Vaper Vapper Vapeador Cigarrilo Electronico,Vape,DONDE NICO S,Vape,Tabaco,N/A,1 UND,40000,40000,0%,40000/und,https://www.rappi.com.co/search?query=vape,Tienda Rappi: DONDE NICO S (Donde Nico) | Zona: Chicó / Chapinero / Zona Rosa
900420226_2126839473,Vape Pod Mesh 5.500 Puff Glacier Fuji Apple Vaper Vapper Vapeador Cigarrilo Electronico,Vape,DONDE NICO S,Vape,Tabaco,N/A,1 UND,15000,15000,0%,15000/und,https://www.rappi.com.co/search?query=vape,Tienda Rappi: DONDE NICO S (Donde Nico) | Zona: Chicó / Chapinero / Zona Rosa
900420226_2126310880,Vape Kang Vape 20 Mil Puff Pink Lemonade Vaper Vapper Vapeador Cigarrilo Electronico,Vape,DONDE NICO S,Vape,Tabaco,N/A,1 UND,28000,28000,0%,28000/und,https://www.rappi.com.co/search?query=vape,Tienda Rappi: DONDE NICO S (Donde Nico) | Zona: Chicó / Chapinero / Zona Rosa
900420226_2126451913,Vape Evobar 5 Mil Puff Strawberry Fanta Vaper Vapper Vapeador Cigarrilo Electronico,Vape,DONDE NICO S,Vape,Tabaco,N/A,1 UND,16000,16000,0%,16000/und,https://www.rappi.com.co/search?query=vape,Tienda Rappi: DONDE NICO S (Donde Nico) | Zona: Chicó / Chapinero / Zona Rosa
900420226_2126310872,Vape Kang Vape 20 Mil Puff Arctic Mineral Water Vaper Vapper Vapeador Cigarrilo Electronico,Vape,DONDE NICO S,Vape,Tabaco,N/A,1 UND,28000,28000,0%,28000/und,https://www.rappi.com.co/search?query=vape,Tienda Rappi: DONDE NICO S (Donde Nico) | Zona: Chicó / Chapinero / Zona Rosa
900420226_2126680171,Vape Spaceman 50 Mil Puff White Peach Razz Vaper Vapper Vapeador Cigarrilo Electronico,Vape,DONDE NICO S,Vape,Tabaco,N/A,1 UND,40000,40000,0%,40000/und,https://www.rappi.com.co/search?query=vape,Tienda Rappi: DONDE NICO S (Donde Nico) | Zona: Chicó / Chapinero / Zona Rosa
900420226_2126310886,Vape Kang Vape 6 Mil Puff Sour Apple Ice Vaper Vapper Vapeador Cigarrilo Electronico,Vape,DONDE NICO S,Vape,Tabaco,N/A,1 UND,28000,28000,0%,28000/und,https://www.rappi.com.co/search?query=vape,Tienda Rappi: DONDE NICO S (Donde Nico) | Zona: Chicó / Chapinero / Zona Rosa
900420226_2126839538,Vape Pod Mesh 5.500 Puff Frozen Strawberry Guava Vaper Vapper Vapeador Cigarrilo Electronico,Vape,DONDE NICO S,Vape,Tabaco,N/A,1 UND,15000,15000,0%,15000/und,https://www.rappi.com.co/search?query=vape,Tienda Rappi: DONDE NICO S (Donde Nico) | Zona: Chicó / Chapinero / Zona Rosa
900420226_2126310926,Vape Wolf Dna 6 Mil Puff Lush Ice Vaper Vapper Vapeador Cigarrilo Electronico,Vape,DONDE NICO S,Vape,Tabaco,N/A,1 UND,15000,15000,0%,15000/und,https://www.rappi.com.co/search?query=vape,Tienda Rappi: DONDE NICO S (Donde Nico) | Zona: Chicó / Chapinero / Zona Rosa
900420226_2126451864,Vape Evobar 5 Mil Puff Pineapple Stawberry Banana Vaper Vapper Vapeador Cigarrilo Electronico,Vape,DONDE NICO S,Vape,Tabaco,N/A,1 UND,16000,16000,0%,16000/und,https://www.rappi.com.co/search?query=vape,Tienda Rappi: DONDE NICO S (Donde Nico) | Zona: Chicó / Chapinero / Zona Rosa
900420226_2126451905,Vape Evobar 5 Mil Puff Wthite Gummy Vaper Vapper Vapeador Cigarrilo Electronico,Vape,DONDE NICO S,Vape,Tabaco,N/A,1 UND,16000,16000,0%,16000/und,https://www.rappi.com.co/search?query=vape,Tienda Rappi: DONDE NICO S (Donde Nico) | Zona: Chicó / Chapinero / Zona Rosa
900420226_2126310876,Vape Kang Vape 20 Mil Puff Frozen Melontime Vaper Vapper Vapeador Cigarrilo Electronico,Vape,DONDE NICO S,Vape,Tabaco,N/A,1 UND,28000,28000,0%,28000/und,https://www.rappi.com.co/search?query=vape,Tienda Rappi: DONDE NICO S (Donde Nico) | Zona: Chicó / Chapinero / Zona Rosa
900420226_2126828307,Vape Archer 60 Mil Puff Pineapple Lime Vaper Vapper Vapeador Cigarrilo Electronico,Vape,DONDE NICO S,Vape,Tabaco,N/A,1 UND,50000,50000,0%,50000/und,https://www.rappi.com.co/search?query=vape,Tienda Rappi: DONDE NICO S (Donde Nico) | Zona: Chicó / Chapinero / Zona Rosa
900420226_2126679975,Vape Spaceman 50 Mil Puff Blue Razz Ice Vaper Vapper Vapeador Cigarrilo Electronico,Vape,DONDE NICO S,Vape,Tabaco,N/A,1 UND,40000,40000,0%,40000/und,https://www.rappi.com.co/search?query=vape,Tienda Rappi: DONDE NICO S (Donde Nico) | Zona: Chicó / Chapinero / Zona Rosa
900420226_2126830619,Vape Archer 60 Mil Puff Mexico Mango Vaper Vapper Vapeador Cigarrilo Electronico,Vape,DONDE NICO S,Vape,Tabaco,N/A,1 UND,50000,50000,0%,50000/und,https://www.rappi.com.co/search?query=vape,Tienda Rappi: DONDE NICO S (Donde Nico) | Zona: Chicó / Chapinero / Zona Rosa
900420226_2126830204,Vape Archer 60 Mil Puff Juice Peach Ice Vaper Vapper Vapeador Cigarrilo Electronico,Vape,DONDE NICO S,Vape,Tabaco,N/A,1 UND,50000,50000,0%,50000/und,https://www.rappi.com.co/search?query=vape,Tienda Rappi: DONDE NICO S (Donde Nico) | Zona: Chicó / Chapinero / Zona Rosa
900420226_2126333038,Vape 7000 Puff Death Row Tobacco Vape Vaper Vapper Vapeador Cigarro Electronico,Vape,DONDE NICO S,Vape,Tabaco,N/A,1 UND,12000,12000,0%,12000/und,https://www.rappi.com.co/search?query=vape,Tienda Rappi: DONDE NICO S (Donde Nico) | Zona: Chicó / Chapinero / Zona Rosa
900420226_2125530611,Vape Air Lux De 1000 Puffs Vaper Vapper Vapeador Cigarrilo Electronico,Vape,DONDE NICO S,Vape,Tabaco,N/A,1 UND,5500,5500,0%,5500/und,https://www.rappi.com.co/search?query=vape,Tienda Rappi: DONDE NICO S (Donde Nico) | Zona: Chicó / Chapinero / Zona Rosa
900489869_2124136276,Vapeador Vuse Go 1000 Grape Ice,Vuse,Turbo,Vapeador,Tabaco,N/A,34 MG,30600,30600,0%,900000/g,https://www.rappi.com.co/search?query=vapeador,Tienda Rappi: Turbo (Turbo Panini Ya) | Zona: Chicó / Chapinero / Zona Rosa
900489869_2121700829,Vapeador Vuse Go 5000 Grape Ice,Vuse,Turbo,Vapeador,Tabaco,N/A,34 MG,51000,51000,0%,1500000/g,https://www.rappi.com.co/search?query=vapeador,Tienda Rappi: Turbo (Turbo Panini Ya) | Zona: Chicó / Chapinero / Zona Rosa
900489869_2124524465,Vapeador Vuse Go 8000 Grape Ice,Vuse,Turbo,Vapeador,Tabaco,N/A,34 MG,65700,65700,0%,1932352.95/g,https://www.rappi.com.co/search?query=vapeador,Tienda Rappi: Turbo (Turbo Panini Ya) | Zona: Chicó / Chapinero / Zona Rosa
900489869_2120098616,Vapeador Vuse Go 5000 Menthol Ice,Vuse,Turbo,Vapeador,Tabaco,N/A,34 MG,51000,51000,0%,1500000/g,https://www.rappi.com.co/search?query=vapeador,Tienda Rappi: Turbo (Turbo Panini Ya) | Zona: Chicó / Chapinero / Zona Rosa
900489869_2124664753,Vapeador Vuse Go 1000 Blueberry ice,Vuse,Turbo,Vapeador,Tabaco,N/A,34 MG,30400,30400,0%,894117.65/g,https://www.rappi.com.co/search?query=vapeador,Tienda Rappi: Turbo (Turbo Panini Ya) | Zona: Chicó / Chapinero / Zona Rosa
900489869_2119681719,Vapeador Vuse Go 5000 Apple Sour,Vuse,Turbo,Vapeador,Tabaco,N/A,34 MG,51000,51000,0%,1500000/g,https://www.rappi.com.co/search?query=vapeador,Tienda Rappi: Turbo (Turbo Panini Ya) | Zona: Chicó / Chapinero / Zona Rosa
900489869_2124664818,Vapeador Vuse Go 1000 Menthol Ice,Vuse,Turbo,Vapeador,Tabaco,N/A,34 MG,30400,30400,0%,894117.65/g,https://www.rappi.com.co/search?query=vapeador,Tienda Rappi: Turbo (Turbo Panini Ya) | Zona: Chicó / Chapinero / Zona Rosa
900489869_2124132868,Vapeador Vuse Go 1000 Passionfruit Ice,Vuse,Turbo,Vapeador,Tabaco,N/A,34 MG,30600,30600,0%,900000/g,https://www.rappi.com.co/search?query=vapeador,Tienda Rappi: Turbo (Turbo Panini Ya) | Zona: Chicó / Chapinero / Zona Rosa
900489869_2124132869,Vapeador Vuse Go 1000 Watermelon Ice,Vuse,Turbo,Vapeador,Tabaco,N/A,34 MG,30600,30600,0%,900000/g,https://www.rappi.com.co/search?query=vapeador,Tienda Rappi: Turbo (Turbo Panini Ya) | Zona: Chicó / Chapinero / Zona Rosa
900489869_2124507058,Vapeador Vuse Go 8000 Watermelon Ice,Vuse,Turbo,Vapeador,Tabaco,N/A,34 MG,65700,65700,0%,1932352.95/g,https://www.rappi.com.co/search?query=vapeador,Tienda Rappi: Turbo (Turbo Panini Ya) | Zona: Chicó / Chapinero / Zona Rosa
900489869_2124524492,Vapeador Vuse Go 8000 Mint Ice,Vuse,Turbo,Vapeador,Tabaco,N/A,34 MG,65700,65700,0%,1932352.95/g,https://www.rappi.com.co/search?query=vapeador,Tienda Rappi: Turbo (Turbo Panini Ya) | Zona: Chicó / Chapinero / Zona Rosa
900489869_2124524466,Vapeador Vuse Go 8000 Blueberry Ice,Vuse,Turbo,Vapeador,Tabaco,N/A,34 MG,65700,65700,0%,1932352.95/g,https://www.rappi.com.co/search?query=vapeador,Tienda Rappi: Turbo (Turbo Panini Ya) | Zona: Chicó / Chapinero / Zona Rosa
900489869_2124884308,Vapeador Vuse Go 5000 Watermelon Ice,Vuse,Turbo,Vapeador,Tabaco,N/A,34 MG,52200,52200,0%,1535294.12/g,https://www.rappi.com.co/search?query=vapeador,Tienda Rappi: Turbo (Turbo Panini Ya) | Zona: Chicó / Chapinero / Zona Rosa
900489869_2119954096,Vapeador Vuse Go 5000 Blue Raspberry,Vuse,Turbo,Vapeador,Tabaco,N/A,34 MG,50600,50600,0%,1488235.30/g,https://www.rappi.com.co/search?query=vapeador,Tienda Rappi: Turbo (Turbo Panini Ya) | Zona: Chicó / Chapinero / Zona Rosa
900489869_2124132866,Vapeador Vuse Go 1000 Green Apple,Vuse,Turbo,Vapeador,Tabaco,N/A,34 MG,30600,30600,0%,900000/g,https://www.rappi.com.co/search?query=vapeador,Tienda Rappi: Turbo (Turbo Panini Ya) | Zona: Chicó / Chapinero / Zona Rosa
900489869_2124524488,Vapeador Vuse Go 8000 Green Apple,Vuse,Turbo,Vapeador,Tabaco,N/A,34 MG,65700,65700,0%,1932352.95/g,https://www.rappi.com.co/search?query=vapeador,Tienda Rappi: Turbo (Turbo Panini Ya) | Zona: Chicó / Chapinero / Zona Rosa
900489869_2125614683,Vapeador Vuse Go Reload Black & Capsulas Grape Ice 34mg,Vuse,Turbo,Vapeador,Tabaco,N/A,1 COMBO,55700,55700,0%,55700/combo,https://www.rappi.com.co/search?query=vapeador,Tienda Rappi: Turbo (Turbo Panini Ya) | Zona: Chicó / Chapinero / Zona Rosa
900489869_2124664926,Vapeador Vuse Go Reload Black,Vuse,Turbo,Vapeador,Tabaco,N/A,1 UND,28100,28100,0%,28100/und,https://www.rappi.com.co/search?query=vapeador,Tienda Rappi: Turbo (Turbo Panini Ya) | Zona: Chicó / Chapinero / Zona Rosa
900489869_2125614670,Vapeador Vuse Go Reload Black & Capsulas Blueberry Ice 34mg,Vuse,Turbo,Vapeador,Tabaco,N/A,1 COMBO,55700,55700,0%,55700/combo,https://www.rappi.com.co/search?query=vapeador,Tienda Rappi: Turbo (Turbo Panini Ya) | Zona: Chicó / Chapinero / Zona Rosa
900489869_2123470487,Vuse Capsulas Grape Ice 34mg,Vuse,Turbo,Vapeador,Tabaco,N/A,34 MG,27600,27600,0%,811764.71/g,https://www.rappi.com.co/search?query=vapeador,Tienda Rappi: Turbo (Turbo Panini Ya) | Zona: Chicó / Chapinero / Zona Rosa
900480984_2124808087,Vape Death Row 7000 Puffs Arandanos Vaper Vapeador Cigarrillo Electronico,Vape,Teri Cd,Vapeador,Tabaco,N/A,1 UND,14000,14000,0%,14000/und,https://www.rappi.com.co/search?query=vapeador,Tienda Rappi: Teri Cd (TERISEX) | Zona: Chicó / Chapinero / Zona Rosa
900480984_2124583180,Vape Death Row Sandia 7000 Puffs Vaper Vapeador Cigarrillo Electronico,Vape,Teri Cd,Vapeador,Tabaco,N/A,1 UND,14000,14000,0%,14000/und,https://www.rappi.com.co/search?query=vapeador,Tienda Rappi: Teri Cd (TERISEX) | Zona: Chicó / Chapinero / Zona Rosa
900480984_2124583170,Vape Death Row Clear 7000 Puffs Vaper Vapeador Cigarrillo Electronico,Vape,Teri Cd,Vapeador,Tabaco,N/A,1 UND,14000,14000,0%,14000/und,https://www.rappi.com.co/search?query=vapeador,Tienda Rappi: Teri Cd (TERISEX) | Zona: Chicó / Chapinero / Zona Rosa
900480984_2124771241,Vape Dummy 8000 Puffs Frambuesa Vaper Vaps Vapes Vapers Cigarrillo Electronico Six Nine,Vape,Teri Cd,Vapeador,Tabaco,N/A,1 UND,17000,17000,0%,17000/und,https://www.rappi.com.co/search?query=vapeador,Tienda Rappi: Teri Cd (TERISEX) | Zona: Chicó / Chapinero / Zona Rosa
900480984_2124771234,Vape Dummy 8000 Puffs Gaseosa Vaper Vaps Vapes Vapers Cigarrillo Electronico Six Nine,Vape,Teri Cd,Vapeador,Tabaco,N/A,1 UND,17000,17000,0%,17000/und,https://www.rappi.com.co/search?query=vapeador,Tienda Rappi: Teri Cd (TERISEX) | Zona: Chicó / Chapinero / Zona Rosa
900480984_2124771280,Vape Dummy 8000 Puffs Tropical Vaper Vaps Vapes Vapers Cigarrillo Electronico Six Nine,Vape,Teri Cd,Vapeador,Tabaco,N/A,1 UND,17000,17000,0%,17000/und,https://www.rappi.com.co/search?query=vapeador,Tienda Rappi: Teri Cd (TERISEX) | Zona: Chicó / Chapinero / Zona Rosa
900484346_2123727079,Vapeador Vuse Go 1000 Grape Ice,Vuse,Vuse Licores La Reserva,Vapeador,Tabaco,N/A,34 MG,22000,22000,0%,647058.83/g,https://www.rappi.com.co/search?query=vapeador,Tienda Rappi: Vuse Licores La Reserva (Vapeadores Vuse) | Zona: Chicó / Chapinero / Zona Rosa
900484346_2119725363,Vapeador Vuse Go 5000 Grape Ice,Vuse,Vuse Licores La Reserva,Vapeador,Tabaco,N/A,34 MG,50000,50000,0%,1470588.24/g,https://www.rappi.com.co/search?query=vapeador,Tienda Rappi: Vuse Licores La Reserva (Vapeadores Vuse) | Zona: Chicó / Chapinero / Zona Rosa
900484346_2124472944,Vapeador Vuse Go 8000 Puff Grape Ice,Vuse,Vuse Licores La Reserva,Vapeador,Tabaco,N/A,1 UND,64000,64000,0%,64000/und,https://www.rappi.com.co/search?query=vapeador,Tienda Rappi: Vuse Licores La Reserva (Vapeadores Vuse) | Zona: Chicó / Chapinero / Zona Rosa
900484346_2123727096,Vapeador Vuse Go 1000 Passionfruit Ice,Vuse,Vuse Licores La Reserva,Vapeador,Tabaco,N/A,34 MG,22000,22000,0%,647058.83/g,https://www.rappi.com.co/search?query=vapeador,Tienda Rappi: Vuse Licores La Reserva (Vapeadores Vuse) | Zona: Chicó / Chapinero / Zona Rosa
900484346_2125110953,Vapeador Vuse Go 1000 Blueberry ice,Vuse,Vuse Licores La Reserva,Vapeador,Tabaco,N/A,34 MG,22000,22000,0%,647058.83/g,https://www.rappi.com.co/search?query=vapeador,Tienda Rappi: Vuse Licores La Reserva (Vapeadores Vuse) | Zona: Chicó / Chapinero / Zona Rosa
900484346_2125157279,Vapeador Vuse Go 1000 Watermelon Ice,Vuse,Vuse Licores La Reserva,Vapeador,Tabaco,N/A,34 MG,22000,22000,0%,647058.83/g,https://www.rappi.com.co/search?query=vapeador,Tienda Rappi: Vuse Licores La Reserva (Vapeadores Vuse) | Zona: Chicó / Chapinero / Zona Rosa
900484346_2126724147,Vapeador Vuse Go 1000 Menthol Ice,Vuse,Vuse Licores La Reserva,Vapeador,Tabaco,N/A,34 MG,22000,22000,0%,647058.83/g,https://www.rappi.com.co/search?query=vapeador,Tienda Rappi: Vuse Licores La Reserva (Vapeadores Vuse) | Zona: Chicó / Chapinero / Zona Rosa
900484346_2124472959,Vapeador Vuse Go 8000 Blueberry Ice,Vuse,Vuse Licores La Reserva,Vapeador,Tabaco,N/A,34 MG,64000,64000,0%,1882352.95/g,https://www.rappi.com.co/search?query=vapeador,Tienda Rappi: Vuse Licores La Reserva (Vapeadores Vuse) | Zona: Chicó / Chapinero / Zona Rosa
900484346_2120009853,Vapeador Vuse Go 5000 Apple Sour,Vuse,Vuse Licores La Reserva,Vapeador,Tabaco,N/A,34 MG,50000,50000,0%,1470588.24/g,https://www.rappi.com.co/search?query=vapeador,Tienda Rappi: Vuse Licores La Reserva (Vapeadores Vuse) | Zona: Chicó / Chapinero / Zona Rosa
900484346_2124438754,Vapeador Vuse Go 5000 Blueberry Ice,Vuse,Vuse Licores La Reserva,Vapeador,Tabaco,N/A,34 MG,50000,50000,0%,1470588.24/g,https://www.rappi.com.co/search?query=vapeador,Tienda Rappi: Vuse Licores La Reserva (Vapeadores Vuse) | Zona: Chicó / Chapinero / Zona Rosa
900484346_2124472963,Vapeador Vuse Go 8000 Puff Menthol Ice,Vuse,Vuse Licores La Reserva,Vapeador,Tabaco,N/A,1 UND,64000,64000,0%,64000/und,https://www.rappi.com.co/search?query=vapeador,Tienda Rappi: Vuse Licores La Reserva (Vapeadores Vuse) | Zona: Chicó / Chapinero / Zona Rosa
900484346_2123727069,Vapeador Vuse Go 1000 Green Apple,Vuse,Vuse Licores La Reserva,Vapeador,Tabaco,N/A,34 MG,22000,22000,0%,647058.83/g,https://www.rappi.com.co/search?query=vapeador,Tienda Rappi: Vuse Licores La Reserva (Vapeadores Vuse) | Zona: Chicó / Chapinero / Zona Rosa
900484346_2124472958,Vapeador Vuse Go 8000 Puff Green Apple,Vuse,Vuse Licores La Reserva,Vapeador,Tabaco,N/A,1 UND,64000,64000,0%,64000/und,https://www.rappi.com.co/search?query=vapeador,Tienda Rappi: Vuse Licores La Reserva (Vapeadores Vuse) | Zona: Chicó / Chapinero / Zona Rosa
900484346_2126471437,Combo Vapeador Vuse go Reload Black & Cápsulas Grape Ice 34 mg,Vuse,Vuse Licores La Reserva,Vapeador,Tabaco,N/A,1 COMBO,52000,52000,0%,52000/combo,https://www.rappi.com.co/search?query=vapeador,Tienda Rappi: Vuse Licores La Reserva (Vapeadores Vuse) | Zona: Chicó / Chapinero / Zona Rosa
900484346_2126471440,Combo Vapeador Vuse go Reload Black Cápsulas Watermelon Ice 34 mg,Vuse,Vuse Licores La Reserva,Vapeador,Tabaco,N/A,1 COMBO,52000,52000,0%,52000/combo,https://www.rappi.com.co/search?query=vapeador,Tienda Rappi: Vuse Licores La Reserva (Vapeadores Vuse) | Zona: Chicó / Chapinero / Zona Rosa
900484346_2126471439,Combo Vapeador Vuse go Reload Black & Cápsulas Mango Ice 34 mg,Vuse,Vuse Licores La Reserva,Vapeador,Tabaco,N/A,1 COMBO,52000,52000,0%,52000/combo,https://www.rappi.com.co/search?query=vapeador,Tienda Rappi: Vuse Licores La Reserva (Vapeadores Vuse) | Zona: Chicó / Chapinero / Zona Rosa
900484346_2126471435,Combo Vapeador Vuse go Reload Black Cápsulas Blueberry Ice 34 mg,Vuse,Vuse Licores La Reserva,Vapeador,Tabaco,N/A,1 COMBO,52000,52000,0%,52000/combo,https://www.rappi.com.co/search?query=vapeador,Tienda Rappi: Vuse Licores La Reserva (Vapeadores Vuse) | Zona: Chicó / Chapinero / Zona Rosa
900484346_2126471438,Combo Vapeador Vuse go Reload Black & Cápsulas Menthol Ice 34 mg,Vuse,Vuse Licores La Reserva,Vapeador,Tabaco,N/A,1 COMBO,53000,53000,0%,53000/combo,https://www.rappi.com.co/search?query=vapeador,Tienda Rappi: Vuse Licores La Reserva (Vapeadores Vuse) | Zona: Chicó / Chapinero / Zona Rosa
900484346_2124524746,Vapeador Vuse Go Reload Black,Vuse,Vuse Licores La Reserva,Vapeador,Tabaco,N/A,1 UND,30000,30000,0%,30000/und,https://www.rappi.com.co/search?query=vapeador,Tienda Rappi: Vuse Licores La Reserva (Vapeadores Vuse) | Zona: Chicó / Chapinero / Zona Rosa
900412090_2123220922,Vapeador 9000 Puff Aloe Mango Krew,Vapeador,KREW VAPEADORES,Vapeador,Tabaco,N/A,1 UND,30000,30000,0%,30000/und,https://www.rappi.com.co/search?query=vapeador,Tienda Rappi: KREW VAPEADORES (Krew Vapers) | Zona: Chicó / Chapinero / Zona Rosa
900412090_2123220794,Krew Vapeador 6000 Puff Strawberry Mango,Krew,KREW VAPEADORES,Vapeador,Tabaco,N/A,1 UND,25000,25000,0%,25000/und,https://www.rappi.com.co/search?query=vapeador,Tienda Rappi: KREW VAPEADORES (Krew Vapers) | Zona: Chicó / Chapinero / Zona Rosa
900412090_2123220931,Krew Vape 9000 Puff Strawberry Mango,Krew,KREW VAPEADORES,Vapeador,Tabaco,N/A,1 UND,39000,39000,0%,39000/und,https://www.rappi.com.co/search?query=vapeador,Tienda Rappi: KREW VAPEADORES (Krew Vapers) | Zona: Chicó / Chapinero / Zona Rosa
900412090_2123220448,Krew Vapes 700 Puff Berry Ice,Krew,KREW VAPEADORES,Vapeador,Tabaco,N/A,1 UND,15000,15000,0%,15000/und,https://www.rappi.com.co/search?query=vapeador,Tienda Rappi: KREW VAPEADORES (Krew Vapers) | Zona: Chicó / Chapinero / Zona Rosa
900412090_2123194040,Krew Cigarrillo Electrónico 700 Puff Watermelon Ice,Krew,KREW VAPEADORES,Vapeador,Tabaco,N/A,1 UND,15000,15000,0%,15000/und,https://www.rappi.com.co/search?query=vapeador,Tienda Rappi: KREW VAPEADORES (Krew Vapers) | Zona: Chicó / Chapinero / Zona Rosa
900412090_2123197046,Krew Cigarrillos Electrónicos 6000 Puff Watermelon Ice,Krew,KREW VAPEADORES,Vapeador,Tabaco,N/A,1 UND,25000,25000,0%,25000/und,https://www.rappi.com.co/search?query=vapeador,Tienda Rappi: KREW VAPEADORES (Krew Vapers) | Zona: Chicó / Chapinero / Zona Rosa
900388254_2124808069,Vape Death Row 7000 Puffs Frutos Rojos Vaper Vapper Vapeador Cigarrilo Electronico,Vape,Angel Shop S,Vapeador,Tabaco,N/A,1 UND,14000,14000,0%,14000/und,https://www.rappi.com.co/search?query=vapeador,Tienda Rappi: Angel Shop S (ANGEL SHOP) | Zona: Chicó / Chapinero / Zona Rosa
900388254_2124737170,Vape 7000 Puff Death Row Black Ice Vape Vaper Vapper Vapeador Cigarro Electronico,Vape,Angel Shop S,Vapeador,Tabaco,N/A,1 UND,14000,14000,0%,14000/und,https://www.rappi.com.co/search?query=vapeador,Tienda Rappi: Angel Shop S (ANGEL SHOP) | Zona: Chicó / Chapinero / Zona Rosa
900388254_2124737190,Vape 7000 Puff Death Row Piña Vape Vaper Vapper Vapeador Cigarro Electronico,Vape,Angel Shop S,Vapeador,Tabaco,N/A,1 UND,14000,14000,0%,14000/und,https://www.rappi.com.co/search?query=vapeador,Tienda Rappi: Angel Shop S (ANGEL SHOP) | Zona: Chicó / Chapinero / Zona Rosa
900388254_2124808071,Vape Death Row 7000 Puffs Manzana Verde Vaper Vapper Vapeador Cigarrilo Electronico,Vape,Angel Shop S,Vapeador,Tabaco,N/A,1 UND,14000,14000,0%,14000/und,https://www.rappi.com.co/search?query=vapeador,Tienda Rappi: Angel Shop S (ANGEL SHOP) | Zona: Chicó / Chapinero / Zona Rosa
900388254_2124808070,Vape Death Row 7000 Puffs Uva Vaper Vapper Vapeador Cigarrilo Electronico,Vape,Angel Shop S,Vapeador,Tabaco,N/A,1 UND,14000,14000,0%,14000/und,https://www.rappi.com.co/search?query=vapeador,Tienda Rappi: Angel Shop S (ANGEL SHOP) | Zona: Chicó / Chapinero / Zona Rosa
900388254_2124737188,Vape 7000 Puff Death Row Sandia Vape Vaper Vapper Vapeador Cigarro Electronico,Vape,Angel Shop S,Vapeador,Tabaco,N/A,1 UND,14000,14000,0%,14000/und,https://www.rappi.com.co/search?query=vapeador,Tienda Rappi: Angel Shop S (ANGEL SHOP) | Zona: Chicó / Chapinero / Zona Rosa
900388254_2124753581,Vape Death Row 7000 Puffs Frutos Tropicales Vaper Vapper Vapeador Cigarrilo Electronico,Vape,Angel Shop S,Vapeador,Tabaco,N/A,1 UND,14000,14000,0%,14000/und,https://www.rappi.com.co/search?query=vapeador,Tienda Rappi: Angel Shop S (ANGEL SHOP) | Zona: Chicó / Chapinero / Zona Rosa
900388254_2124737192,Vape 7000 Puff Death Row Cereza Vape Vaper Vapper Vapeador Cigarro Electronico,Vape,Angel Shop S,Vapeador,Tabaco,N/A,1 UND,14000,14000,0%,14000/und,https://www.rappi.com.co/search?query=vapeador,Tienda Rappi: Angel Shop S (ANGEL SHOP) | Zona: Chicó / Chapinero / Zona Rosa
900388254_2124999612,Vape Death Row 5mil Puffs Frambuesa Vaper Vapper Vapeador Cigarrilo Electronico,Vape,Angel Shop S,Vapeador,Tabaco,N/A,1 UND,10500,10500,0%,10500/und,https://www.rappi.com.co/search?query=vapeador,Tienda Rappi: Angel Shop S (ANGEL SHOP) | Zona: Chicó / Chapinero / Zona Rosa
900388254_2124808065,Vape Death Row 7000 Puffs Arandanos Vaper Vapper Vapeador Cigarrilo Electronico,Vape,Angel Shop S,Vapeador,Tabaco,N/A,1 UND,14000,14000,0%,14000/und,https://www.rappi.com.co/search?query=vapeador,Tienda Rappi: Angel Shop S (ANGEL SHOP) | Zona: Chicó / Chapinero / Zona Rosa
900388254_2124960010,Vape Death Row 5mil Puffs Kiwi Fresa Vaper Vapper Vapeador Cigarrilo Electronico,Vape,Angel Shop S,Vapeador,Tabaco,N/A,1 UND,10500,10500,0%,10500/und,https://www.rappi.com.co/search?query=vapeador,Tienda Rappi: Angel Shop S (ANGEL SHOP) | Zona: Chicó / Chapinero / Zona Rosa
900388254_2124808066,Vape Death Row 7000 Puffs Melocoton Vaper Vapper Vapeador Cigarrilo Electronico,Vape,Angel Shop S,Vapeador,Tabaco,N/A,1 UND,14000,14000,0%,14000/und,https://www.rappi.com.co/search?query=vapeador,Tienda Rappi: Angel Shop S (ANGEL SHOP) | Zona: Chicó / Chapinero / Zona Rosa
900388254_2126333035,Vape 7000 Puff Death Row Tobacco Vape Vaper Vapper Vapeador Cigarro Electronico,Vape,Angel Shop S,Vapeador,Tabaco,N/A,1 UND,12000,12000,0%,12000/und,https://www.rappi.com.co/search?query=vapeador,Tienda Rappi: Angel Shop S (ANGEL SHOP) | Zona: Chicó / Chapinero / Zona Rosa
900388254_2124808072,Vape Death Row 7000 Puffs Caramelo Vaper Vapper Vapeador Cigarrilo Electronico,Vape,Angel Shop S,Vapeador,Tabaco,N/A,1 UND,14000,14000,0%,14000/und,https://www.rappi.com.co/search?query=vapeador,Tienda Rappi: Angel Shop S (ANGEL SHOP) | Zona: Chicó / Chapinero / Zona Rosa
900388254_2125530562,Vape Air X 4 Unidades Promocion Vaper Vapper Vapeador Cigarrilo Electronico,Vape,Angel Shop S,Vapeador,Tabaco,N/A,1 UND,16000,16000,0%,16000/und,https://www.rappi.com.co/search?query=vapeador,Tienda Rappi: Angel Shop S (ANGEL SHOP) | Zona: Chicó / Chapinero / Zona Rosa
900388254_2125530558,Vape Air X 3 Unidades Promocion Vaper Vapper Vapeador Cigarrilo Electronico,Vape,Angel Shop S,Vapeador,Tabaco,N/A,1 UND,12000,12000,0%,12000/und,https://www.rappi.com.co/search?query=vapeador,Tienda Rappi: Angel Shop S (ANGEL SHOP) | Zona: Chicó / Chapinero / Zona Rosa
900388254_2124737191,Vape 7000 Puff Death Row Banano Vape Vaper Vapper Vapeador Cigarro Electronico,Vape,Angel Shop S,Vapeador,Tabaco,N/A,1 UND,14000,14000,0%,14000/und,https://www.rappi.com.co/search?query=vapeador,Tienda Rappi: Angel Shop S (ANGEL SHOP) | Zona: Chicó / Chapinero / Zona Rosa
900388254_2123101620,"Vaper 7000 Puffs Death Row, Clear, Vapes, Cigarrillo Electronico",Vaper,Angel Shop S,Vapeador,Tabaco,N/A,1 UND,14000,14000,0%,14000/und,https://www.rappi.com.co/search?query=vapeador,Tienda Rappi: Angel Shop S (ANGEL SHOP) | Zona: Chicó / Chapinero / Zona Rosa
900388254_2123171811,"Vape 7000 Puff Death Row Black Ice, Cigarro Electronico",Vape,Angel Shop S,Vapeador,Tabaco,N/A,1 UND,14000,14000,0%,14000/und,https://www.rappi.com.co/search?query=vapeador,Tienda Rappi: Angel Shop S (ANGEL SHOP) | Zona: Chicó / Chapinero / Zona Rosa
900388254_2126828285,Vape Archer 60 Mil Puff Mexico Mango Vaper Vapper Vapeador Cigarrilo Electronico,Vape,Angel Shop S,Vapes,Tabaco,N/A,1 UND,50000,50000,0%,50000/und,https://www.rappi.com.co/search?query=vapes,Tienda Rappi: Angel Shop S (ANGEL SHOP) | Zona: Chicó / Chapinero / Zona Rosa
900388254_2126311530,Vape Elf Vpr 7 Mil Puff Peach Ice Vaper Vapper Vapeador Cigarrilo Electronico,Vape,Angel Shop S,Vapes,Tabaco,N/A,1 UND,15000,15000,0%,15000/und,https://www.rappi.com.co/search?query=vapes,Tienda Rappi: Angel Shop S (ANGEL SHOP) | Zona: Chicó / Chapinero / Zona Rosa
900388254_2126311513,Vape Elf Vpr 7 Mil Puff Lemon Mint Vaper Vapper Vapeador Cigarrilo Electronico,Vape,Angel Shop S,Vapes,Tabaco,N/A,1 UND,15000,15000,0%,15000/und,https://www.rappi.com.co/search?query=vapes,Tienda Rappi: Angel Shop S (ANGEL SHOP) | Zona: Chicó / Chapinero / Zona Rosa
900388254_2126828235,Vape Archer 60 Mil Puff Juice Peach Ice Vaper Vapper Vapeador Cigarrilo Electronico,Vape,Angel Shop S,Vapes,Tabaco,N/A,1 UND,50000,50000,0%,50000/und,https://www.rappi.com.co/search?query=vapes,Tienda Rappi: Angel Shop S (ANGEL SHOP) | Zona: Chicó / Chapinero / Zona Rosa
900388254_2126828231,Vape Archer 60 Mil Puff Pineapple Lime Vaper Vapper Vapeador Cigarrilo Electronico,Vape,Angel Shop S,Vapes,Tabaco,N/A,1 UND,50000,50000,0%,50000/und,https://www.rappi.com.co/search?query=vapes,Tienda Rappi: Angel Shop S (ANGEL SHOP) | Zona: Chicó / Chapinero / Zona Rosa
900388254_2126061270,Vape Hookalit S 35 Mil Puffs Magic Love Vaper Vapper Vapeador Cigarrilo Electronico,Vape,Angel Shop S,Vapes,Tabaco,N/A,1 UND,33500,33500,0%,33500/und,https://www.rappi.com.co/search?query=vapes,Tienda Rappi: Angel Shop S (ANGEL SHOP) | Zona: Chicó / Chapinero / Zona Rosa
900101308_2122958155,Vapeador Glucloud Mango XL,Vapeador,Licores JR,Vapes,Tabaco,N/A,1 UND,43000,43000,0%,43000/und,https://www.rappi.com.co/search?query=vapes,Tienda Rappi: Licores JR (Grupo Giraldo Home) | Zona: Chicó / Chapinero / Zona Rosa
900101308_2122958142,Glucloud Vapeador Fresa XL 6.5ml,Glucloud,Licores JR,Vapes,Tabaco,N/A,1 UND,43000,43000,0%,43000/und,https://www.rappi.com.co/search?query=vapes,Tienda Rappi: Licores JR (Grupo Giraldo Home) | Zona: Chicó / Chapinero / Zona Rosa
900101308_2122977981,Glucloud Vapeador Sandía Xl,Glucloud,Licores JR,Vapes,Tabaco,N/A,1 UND,43000,43000,0%,43000/und,https://www.rappi.com.co/search?query=vapes,Tienda Rappi: Licores JR (Grupo Giraldo Home) | Zona: Chicó / Chapinero / Zona Rosa
900101308_2122224642,Glucloud Vapeador Manzana XL,Glucloud,Licores JR,Vapes,Tabaco,N/A,1 UND,43000,43000,0%,43000/und,https://www.rappi.com.co/search?query=vapes,Tienda Rappi: Licores JR (Grupo Giraldo Home) | Zona: Chicó / Chapinero / Zona Rosa
900101308_2122226378,Glucloud Vapeador Arándano XL,Glucloud,Licores JR,Vapes,Tabaco,N/A,1 UND,43000,43000,0%,43000/und,https://www.rappi.com.co/search?query=vapes,Tienda Rappi: Licores JR (Grupo Giraldo Home) | Zona: Chicó / Chapinero / Zona Rosa
900101308_2120442278,VEEV Now Sandía Vapeador Desechable 5ml 3.5% Nicotina 1800 Puffs,1800,Licores JR,Vapes,Tabaco,N/A,1 UND,30000,30000,0%,30000/und,https://www.rappi.com.co/search?query=vapes,Tienda Rappi: Licores JR (Grupo Giraldo Home) | Zona: Chicó / Chapinero / Zona Rosa
900489869_2122357431,Glucloud Vapeador Arándano XL,Glucloud,Turbo,Vapo,Tabaco,N/A,1 UND,50000,50000,0%,50000/und,https://www.rappi.com.co/search?query=vapo,Tienda Rappi: Turbo (Turbo Panini Ya) | Zona: Chicó / Chapinero / Zona Rosa
900502013_2126839755,Vaporizador Pyne Pod Apple Lemon Mint,Vaporizador,The Lab Store,Vapo,Tabaco,N/A,1 UND,55000,55000,0%,55000/und,https://www.rappi.com.co/search?query=vapo,Tienda Rappi: The Lab Store | Zona: Chicó / Chapinero / Zona Rosa
900502013_2126839804,Vaporizador Pyne Pod Juicy Peach,Vaporizador,The Lab Store,Vapo,Tabaco,N/A,1 UND,55000,55000,0%,55000/und,https://www.rappi.com.co/search?query=vapo,Tienda Rappi: The Lab Store | Zona: Chicó / Chapinero / Zona Rosa
900502013_2126839720,Vaporizador Pyne Pod Raspberry Cherry Ice,Vaporizador,The Lab Store,Vapo,Tabaco,N/A,1 UND,55000,55000,0%,55000/und,https://www.rappi.com.co/search?query=vapo,Tienda Rappi: The Lab Store | Zona: Chicó / Chapinero / Zona Rosa
900502013_2126839815,Vaporizador Pyne Pod Lush Ice,Vaporizador,The Lab Store,Vapo,Tabaco,N/A,1 UND,55000,55000,0%,55000/und,https://www.rappi.com.co/search?query=vapo,Tienda Rappi: The Lab Store | Zona: Chicó / Chapinero / Zona Rosa
900502013_2126839745,Vaporizador Pyne Pod Peach Berry Ice,Vaporizador,The Lab Store,Vapo,Tabaco,N/A,1 UND,55000,55000,0%,55000/und,https://www.rappi.com.co/search?query=vapo,Tienda Rappi: The Lab Store | Zona: Chicó / Chapinero / Zona Rosa
900101308_2122939674,VEEV Now Menta 5ml 3.5% 1800 Puffs,1800,Licores JR,Vapo,Alcohol,N/A,5 ML,30000,30000,0%,6000/ml,https://www.rappi.com.co/search?query=vapo,Tienda Rappi: Licores JR (Grupo Giraldo Home) | Zona: Chicó / Chapinero / Zona Rosa
900165860_2123470488,Vuse Capsulas Watermelon Ice 34mg,Vuse,Turbo,Vuse,Tabaco,N/A,34 MG,27600,27600,0%,811764.71/g,https://www.rappi.com.co/search?query=vuse,Tienda Rappi: Turbo (Turbo Fresh) | Zona: Chicó / Chapinero / Zona Rosa
900165860_2123470489,Vuse Cápsulas Menthol Ice 34 mg,Vuse,Turbo,Vuse,Tabaco,N/A,34 MG,27600,27600,0%,811764.71/g,https://www.rappi.com.co/search?query=vuse,Tienda Rappi: Turbo (Turbo Fresh) | Zona: Chicó / Chapinero / Zona Rosa
900165860_2123470490,Vuse Capsulas Blueberry Ice 34mg,Vuse,Turbo,Vuse,Tabaco,N/A,34 MG,27600,27600,0%,811764.71/g,https://www.rappi.com.co/search?query=vuse,Tienda Rappi: Turbo (Turbo Fresh) | Zona: Chicó / Chapinero / Zona Rosa
900165860_2123470487,Vuse Capsulas Grape Ice 34mg,Vuse,Turbo,Vuse,Tabaco,N/A,34 MG,27600,27600,0%,811764.71/g,https://www.rappi.com.co/search?query=vuse,Tienda Rappi: Turbo (Turbo Fresh) | Zona: Chicó / Chapinero / Zona Rosa
900165860_2123470491,Vuse Capsulas Mango Ice 34mg,Vuse,Turbo,Vuse,Tabaco,N/A,34 MG,27600,27600,0%,811764.71/g,https://www.rappi.com.co/search?query=vuse,Tienda Rappi: Turbo (Turbo Fresh) | Zona: Chicó / Chapinero / Zona Rosa
900165860_2125614689,Vapeador Vuse Go Reload Black & Capsulas Menthol Ice 34mg,Vuse,Turbo,Vuse,Tabaco,N/A,1 COMBO,55700,55700,0%,55700/combo,https://www.rappi.com.co/search?query=vuse,Tienda Rappi: Turbo (Turbo Fresh) | Zona: Chicó / Chapinero / Zona Rosa
900165860_2125614703,Vapeador Vuse Go Reload Black & Capsulas Watermelon Ice 34mg,Vuse,Turbo,Vuse,Tabaco,N/A,1 COMBO,55700,55700,0%,55700/combo,https://www.rappi.com.co/search?query=vuse,Tienda Rappi: Turbo (Turbo Fresh) | Zona: Chicó / Chapinero / Zona Rosa
900165860_2125614695,Vapeador Vuse Go Reload Black & Capsulas Mango Ice 34mg,Vuse,Turbo,Vuse,Tabaco,N/A,1 COMBO,55700,55700,0%,55700/combo,https://www.rappi.com.co/search?query=vuse,Tienda Rappi: Turbo (Turbo Fresh) | Zona: Chicó / Chapinero / Zona Rosa
900165860_2125614670,Vapeador Vuse Go Reload Black & Capsulas Blueberry Ice 34mg,Vuse,Turbo,Vuse,Tabaco,N/A,1 COMBO,55700,55700,0%,55700/combo,https://www.rappi.com.co/search?query=vuse,Tienda Rappi: Turbo (Turbo Fresh) | Zona: Chicó / Chapinero / Zona Rosa
900165860_2125614683,Vapeador Vuse Go Reload Black & Capsulas Grape Ice 34mg,Vuse,Turbo,Vuse,Tabaco,N/A,1 COMBO,55700,55700,0%,55700/combo,https://www.rappi.com.co/search?query=vuse,Tienda Rappi: Turbo (Turbo Fresh) | Zona: Chicó / Chapinero / Zona Rosa
900165860_2124664818,Vapeador Vuse Go 1000 Menthol Ice,Vuse,Turbo,Vuse,Tabaco,N/A,34 MG,30400,30400,0%,894117.65/g,https://www.rappi.com.co/search?query=vuse,Tienda Rappi: Turbo (Turbo Fresh) | Zona: Chicó / Chapinero / Zona Rosa
900165860_2120098616,Vapeador Vuse Go 5000 Menthol Ice,Vuse,Turbo,Vuse,Tabaco,N/A,34 MG,51000,51000,0%,1500000/g,https://www.rappi.com.co/search?query=vuse,Tienda Rappi: Turbo (Turbo Fresh) | Zona: Chicó / Chapinero / Zona Rosa
900165860_2124132868,Vapeador Vuse Go 1000 Passionfruit Ice,Vuse,Turbo,Vuse,Tabaco,N/A,34 MG,30600,30600,0%,900000/g,https://www.rappi.com.co/search?query=vuse,Tienda Rappi: Turbo (Turbo Fresh) | Zona: Chicó / Chapinero / Zona Rosa
900165860_2124132869,Vapeador Vuse Go 1000 Watermelon Ice,Vuse,Turbo,Vuse,Tabaco,N/A,34 MG,30600,30600,0%,900000/g,https://www.rappi.com.co/search?query=vuse,Tienda Rappi: Turbo (Turbo Fresh) | Zona: Chicó / Chapinero / Zona Rosa
900165860_2124136276,Vapeador Vuse Go 1000 Grape Ice,Vuse,Turbo,Vuse,Tabaco,N/A,34 MG,30600,30600,0%,900000/g,https://www.rappi.com.co/search?query=vuse,Tienda Rappi: Turbo (Turbo Fresh) | Zona: Chicó / Chapinero / Zona Rosa
900165860_2124507058,Vapeador Vuse Go 8000 Watermelon Ice,Vuse,Turbo,Vuse,Tabaco,N/A,34 MG,65700,65700,0%,1932352.95/g,https://www.rappi.com.co/search?query=vuse,Tienda Rappi: Turbo (Turbo Fresh) | Zona: Chicó / Chapinero / Zona Rosa
900165860_2124524492,Vapeador Vuse Go 8000 Mint Ice,Vuse,Turbo,Vuse,Tabaco,N/A,34 MG,65700,65700,0%,1932352.95/g,https://www.rappi.com.co/search?query=vuse,Tienda Rappi: Turbo (Turbo Fresh) | Zona: Chicó / Chapinero / Zona Rosa
900165860_2124664753,Vapeador Vuse Go 1000 Blueberry ice,Vuse,Turbo,Vuse,Tabaco,N/A,34 MG,30400,30400,0%,894117.65/g,https://www.rappi.com.co/search?query=vuse,Tienda Rappi: Turbo (Turbo Fresh) | Zona: Chicó / Chapinero / Zona Rosa
900165860_2124884308,Vapeador Vuse Go 5000 Watermelon Ice,Vuse,Turbo,Vuse,Tabaco,N/A,34 MG,52200,52200,0%,1535294.12/g,https://www.rappi.com.co/search?query=vuse,Tienda Rappi: Turbo (Turbo Fresh) | Zona: Chicó / Chapinero / Zona Rosa
900165860_2124664926,Vapeador Vuse Go Reload Black,Vuse,Turbo,Vuse,Tabaco,N/A,1 UND,28100,28100,0%,28100/und,https://www.rappi.com.co/search?query=vuse,Tienda Rappi: Turbo (Turbo Fresh) | Zona: Chicó / Chapinero / Zona Rosa
900434592_2124886096,Vuse Capsulas Watermelon Ice 34mg,Vuse,Oxxo,Vuse,Tabaco,N/A,34 MG,27000,27000,0%,794117.65/g,https://www.rappi.com.co/search?query=vuse,Tienda Rappi: Oxxo (Oxxo Super) | Zona: Chicó / Chapinero / Zona Rosa
900434592_2124886097,Vuse Cápsulas Menthol Ice 34 mg,Vuse,Oxxo,Vuse,Tabaco,N/A,34 MG,27000,27000,0%,794117.65/g,https://www.rappi.com.co/search?query=vuse,Tienda Rappi: Oxxo (Oxxo Super) | Zona: Chicó / Chapinero / Zona Rosa
900434592_2124886098,Vuse Capsulas Blueberry Ice 34mg,Vuse,Oxxo,Vuse,Tabaco,N/A,34 MG,27000,27000,0%,794117.65/g,https://www.rappi.com.co/search?query=vuse,Tienda Rappi: Oxxo (Oxxo Super) | Zona: Chicó / Chapinero / Zona Rosa
900434592_2124886099,Vuse Capsulas Mango Ice 34mg,Vuse,Oxxo,Vuse,Tabaco,N/A,34 MG,27000,27000,0%,794117.65/g,https://www.rappi.com.co/search?query=vuse,Tienda Rappi: Oxxo (Oxxo Super) | Zona: Chicó / Chapinero / Zona Rosa
900434592_2125849325,VEEV now ULTRA 2ml Menta Vapeador desechable 1100 puffs*,VEEV,Oxxo,Vuse,Tabaco,N/A,1 UND,30000,30000,0%,30000/und,https://www.rappi.com.co/search?query=vuse,Tienda Rappi: Oxxo (Oxxo Super) | Zona: Chicó / Chapinero / Zona Rosa
900434592_2125849331,VEEV now 18ml Menta Vapeador desechable 8000 puffs*,VEEV,Oxxo,Vuse,Tabaco,N/A,18 ML,60000,60000,0%,3333.34/ml,https://www.rappi.com.co/search?query=vuse,Tienda Rappi: Oxxo (Oxxo Super) | Zona: Chicó / Chapinero / Zona Rosa
900434592_2123232283,TEREA Blue Cajetilla 20 unidades,Terea,Oxxo,Vuse,Tabaco,N/A,20 UND,12500,12500,0%,625/und,https://www.rappi.com.co/search?query=vuse,Tienda Rappi: Oxxo (Oxxo Super) | Zona: Chicó / Chapinero / Zona Rosa
900434592_2125849255,Vape WAKA SOLO 2 Menta 5%,Waka,Oxxo,Vuse,Tabaco,N/A,1 UND,45000,45000,0%,45000/und,https://www.rappi.com.co/search?query=vuse,Tienda Rappi: Oxxo (Oxxo Super) | Zona: Chicó / Chapinero / Zona Rosa
900434592_2123191953,TEREA Amber Cajetilla 20 unidades,Terea,Oxxo,Vuse,Tabaco,N/A,20 UND,12500,12500,0%,625/und,https://www.rappi.com.co/search?query=vuse,Tienda Rappi: Oxxo (Oxxo Super) | Zona: Chicó / Chapinero / Zona Rosa
900434592_2123232321,VEEV Now Sandía Vapeador Desechable 5ml 3.5% Nicotina 1800 Puffs,1800,Oxxo,Vuse,Tabaco,N/A,1 UND,39000,39000,0%,39000/und,https://www.rappi.com.co/search?query=vuse,Tienda Rappi: Oxxo (Oxxo Super) | Zona: Chicó / Chapinero / Zona Rosa
900434592_2124418554,VEEV now ULTRA 2ml Fresa Vapeador desechable 1100 puffs*,VEEV,Oxxo,Vuse,Tabaco,N/A,1 UND,30000,30000,0%,30000/und,https://www.rappi.com.co/search?query=vuse,Tienda Rappi: Oxxo (Oxxo Super) | Zona: Chicó / Chapinero / Zona Rosa
900434592_2125849259,Vape WAKA SOLO 2 Uva 5%,Waka,Oxxo,Vuse,Tabaco,N/A,1 UND,45000,45000,0%,45000/und,https://www.rappi.com.co/search?query=vuse,Tienda Rappi: Oxxo (Oxxo Super) | Zona: Chicó / Chapinero / Zona Rosa
900434592_2124766466,VEEV now ULTRA 2ml Uva Vapeador desechable 1100 puffs*,VEEV,Oxxo,Vuse,Tabaco,N/A,1 UND,30000,30000,0%,30000/und,https://www.rappi.com.co/search?query=vuse,Tienda Rappi: Oxxo (Oxxo Super) | Zona: Chicó / Chapinero / Zona Rosa
900484346_2123929261,Vuse Capsulas Watermelon Ice 34mg,Vuse,Vuse Licores La Reserva,Vuse,Tabaco,N/A,34 MG,22000,22000,0%,647058.83/g,https://www.rappi.com.co/search?query=vuse,Tienda Rappi: Vuse Licores La Reserva (Vapeadores Vuse) | Zona: Chicó / Chapinero / Zona Rosa
900484346_2124782489,Vuse Cápsulas Menthol Ice 34 mg,Vuse,Vuse Licores La Reserva,Vuse,Tabaco,N/A,34 MG,23000,23000,0%,676470.59/g,https://www.rappi.com.co/search?query=vuse,Tienda Rappi: Vuse Licores La Reserva (Vapeadores Vuse) | Zona: Chicó / Chapinero / Zona Rosa
900484346_2124927337,Vuse Capsulas Blueberry Ice 34mg,Vuse,Vuse Licores La Reserva,Vuse,Tabaco,N/A,34 MG,22000,22000,0%,647058.83/g,https://www.rappi.com.co/search?query=vuse,Tienda Rappi: Vuse Licores La Reserva (Vapeadores Vuse) | Zona: Chicó / Chapinero / Zona Rosa
900484346_2123661621,Vuse Capsulas Grape Ice 34mg,Vuse,Vuse Licores La Reserva,Vuse,Tabaco,N/A,34 MG,22000,22000,0%,647058.83/g,https://www.rappi.com.co/search?query=vuse,Tienda Rappi: Vuse Licores La Reserva (Vapeadores Vuse) | Zona: Chicó / Chapinero / Zona Rosa
900484346_2124927336,Vuse Capsulas Mango Ice 34mg,Vuse,Vuse Licores La Reserva,Vuse,Tabaco,N/A,34 MG,22000,22000,0%,647058.83/g,https://www.rappi.com.co/search?query=vuse,Tienda Rappi: Vuse Licores La Reserva (Vapeadores Vuse) | Zona: Chicó / Chapinero / Zona Rosa
900479515_2126284721,Vuse Capsulas Watermelon Ice 34mg,Vuse,LICORES EL BORRACHITO,Vuse,Tabaco,N/A,34 MG,36000,36000,0%,1058823.53/g,https://www.rappi.com.co/search?query=vuse,Tienda Rappi: LICORES EL BORRACHITO | Zona: Chicó / Chapinero / Zona Rosa
900479515_2126284722,Vuse Capsulas Blueberry Ice 34mg,Vuse,LICORES EL BORRACHITO,Vuse,Tabaco,N/A,34 MG,36000,36000,0%,1058823.53/g,https://www.rappi.com.co/search?query=vuse,Tienda Rappi: LICORES EL BORRACHITO | Zona: Chicó / Chapinero / Zona Rosa
900479515_2126284723,Vuse Capsulas Mango Ice 34mg,Vuse,LICORES EL BORRACHITO,Vuse,Tabaco,N/A,34 MG,36000,36000,0%,1058823.53/g,https://www.rappi.com.co/search?query=vuse,Tienda Rappi: LICORES EL BORRACHITO | Zona: Chicó / Chapinero / Zona Rosa
900479515_2126284720,Vuse Capsulas Grape Ice 34mg,Vuse,LICORES EL BORRACHITO,Vuse,Tabaco,N/A,34 MG,36000,36000,0%,1058823.53/g,https://www.rappi.com.co/search?query=vuse,Tienda Rappi: LICORES EL BORRACHITO | Zona: Chicó / Chapinero / Zona Rosa
900479515_2126164164,TEREA Amber Cajetilla 20 unidades,Terea,LICORES EL BORRACHITO,Vuse,Tabaco,N/A,20 UND,16000,16000,0%,800/und,https://www.rappi.com.co/search?query=vuse,Tienda Rappi: LICORES EL BORRACHITO | Zona: Chicó / Chapinero / Zona Rosa
900489869_2125614689,Vapeador Vuse Go Reload Black & Capsulas Menthol Ice 34mg,Vuse,Turbo,Vuse go,Tabaco,N/A,1 COMBO,55700,55700,0%,55700/combo,https://www.rappi.com.co/search?query=vuse%20go,Tienda Rappi: Turbo (Turbo Panini Ya) | Zona: Chicó / Chapinero / Zona Rosa
900489869_2125614703,Vapeador Vuse Go Reload Black & Capsulas Watermelon Ice 34mg,Vuse,Turbo,Vuse go,Tabaco,N/A,1 COMBO,55700,55700,0%,55700/combo,https://www.rappi.com.co/search?query=vuse%20go,Tienda Rappi: Turbo (Turbo Panini Ya) | Zona: Chicó / Chapinero / Zona Rosa
900489869_2123470489,Vuse Cápsulas Menthol Ice 34 mg,Vuse,Turbo,Vuse go,Tabaco,N/A,34 MG,27600,27600,0%,811764.71/g,https://www.rappi.com.co/search?query=vuse%20go,Tienda Rappi: Turbo (Turbo Panini Ya) | Zona: Chicó / Chapinero / Zona Rosa
900434592_2125849250,Vape WAKA NOVA Uva 5%,Waka,Oxxo,Vuse go,Tabaco,N/A,1 UND,75000,75000,0%,75000/und,https://www.rappi.com.co/search?query=vuse%20go,Tienda Rappi: Oxxo (Oxxo Super) | Zona: Chicó / Chapinero / Zona Rosa
900434592_2125849249,Vape WAKA NOVA Fresa Kiwi 5%,Waka,Oxxo,Vuse go,Tabaco,N/A,1 UND,75000,75000,0%,75000/und,https://www.rappi.com.co/search?query=vuse%20go,Tienda Rappi: Oxxo (Oxxo Super) | Zona: Chicó / Chapinero / Zona Rosa
900434592_2125849252,Vape WAKA NOVA sandia 5%,Waka,Oxxo,Vuse go,Tabaco,N/A,1 UND,75000,75000,0%,75000/und,https://www.rappi.com.co/search?query=vuse%20go,Tienda Rappi: Oxxo (Oxxo Super) | Zona: Chicó / Chapinero / Zona Rosa
900479515_2126200413,Glucloud Vapeador Piña Colada Large,Glucloud,LICORES EL BORRACHITO,Vuse go,Tabaco,N/A,1 UND,42000,42000,0%,42000/und,https://www.rappi.com.co/search?query=vuse%20go,Tienda Rappi: LICORES EL BORRACHITO | Zona: Chicó / Chapinero / Zona Rosa
900479515_2126284731,Vapeador Glucloud Fusión Large,Vapeador,LICORES EL BORRACHITO,Vuse go,Tabaco,N/A,1 UND,42000,42000,0%,42000/und,https://www.rappi.com.co/search?query=vuse%20go,Tienda Rappi: LICORES EL BORRACHITO | Zona: Chicó / Chapinero / Zona Rosa
900165860_2119992353,Geek Bar Vape Meloso Mini Blueberry Ice 1500 Puffs 5% Nicotina,Geek Bar,Turbo,Elf bar,Tabaco,N/A,1 UND,35000,35000,0%,35000/und,https://www.rappi.com.co/search?query=elf%20bar,Tienda Rappi: Turbo (Turbo Fresh) | Zona: Chicó / Chapinero / Zona Rosa
900165860_2120799576,Geek Bar Vape Meloso Max Sour Apple Ice 9000 Puffs 5% Nicotina,Geek Bar,Turbo,Elf bar,Tabaco,N/A,1 UND,69000,69000,0%,69000/und,https://www.rappi.com.co/search?query=elf%20bar,Tienda Rappi: Turbo (Turbo Fresh) | Zona: Chicó / Chapinero / Zona Rosa
900165860_2126326991,Waka Vapeador Stick Fresa 2000 Puffs,Waka,Turbo,Elf bar,Tabaco,N/A,1 UND,26900,26900,0%,26900/und,https://www.rappi.com.co/search?query=elf%20bar,Tienda Rappi: Turbo (Turbo Fresh) | Zona: Chicó / Chapinero / Zona Rosa
900165860_2122357411,Vapeador Glucloud Limonada Cerezada XL,Vapeador,Turbo,Elf bar,Tabaco,N/A,1 UND,50000,50000,0%,50000/und,https://www.rappi.com.co/search?query=elf%20bar,Tienda Rappi: Turbo (Turbo Fresh) | Zona: Chicó / Chapinero / Zona Rosa
900165860_2126326987,Waka Vapeador Stick Uva 2000 Puffs,Waka,Turbo,Elf bar,Tabaco,N/A,1 UND,26900,26900,0%,26900/und,https://www.rappi.com.co/search?query=elf%20bar,Tienda Rappi: Turbo (Turbo Fresh) | Zona: Chicó / Chapinero / Zona Rosa
900165860_2126326990,Waka Vapeador Stick Arándano 2000 Puffs,Waka,Turbo,Elf bar,Tabaco,N/A,1 UND,26900,26900,0%,26900/und,https://www.rappi.com.co/search?query=elf%20bar,Tienda Rappi: Turbo (Turbo Fresh) | Zona: Chicó / Chapinero / Zona Rosa
900165860_2122719362,Vapeador Glucloud Mango XL,Vapeador,Turbo,Elf bar,Tabaco,N/A,1 UND,50000,50000,0%,50000/und,https://www.rappi.com.co/search?query=elf%20bar,Tienda Rappi: Turbo (Turbo Fresh) | Zona: Chicó / Chapinero / Zona Rosa
900165860_2126326988,Waka Vapeador Stick Sandía 2000 Puffs,Waka,Turbo,Elf bar,Tabaco,N/A,1 UND,26900,26900,0%,26900/und,https://www.rappi.com.co/search?query=elf%20bar,Tienda Rappi: Turbo (Turbo Fresh) | Zona: Chicó / Chapinero / Zona Rosa
900165860_2122603609,KIT Dispositivo Vape RELX Essential KIT Fresa Flor de jamaica,Relx,Turbo,Elf bar,Tabaco,N/A,1 UND,24990,24990,0%,24990/und,https://www.rappi.com.co/search?query=elf%20bar,Tienda Rappi: Turbo (Turbo Fresh) | Zona: Chicó / Chapinero / Zona Rosa
900165860_2126484764,Waka Vapeador Smash Air-1 Dispositivo-Limonada Rosa-5%-Col,Waka,Turbo,Elf bar,Tabaco,N/A,1 UND,54900,54900,0%,54900/und,https://www.rappi.com.co/search?query=elf%20bar,Tienda Rappi: Turbo (Turbo Fresh) | Zona: Chicó / Chapinero / Zona Rosa
900165860_2126484767,Waka Vapeador Smash Air-1 Dispositivo-Arándano-5%-Col,Waka,Turbo,Elf bar,Tabaco,N/A,1 UND,54900,54900,0%,54900/und,https://www.rappi.com.co/search?query=elf%20bar,Tienda Rappi: Turbo (Turbo Fresh) | Zona: Chicó / Chapinero / Zona Rosa
900165860_2126484769,Waka Vapeador Smash Air-1 Dispositivo-Manzana Verde-5%-Col,Waka,Turbo,Elf bar,Tabaco,N/A,1 UND,54900,54900,0%,54900/und,https://www.rappi.com.co/search?query=elf%20bar,Tienda Rappi: Turbo (Turbo Fresh) | Zona: Chicó / Chapinero / Zona Rosa
900165860_2126484770,Waka Vapeador Smash Air-1 Dispositivo-Uva-5%-Col,Waka,Turbo,Elf bar,Tabaco,N/A,1 UND,54900,54900,0%,54900/und,https://www.rappi.com.co/search?query=elf%20bar,Tienda Rappi: Turbo (Turbo Fresh) | Zona: Chicó / Chapinero / Zona Rosa
900165860_2126484763,Waka Vapeador Solo2-1 Device-Piña Colada-5% - 3.5K,Waka,Turbo,Elf bar,Tabaco,N/A,1 UND,44990,44990,0%,44990/und,https://www.rappi.com.co/search?query=elf%20bar,Tienda Rappi: Turbo (Turbo Fresh) | Zona: Chicó / Chapinero / Zona Rosa
900488408_2126802395,Vape Solobar Defender 40k Puffs Blueberry Ice Y Raspberry Ice,Vape,SURVAPE,Elf bar,Tabaco,N/A,1 UND,38000,38000,0%,38000/und,https://www.rappi.com.co/search?query=elf%20bar,Tienda Rappi: SURVAPE | Zona: Chicó / Chapinero / Zona Rosa
900488408_2126802417,Vape Solobar Defender 40k Puffs Watermelon Ice Y Pineapple Ice,Vape,SURVAPE,Elf bar,Tabaco,N/A,1 UND,38000,38000,0%,38000/und,https://www.rappi.com.co/search?query=elf%20bar,Tienda Rappi: SURVAPE | Zona: Chicó / Chapinero / Zona Rosa
900488408_2126732120,Vape Lost Mary Mo5000 Watermelon Ice,Lost Mary,SURVAPE,Elf bar,Tabaco,N/A,1 UND,20000,20000,0%,20000/und,https://www.rappi.com.co/search?query=elf%20bar,Tienda Rappi: SURVAPE | Zona: Chicó / Chapinero / Zona Rosa
900488408_2126732108,Vape Lost Mary Mo5000 Kiwi Dragon Fruit Berry Ice,Lost Mary,SURVAPE,Elf bar,Tabaco,N/A,1 UND,20000,20000,0%,20000/und,https://www.rappi.com.co/search?query=elf%20bar,Tienda Rappi: SURVAPE | Zona: Chicó / Chapinero / Zona Rosa
900484341_3944733,Cerveza corona bot. 355ml,Corona,Combo Smash Burgers Granada - Turbo,Elf bar,Alcohol,N/A,1 UND,9100,9100,0%,9100.0,https://www.rappi.com.co/search?query=elf%20bar,Tienda Rappi: Combo Smash Burgers Granada - Turbo (Combo Smash Burgers - Turbo) | Zona: Chicó / Chapinero / Zona Rosa
900484341_3944706,Cerveza club colombia dorada lta 330ml,Club Colombia,Combo Smash Burgers Granada - Turbo,Elf bar,Alcohol,N/A,1 UND,9100,9100,0%,9100.0,https://www.rappi.com.co/search?query=elf%20bar,Tienda Rappi: Combo Smash Burgers Granada - Turbo (Combo Smash Burgers - Turbo) | Zona: Chicó / Chapinero / Zona Rosa
900463143_2125531021,Vape Air Bar Box De Naranja 3000 Puffs Vaper Vapper Vapeador Cigarrilo Electronico,Vape,House Tec T,Elf bar,Tabaco,N/A,1 UND,12000,12000,0%,12000/und,https://www.rappi.com.co/search?query=elf%20bar,Tienda Rappi: House Tec T (HOMETEC) | Zona: Chicó / Chapinero / Zona Rosa
900463143_2125531016,Vape Air Bar Box De Mango 3000 Puffs Vaper Vapper Vapeador Cigarrilo Electronico,Vape,House Tec T,Elf bar,Tabaco,N/A,1 UND,12000,12000,0%,12000/und,https://www.rappi.com.co/search?query=elf%20bar,Tienda Rappi: House Tec T (HOMETEC) | Zona: Chicó / Chapinero / Zona Rosa
900463143_2125531025,Vape Air Bar Box De Uva 3000 Puffs Vaper Vapper Vapeador Cigarrilo Electronico,Vape,House Tec T,Elf bar,Tabaco,N/A,1 UND,12000,12000,0%,12000/und,https://www.rappi.com.co/search?query=elf%20bar,Tienda Rappi: House Tec T (HOMETEC) | Zona: Chicó / Chapinero / Zona Rosa
900463143_2126839820,Vape Baddie Bar 10 Mil Puff Let That Man-go Vaper Vapper Vapeador Cigarrilo Electronico,Vape,House Tec T,Elf bar,Tabaco,N/A,1 UND,26000,26000,0%,26000/und,https://www.rappi.com.co/search?query=elf%20bar,Tienda Rappi: House Tec T (HOMETEC) | Zona: Chicó / Chapinero / Zona Rosa
900463143_2126839817,Vape Baddie Bar 10 Mil Puff Boujee Berry Vaper Vapper Vapeador Cigarrilo Electronico,Vape,House Tec T,Elf bar,Tabaco,N/A,1 UND,26000,26000,0%,26000/und,https://www.rappi.com.co/search?query=elf%20bar,Tienda Rappi: House Tec T (HOMETEC) | Zona: Chicó / Chapinero / Zona Rosa
900463143_2126452126,Vape Evobar 5 Mil Puff Strawberry Fanta Vaper Vapper Vapeador Cigarrilo Electronico,Vape,House Tec T,Elf bar,Tabaco,N/A,1 UND,16000,16000,0%,16000/und,https://www.rappi.com.co/search?query=elf%20bar,Tienda Rappi: House Tec T (HOMETEC) | Zona: Chicó / Chapinero / Zona Rosa
900463143_2126839774,Vape Baddie Bar 10 Mil Puff Taringe Popstar Vaper Vapper Vapeador Cigarrilo Electronico,Vape,House Tec T,Elf bar,Tabaco,N/A,1 UND,26000,26000,0%,26000/und,https://www.rappi.com.co/search?query=elf%20bar,Tienda Rappi: House Tec T (HOMETEC) | Zona: Chicó / Chapinero / Zona Rosa
900463143_2126839785,Vape Baddie Bar 10 Mil Puff Pretty Clear Vaper Vapper Vapeador Cigarrilo Electronico,Vape,House Tec T,Elf bar,Tabaco,N/A,1 UND,26000,26000,0%,26000/und,https://www.rappi.com.co/search?query=elf%20bar,Tienda Rappi: House Tec T (HOMETEC) | Zona: Chicó / Chapinero / Zona Rosa
900463143_2126839768,Vape Baddie Bar 10 Mil Puff Banana Cherry On Top Vaper Vapper Vapeador Cigarrilo Electronico,Vape,House Tec T,Elf bar,Tabaco,N/A,1 UND,26000,26000,0%,26000/und,https://www.rappi.com.co/search?query=elf%20bar,Tienda Rappi: House Tec T (HOMETEC) | Zona: Chicó / Chapinero / Zona Rosa
900463143_2126457892,Vape Eternity 20 Mil Puff Peach Watermelon Berry Vaper Vapper Vapeador Cigarrilo Electronico,Vape,House Tec T,Elf bar,Tabaco,N/A,1 UND,29900,29900,0%,29900/und,https://www.rappi.com.co/search?query=elf%20bar,Tienda Rappi: House Tec T (HOMETEC) | Zona: Chicó / Chapinero / Zona Rosa
900463143_2126683990,Vape Spaceman 50 Mil Puff Blue Razz Ice Vaper Vapper Vapeador Cigarrilo Electronico,Vape,House Tec T,Elf bar,Tabaco,N/A,1 UND,40000,40000,0%,40000/und,https://www.rappi.com.co/search?query=elf%20bar,Tienda Rappi: House Tec T (HOMETEC) | Zona: Chicó / Chapinero / Zona Rosa
900463143_2126310777,Vape Kang Vape 20 Mil Puff Arctic Mineral Water Vaper Vapper Vapeador Cigarrilo Electronico,Vape,House Tec T,Elf bar,Tabaco,N/A,1 UND,28000,28000,0%,28000/und,https://www.rappi.com.co/search?query=elf%20bar,Tienda Rappi: House Tec T (HOMETEC) | Zona: Chicó / Chapinero / Zona Rosa
900463143_2126452122,Vape Evobar 5 Mil Puff Wthite Gummy Vaper Vapper Vapeador Cigarrilo Electronico,Vape,House Tec T,Elf bar,Tabaco,N/A,1 UND,16000,16000,0%,16000/und,https://www.rappi.com.co/search?query=elf%20bar,Tienda Rappi: House Tec T (HOMETEC) | Zona: Chicó / Chapinero / Zona Rosa
900463143_2126310822,Vape Kang Vape 20 Mil Puff Sour Apple Ice Vaper Vapper Vapeador Cigarrilo Electronico,Vape,House Tec T,Elf bar,Tabaco,N/A,1 UND,28000,28000,0%,28000/und,https://www.rappi.com.co/search?query=elf%20bar,Tienda Rappi: House Tec T (HOMETEC) | Zona: Chicó / Chapinero / Zona Rosa
900463143_2126457878,Vape Eternity 20 Mil Puff Candy Strawberry Vaper Vapper Vapeador Cigarrilo Electronico,Vape,House Tec T,Elf bar,Tabaco,N/A,1 UND,29900,29900,0%,29900/und,https://www.rappi.com.co/search?query=elf%20bar,Tienda Rappi: House Tec T (HOMETEC) | Zona: Chicó / Chapinero / Zona Rosa
900463143_2126683998,Vape Spaceman 50 Mil Puff Sour Strawberry Vaper Vapper Vapeador Cigarrilo Electronico,Vape,House Tec T,Elf bar,Tabaco,N/A,1 UND,40000,40000,0%,40000/und,https://www.rappi.com.co/search?query=elf%20bar,Tienda Rappi: House Tec T (HOMETEC) | Zona: Chicó / Chapinero / Zona Rosa
900463143_2126310795,Vape Kang Vape 20 Mil Puff Frozen Melontime Vaper Vapper Vapeador Cigarrilo Electronico,Vape,House Tec T,Elf bar,Tabaco,N/A,1 UND,28000,28000,0%,28000/und,https://www.rappi.com.co/search?query=elf%20bar,Tienda Rappi: House Tec T (HOMETEC) | Zona: Chicó / Chapinero / Zona Rosa
900463143_2125518788,Vape Death Row De 5mil Puffs Kiwi Vaper Vapeador Cigarrillo Electronico Vapes,Vape,House Tec T,Elf bar,Tabaco,N/A,1 UND,10500,10500,0%,10500/und,https://www.rappi.com.co/search?query=elf%20bar,Tienda Rappi: House Tec T (HOMETEC) | Zona: Chicó / Chapinero / Zona Rosa
900463143_2126452118,Vape Evobar 5 Mil Puff Pineapple Stawberry Banana Vaper Vapper Vapeador Cigarrilo Electronico,Vape,House Tec T,Elf bar,Tabaco,N/A,1 UND,16000,16000,0%,16000/und,https://www.rappi.com.co/search?query=elf%20bar,Tienda Rappi: House Tec T (HOMETEC) | Zona: Chicó / Chapinero / Zona Rosa
900463143_2126311409,Vape Wolf Dna 6 Mil Puff Lush Ice Vaper Vapper Vapeador Cigarrilo Electronico,Vape,House Tec T,Elf bar,Tabaco,N/A,1 UND,15000,15000,0%,15000/und,https://www.rappi.com.co/search?query=elf%20bar,Tienda Rappi: House Tec T (HOMETEC) | Zona: Chicó / Chapinero / Zona Rosa
900420226_2126839509,Vape Pod Mesh 5.500 Puff Arctic Blue Razz Watermelon Vaper Vapper Vapeador Cigarrilo Electronico,Vape,DONDE NICO S,Elf bar,Tabaco,N/A,1 UND,15000,15000,0%,15000/und,https://www.rappi.com.co/search?query=elf%20bar,Tienda Rappi: DONDE NICO S (Donde Nico) | Zona: Chicó / Chapinero / Zona Rosa
900420226_2126839520,Vape Pod Mesh 5.500 Puff Aloe Grape Vaper Vapper Vapeador Cigarrilo Electronico,Vape,DONDE NICO S,Elf bar,Tabaco,N/A,1 UND,15000,15000,0%,15000/und,https://www.rappi.com.co/search?query=elf%20bar,Tienda Rappi: DONDE NICO S (Donde Nico) | Zona: Chicó / Chapinero / Zona Rosa
900420226_2126310915,Vape Wolf Dna 6 Mil Pacific Cooler Puff Vaper Vapper Vapeador Cigarrilo Electronico,Vape,DONDE NICO S,Elf bar,Tabaco,N/A,1 UND,15000,15000,0%,15000/und,https://www.rappi.com.co/search?query=elf%20bar,Tienda Rappi: DONDE NICO S (Donde Nico) | Zona: Chicó / Chapinero / Zona Rosa
900420226_2126457815,Vape Eternity 20 Mil Puff Candy Strawberry Vaper Vapper Vapeador Cigarrilo Electronico,Vape,DONDE NICO S,Elf bar,Tabaco,N/A,1 UND,29900,29900,0%,29900/und,https://www.rappi.com.co/search?query=elf%20bar,Tienda Rappi: DONDE NICO S (Donde Nico) | Zona: Chicó / Chapinero / Zona Rosa
900165860_2124405474,Glucloud Vapeador Mango Indi,Glucloud,Turbo,Ignite,Tabaco,N/A,1 UND,66000,66000,0%,66000/und,https://www.rappi.com.co/search?query=ignite,Tienda Rappi: Turbo (Turbo Fresh) | Zona: Chicó / Chapinero / Zona Rosa
900165860_2124606472,Glucloud Vapeador Piña Colada Boxpod,Glucloud,Turbo,Ignite,Tabaco,N/A,1 UND,44000,44000,0%,44000/und,https://www.rappi.com.co/search?query=ignite,Tienda Rappi: Turbo (Turbo Fresh) | Zona: Chicó / Chapinero / Zona Rosa
900165860_2124405471,Glucloud Vapeador Manzana Indi,Glucloud,Turbo,Ignite,Tabaco,N/A,1 UND,66000,66000,0%,66000/und,https://www.rappi.com.co/search?query=ignite,Tienda Rappi: Turbo (Turbo Fresh) | Zona: Chicó / Chapinero / Zona Rosa
900165860_2124405472,Glucloud Vapeador Limonada Cerezada Indi,Glucloud,Turbo,Ignite,Tabaco,N/A,1 UND,66000,66000,0%,66000/und,https://www.rappi.com.co/search?query=ignite,Tienda Rappi: Turbo (Turbo Fresh) | Zona: Chicó / Chapinero / Zona Rosa
900165860_2124656389,Glucloud Vapeador Piña Colada Large,Glucloud,Turbo,Ignite,Tabaco,N/A,1 UND,33000,33000,0%,33000/und,https://www.rappi.com.co/search?query=ignite,Tienda Rappi: Turbo (Turbo Fresh) | Zona: Chicó / Chapinero / Zona Rosa
900165860_2124656393,Glucloud Vapeador Mango Large,Glucloud,Turbo,Ignite,Tabaco,N/A,1 UND,33000,33000,0%,33000/und,https://www.rappi.com.co/search?query=ignite,Tienda Rappi: Turbo (Turbo Fresh) | Zona: Chicó / Chapinero / Zona Rosa
900165860_2124405468,Glucloud Vapeador Uva Indi,Glucloud,Turbo,Ignite,Tabaco,N/A,1 UND,66000,66000,0%,66000/und,https://www.rappi.com.co/search?query=ignite,Tienda Rappi: Turbo (Turbo Fresh) | Zona: Chicó / Chapinero / Zona Rosa
900165860_2124405470,Glucloud Vapeador Lulo Indi,Glucloud,Turbo,Ignite,Tabaco,N/A,1 UND,66000,66000,0%,66000/und,https://www.rappi.com.co/search?query=ignite,Tienda Rappi: Turbo (Turbo Fresh) | Zona: Chicó / Chapinero / Zona Rosa
900165860_2125000953,WAKA-Creator Pod-1 Pod-Menta-5%-15K,Waka,Turbo,Ignite,Tabaco,N/A,1 UND,39900,39900,0%,39900/und,https://www.rappi.com.co/search?query=ignite,Tienda Rappi: Turbo (Turbo Fresh) | Zona: Chicó / Chapinero / Zona Rosa
900489869_2126051771,Relx Vapeador Maracuyá Pro 2-1 -3%-1K,Relx,Turbo,Lost mary,Tabaco,N/A,1 UND,19990,19990,0%,19990/und,https://www.rappi.com.co/search?query=lost%20mary,Tienda Rappi: Turbo (Turbo Panini Ya) | Zona: Chicó / Chapinero / Zona Rosa
900489869_2120799576,Geek Bar Vape Meloso Max Sour Apple Ice 9000 Puffs 5% Nicotina,Geek Bar,Turbo,Lost mary,Tabaco,N/A,1 UND,69000,69000,0%,69000/und,https://www.rappi.com.co/search?query=lost%20mary,Tienda Rappi: Turbo (Turbo Panini Ya) | Zona: Chicó / Chapinero / Zona Rosa
900489869_2123470490,Vuse Capsulas Blueberry Ice 34mg,Vuse,Turbo,Lost mary,Tabaco,N/A,34 MG,27600,27600,0%,811764.71/g,https://www.rappi.com.co/search?query=lost%20mary,Tienda Rappi: Turbo (Turbo Panini Ya) | Zona: Chicó / Chapinero / Zona Rosa
900489869_2125040842,Vape WAKA NOVA Arandano Frambuesa 5%,Waka,Turbo,Lost mary,Tabaco,N/A,1 UND,74990,74990,0%,74990/und,https://www.rappi.com.co/search?query=lost%20mary,Tienda Rappi: Turbo (Turbo Panini Ya) | Zona: Chicó / Chapinero / Zona Rosa
900489869_2126326990,Waka Vapeador Stick Arándano 2000 Puffs,Waka,Turbo,Lost mary,Tabaco,N/A,1 UND,26900,26900,0%,26900/und,https://www.rappi.com.co/search?query=lost%20mary,Tienda Rappi: Turbo (Turbo Panini Ya) | Zona: Chicó / Chapinero / Zona Rosa
900489869_2119697234,VEEV Now Sandía Vapeador Desechable 5ml 3.5% Nicotina 1800 Puffs,1800,Turbo,Lost mary,Tabaco,N/A,1 UND,39000,39000,0%,39000/und,https://www.rappi.com.co/search?query=lost%20mary,Tienda Rappi: Turbo (Turbo Panini Ya) | Zona: Chicó / Chapinero / Zona Rosa
900489869_2122603609,KIT Dispositivo Vape RELX Essential KIT Fresa Flor de jamaica,Relx,Turbo,Lost mary,Tabaco,N/A,1 UND,24990,24990,0%,24990/und,https://www.rappi.com.co/search?query=lost%20mary,Tienda Rappi: Turbo (Turbo Panini Ya) | Zona: Chicó / Chapinero / Zona Rosa
900489869_2122591862,VEEV Now Menta 5ml 3.5% 1800 Puffs,1800,Turbo,Lost mary,Alcohol,N/A,5 ML,39000,39000,0%,7800/ml,https://www.rappi.com.co/search?query=lost%20mary,Tienda Rappi: Turbo (Turbo Panini Ya) | Zona: Chicó / Chapinero / Zona Rosa
900488408_2126834419,Vape Lost Mary Mo5000 Grape Cloudd,Lost Mary,SURVAPE,Lost mary,Tabaco,N/A,1 UND,20000,20000,0%,20000/und,https://www.rappi.com.co/search?query=lost%20mary,Tienda Rappi: SURVAPE | Zona: Chicó / Chapinero / Zona Rosa
900488408_2126668355,Vape Waka Solo 2 Menta 3500 Puffs,Waka,SURVAPE,Lost mary,Tabaco,N/A,1 UND,42000,42000,0%,42000/und,https://www.rappi.com.co/search?query=lost%20mary,Tienda Rappi: SURVAPE | Zona: Chicó / Chapinero / Zona Rosa
900420226_2126457684,Vape Eternity 20 Mil Puff Tropicanna Vaper Vapper Vapeador Cigarrilo Electronico,Vape,DONDE NICO S,Lost mary,Tabaco,N/A,1 UND,29900,29900,0%,29900/und,https://www.rappi.com.co/search?query=lost%20mary,Tienda Rappi: DONDE NICO S (Donde Nico) | Zona: Chicó / Chapinero / Zona Rosa
900420226_2126839501,Vape Pod Mesh 5.500 Puff Blue Razz Chew Vaper Vapper Vapeador Cigarrilo Electronico,Vape,DONDE NICO S,Lost mary,Tabaco,N/A,1 UND,15000,15000,0%,15000/und,https://www.rappi.com.co/search?query=lost%20mary,Tienda Rappi: DONDE NICO S (Donde Nico) | Zona: Chicó / Chapinero / Zona Rosa
900420226_2126457673,Vape Eternity 20 Mil Puff Strawberry Piña Colada Vaper Vapper Vapeador Cigarrilo Electronico,Vape,DONDE NICO S,Lost mary,Tabaco,N/A,1 UND,29900,29900,0%,29900/und,https://www.rappi.com.co/search?query=lost%20mary,Tienda Rappi: DONDE NICO S (Donde Nico) | Zona: Chicó / Chapinero / Zona Rosa
900420226_2126457718,Vape Eternity 20 Mil Puff Refresh Vaper Vapper Vapeador Cigarrilo Electronico,Vape,DONDE NICO S,Lost mary,Tabaco,N/A,1 UND,29900,29900,0%,29900/und,https://www.rappi.com.co/search?query=lost%20mary,Tienda Rappi: DONDE NICO S (Donde Nico) | Zona: Chicó / Chapinero / Zona Rosa
900420226_2126457713,Vape Eternity 20 Mil Puff Pineapple Ice Vaper Vapper Vapeador Cigarrilo Electronico,Vape,DONDE NICO S,Lost mary,Tabaco,N/A,1 UND,29900,29900,0%,29900/und,https://www.rappi.com.co/search?query=lost%20mary,Tienda Rappi: DONDE NICO S (Donde Nico) | Zona: Chicó / Chapinero / Zona Rosa
900420226_2126830207,Vape Archer 60 Mil Puff Sour Apple Vaper Vapper Vapeador Cigarrilo Electronico,Vape,DONDE NICO S,Lost mary,Tabaco,N/A,1 UND,50000,50000,0%,50000/und,https://www.rappi.com.co/search?query=lost%20mary,Tienda Rappi: DONDE NICO S (Donde Nico) | Zona: Chicó / Chapinero / Zona Rosa
900388254_2126457394,Vape Eternity 20 Mil Puff Tropicanna Vaper Vapper Vapeador Cigarrilo Electronico,Vape,Angel Shop S,Lost mary,Tabaco,N/A,1 UND,29900,29900,0%,29900/und,https://www.rappi.com.co/search?query=lost%20mary,Tienda Rappi: Angel Shop S (ANGEL SHOP) | Zona: Chicó / Chapinero / Zona Rosa
900388254_2126457602,Vape Eternity 20 Mil Puff Peach Watermelon Berry Vaper Vapper Vapeador Cigarrilo Electronico,Vape,Angel Shop S,Lost mary,Tabaco,N/A,1 UND,29900,29900,0%,29900/und,https://www.rappi.com.co/search?query=lost%20mary,Tienda Rappi: Angel Shop S (ANGEL SHOP) | Zona: Chicó / Chapinero / Zona Rosa
900388254_2126457558,Vape Eternity 20 Mil Puff Refresh Vaper Vapper Vapeador Cigarrilo Electronico,Vape,Angel Shop S,Lost mary,Tabaco,N/A,1 UND,29900,29900,0%,29900/und,https://www.rappi.com.co/search?query=lost%20mary,Tienda Rappi: Angel Shop S (ANGEL SHOP) | Zona: Chicó / Chapinero / Zona Rosa
900388254_2126457132,Vape Eternity 20 Mil Puff Strawberry Piña Colada Vaper Vapper Vapeador Cigarrilo Electronico,Vape,Angel Shop S,Lost mary,Tabaco,N/A,1 UND,29900,29900,0%,29900/und,https://www.rappi.com.co/search?query=lost%20mary,Tienda Rappi: Angel Shop S (ANGEL SHOP) | Zona: Chicó / Chapinero / Zona Rosa
900388254_2126828250,Vape Archer 60 Mil Puff Sour Apple Vaper Vapper Vapeador Cigarrilo Electronico,Vape,Angel Shop S,Lost mary,Tabaco,N/A,1 UND,50000,50000,0%,50000/und,https://www.rappi.com.co/search?query=lost%20mary,Tienda Rappi: Angel Shop S (ANGEL SHOP) | Zona: Chicó / Chapinero / Zona Rosa
900388254_2126457441,Vape Eternity 20 Mil Puff Pineapple Ice Vaper Vapper Vapeador Cigarrilo Electronico,Vape,Angel Shop S,Lost mary,Tabaco,N/A,1 UND,29900,29900,0%,29900/und,https://www.rappi.com.co/search?query=lost%20mary,Tienda Rappi: Angel Shop S (ANGEL SHOP) | Zona: Chicó / Chapinero / Zona Rosa
900480984_2124808080,Vape Dummy 8000 Puffs Cosmic Blast Vaper Vaps Vapes Vapers Cigarrillo Electronico Six Nine,Vape,Teri Cd,Lost mary,Tabaco,N/A,1 UND,17000,17000,0%,17000/und,https://www.rappi.com.co/search?query=lost%20mary,Tienda Rappi: Teri Cd (TERISEX) | Zona: Chicó / Chapinero / Zona Rosa
900480984_2124808078,Vape Dummy 8000 Puffs Alien Invasion Vaper Vaps Vapes Vapers Cigarrillo Electronico Six Nine,Vape,Teri Cd,Lost mary,Tabaco,N/A,1 UND,17000,17000,0%,17000/und,https://www.rappi.com.co/search?query=lost%20mary,Tienda Rappi: Teri Cd (TERISEX) | Zona: Chicó / Chapinero / Zona Rosa
900480984_2124771244,Vape Dummy 8000 Puffs Mora Azul Vaper Vaps Vapes Vapers Cigarrillo Electronico Six Nine,Vape,Teri Cd,Lost mary,Tabaco,N/A,1 UND,17000,17000,0%,17000/und,https://www.rappi.com.co/search?query=lost%20mary,Tienda Rappi: Teri Cd (TERISEX) | Zona: Chicó / Chapinero / Zona Rosa
900480984_2124771230,Vape Dummy 8000 Puffs Sandia Vaper Vaps Vapes Vapers Cigarrillo Electronico Six Nine,Vape,Teri Cd,Lost mary,Tabaco,N/A,1 UND,17000,17000,0%,17000/und,https://www.rappi.com.co/search?query=lost%20mary,Tienda Rappi: Teri Cd (TERISEX) | Zona: Chicó / Chapinero / Zona Rosa
900480984_2126333041,Vape 7000 Puff Death Row Tobacco Vape Vaper Vapper Vapeador Cigarro Electronico,Vape,Teri Cd,Lost mary,Tabaco,N/A,1 UND,12000,12000,0%,12000/und,https://www.rappi.com.co/search?query=lost%20mary,Tienda Rappi: Teri Cd (TERISEX) | Zona: Chicó / Chapinero / Zona Rosa
900480984_2124771236,Vape Dummy 8000 Puffs Kiwi Vaper Vaps Vapes Vapers Cigarrillo Electronico Six Nine,Vape,Teri Cd,Lost mary,Tabaco,N/A,1 UND,17000,17000,0%,17000/und,https://www.rappi.com.co/search?query=lost%20mary,Tienda Rappi: Teri Cd (TERISEX) | Zona: Chicó / Chapinero / Zona Rosa
900489869_2124606472,Glucloud Vapeador Piña Colada Boxpod,Glucloud,Turbo,Pod,Tabaco,N/A,1 UND,44000,44000,0%,44000/und,https://www.rappi.com.co/search?query=pod,Tienda Rappi: Turbo (Turbo Panini Ya) | Zona: Chicó / Chapinero / Zona Rosa
900502013_2126839801,Vaporizador Pyne Pod Cherry Blossom Grape,Vaporizador,The Lab Store,Pod,Tabaco,N/A,1 UND,55000,55000,0%,55000/und,https://www.rappi.com.co/search?query=pod,Tienda Rappi: The Lab Store | Zona: Chicó / Chapinero / Zona Rosa
900479515_2126284725,Glucloud Vapeador Piña Colada Boxpod,Glucloud,LICORES EL BORRACHITO,Pod,Tabaco,N/A,1 UND,50000,50000,0%,50000/und,https://www.rappi.com.co/search?query=pod,Tienda Rappi: LICORES EL BORRACHITO | Zona: Chicó / Chapinero / Zona Rosa
900479515_2126284726,Glucloud Vapeador Fusion Boxpod,Glucloud,LICORES EL BORRACHITO,Pod,Tabaco,N/A,1 UND,50000,50000,0%,50000/und,https://www.rappi.com.co/search?query=pod,Tienda Rappi: LICORES EL BORRACHITO | Zona: Chicó / Chapinero / Zona Rosa
900479515_2126284732,Glucloud Vapeador Lima Durazno Large,Glucloud,LICORES EL BORRACHITO,Pod,Tabaco,N/A,1 UND,42000,42000,0%,42000/und,https://www.rappi.com.co/search?query=pod,Tienda Rappi: LICORES EL BORRACHITO | Zona: Chicó / Chapinero / Zona Rosa
900479515_2126284735,Glucloud Vapeador Manzana Large,Glucloud,LICORES EL BORRACHITO,Pod,Tabaco,N/A,1 UND,42000,42000,0%,42000/und,https://www.rappi.com.co/search?query=pod,Tienda Rappi: LICORES EL BORRACHITO | Zona: Chicó / Chapinero / Zona Rosa
900479515_2126284728,Glucloud Vapeador Menta Large,Glucloud,LICORES EL BORRACHITO,Pod,Tabaco,N/A,1 UND,42000,42000,0%,42000/und,https://www.rappi.com.co/search?query=pod,Tienda Rappi: LICORES EL BORRACHITO | Zona: Chicó / Chapinero / Zona Rosa
900479515_2126284734,Glucloud Vapeador Lulo Large,Glucloud,LICORES EL BORRACHITO,Pod,Tabaco,N/A,1 UND,42000,42000,0%,42000/und,https://www.rappi.com.co/search?query=pod,Tienda Rappi: LICORES EL BORRACHITO | Zona: Chicó / Chapinero / Zona Rosa
900479515_2126284730,Vapeador Glucloud Banana Large,Vapeador,LICORES EL BORRACHITO,Pod,Tabaco,N/A,1 UND,42000,42000,0%,42000/und,https://www.rappi.com.co/search?query=pod,Tienda Rappi: LICORES EL BORRACHITO | Zona: Chicó / Chapinero / Zona Rosa
900479515_2126284710,Glucloud Vapeador Fresa XL 6.5ml,Glucloud,LICORES EL BORRACHITO,Pod,Tabaco,N/A,1 UND,65000,65000,0%,65000/und,https://www.rappi.com.co/search?query=pod,Tienda Rappi: LICORES EL BORRACHITO | Zona: Chicó / Chapinero / Zona Rosa
900165860_2124606474,Glucloud Vapeador Fusion Boxpod,Glucloud,Turbo,Pods,Tabaco,N/A,1 UND,44000,44000,0%,44000/und,https://www.rappi.com.co/search?query=pods,Tienda Rappi: Turbo (Turbo Fresh) | Zona: Chicó / Chapinero / Zona Rosa
900165860_2120123471,Glucloud Vapeador Lima Durazno XL,Glucloud,Turbo,Pods,Tabaco,N/A,1 UND,50000,50000,0%,50000/und,https://www.rappi.com.co/search?query=pods,Tienda Rappi: Turbo (Turbo Fresh) | Zona: Chicó / Chapinero / Zona Rosa
900165860_2122721475,Vapeador Glucloud Fusión XL,Vapeador,Turbo,Pods,Tabaco,N/A,1 UND,50000,50000,0%,50000/und,https://www.rappi.com.co/search?query=pods,Tienda Rappi: Turbo (Turbo Fresh) | Zona: Chicó / Chapinero / Zona Rosa
900165860_2122719360,Glucloud Vapeador Sandía Xl,Glucloud,Turbo,Pods,Tabaco,N/A,1 UND,50000,50000,0%,50000/und,https://www.rappi.com.co/search?query=pods,Tienda Rappi: Turbo (Turbo Fresh) | Zona: Chicó / Chapinero / Zona Rosa
900165860_2124187120,Glucloud Vapeador Lulo XL,Glucloud,Turbo,Pods,Tabaco,N/A,1 UND,50000,50000,0%,50000/und,https://www.rappi.com.co/search?query=pods,Tienda Rappi: Turbo (Turbo Fresh) | Zona: Chicó / Chapinero / Zona Rosa
900165860_2120770215,Glucloud Vapeador Menta XL,Glucloud,Turbo,Pods,Tabaco,N/A,1 UND,50000,50000,0%,50000/und,https://www.rappi.com.co/search?query=pods,Tienda Rappi: Turbo (Turbo Fresh) | Zona: Chicó / Chapinero / Zona Rosa
900463143_2126684072,Vape Spaceman 50 Mil Puff White Peach Razz Vaper Vapper Vapeador Cigarrilo Electronico,Vape,House Tec T,Pods,Tabaco,N/A,1 UND,40000,40000,0%,40000/und,https://www.rappi.com.co/search?query=pods,Tienda Rappi: House Tec T (HOMETEC) | Zona: Chicó / Chapinero / Zona Rosa
900463143_2126842408,Vape Rab Beats 10 Mil Puff Miami Mint Vaper Vapper Vapeador Cigarrilo Electronico,Vape,House Tec T,Pods,Tabaco,N/A,1 UND,19000,19000,0%,19000/und,https://www.rappi.com.co/search?query=pods,Tienda Rappi: House Tec T (HOMETEC) | Zona: Chicó / Chapinero / Zona Rosa
900463143_2126842405,Vape Rab Beats 10 Mil Puff Raspberry Pomegranate Vaper Vapper Vapeador Cigarrilo Electronico,Vape,House Tec T,Pods,Tabaco,N/A,1 UND,19000,19000,0%,19000/und,https://www.rappi.com.co/search?query=pods,Tienda Rappi: House Tec T (HOMETEC) | Zona: Chicó / Chapinero / Zona Rosa
900463143_2126684089,Vape Spaceman 50 Mil Puff Blackberry Razz Vaper Vapper Vapeador Cigarrilo Electronico,Vape,House Tec T,Pods,Tabaco,N/A,1 UND,40000,40000,0%,40000/und,https://www.rappi.com.co/search?query=pods,Tienda Rappi: House Tec T (HOMETEC) | Zona: Chicó / Chapinero / Zona Rosa
900489869_2124405471,Glucloud Vapeador Manzana Indi,Glucloud,Turbo,E-liquid,Tabaco,N/A,1 UND,66000,66000,0%,66000/und,https://www.rappi.com.co/search?query=e-liquid,Tienda Rappi: Turbo (Turbo Panini Ya) | Zona: Chicó / Chapinero / Zona Rosa
900489869_2126484769,Waka Vapeador Smash Air-1 Dispositivo-Manzana Verde-5%-Col,Waka,Turbo,E-liquid,Tabaco,N/A,1 UND,54900,54900,0%,54900/und,https://www.rappi.com.co/search?query=e-liquid,Tienda Rappi: Turbo (Turbo Panini Ya) | Zona: Chicó / Chapinero / Zona Rosa
900489869_2125040847,Vape WAKA NOVA Maracuya 5%,Waka,Turbo,Sales de nicotina,Tabaco,N/A,1 UND,74990,74990,0%,74990/und,https://www.rappi.com.co/search?query=sales%20de%20nicotina,Tienda Rappi: Turbo (Turbo Panini Ya) | Zona: Chicó / Chapinero / Zona Rosa
900488408_2126751638,Waka Solo 2 Sandia Vape 35000 Puffs,Waka,SURVAPE,Sales de nicotina,Tabaco,N/A,1 UND,42000,42000,0%,42000/und,https://www.rappi.com.co/search?query=sales%20de%20nicotina,Tienda Rappi: SURVAPE | Zona: Chicó / Chapinero / Zona Rosa
900420226_2126830617,Vape Archer 60 Mil Puff Kiwi Guava Passion Vaper Vapper Vapeador Cigarrilo Electronico,Vape,DONDE NICO S,Sales de nicotina,Tabaco,N/A,1 UND,50000,50000,0%,50000/und,https://www.rappi.com.co/search?query=sales%20de%20nicotina,Tienda Rappi: DONDE NICO S (Donde Nico) | Zona: Chicó / Chapinero / Zona Rosa
900388254_2125613632,Vape Nicky Jam 10mil Puffs Summer Amante Vaper Vapper Vapeador Cigarrilo Electronico,Vape,Angel Shop S,Sales de nicotina,Tabaco,N/A,1 UND,26000,26000,0%,26000/und,https://www.rappi.com.co/search?query=sales%20de%20nicotina,Tienda Rappi: Angel Shop S (ANGEL SHOP) | Zona: Chicó / Chapinero / Zona Rosa
900388254_2125613631,Vape Nicky Jam 10mil Puffs Bananas Vaper Vapper Vapeador Cigarrilo Electronico,Vape,Angel Shop S,Sales de nicotina,Tabaco,N/A,1 UND,26000,26000,0%,26000/und,https://www.rappi.com.co/search?query=sales%20de%20nicotina,Tienda Rappi: Angel Shop S (ANGEL SHOP) | Zona: Chicó / Chapinero / Zona Rosa
900388254_2126060673,Vape Hookalit S 35 Mil Puffs Gum Mint Vaper Vapper Vapeador Cigarrilo Electronico,Vape,Angel Shop S,Sales de nicotina,Tabaco,N/A,1 UND,33500,33500,0%,33500/und,https://www.rappi.com.co/search?query=sales%20de%20nicotina,Tienda Rappi: Angel Shop S (ANGEL SHOP) | Zona: Chicó / Chapinero / Zona Rosa
900388254_2126828262,Vape Archer 60 Mil Puff Kiwi Guava Passion Vaper Vapper Vapeador Cigarrilo Electronico,Vape,Angel Shop S,Sales de nicotina,Tabaco,N/A,1 UND,50000,50000,0%,50000/und,https://www.rappi.com.co/search?query=sales%20de%20nicotina,Tienda Rappi: Angel Shop S (ANGEL SHOP) | Zona: Chicó / Chapinero / Zona Rosa
900388254_2126060527,Vape Hookalit S 35 Mil Puffs Double Apple Vaper Vapper Vapeador Cigarrilo Electronico,Vape,Angel Shop S,Sales de nicotina,Tabaco,N/A,1 UND,33500,33500,0%,33500/und,https://www.rappi.com.co/search?query=sales%20de%20nicotina,Tienda Rappi: Angel Shop S (ANGEL SHOP) | Zona: Chicó / Chapinero / Zona Rosa
900388254_2126457564,Vape Eternity 20 Mil Puff Candy Strawberry Vaper Vapper Vapeador Cigarrilo Electronico,Vape,Angel Shop S,Sales de nicotina,Tabaco,N/A,1 UND,29900,29900,0%,29900/und,https://www.rappi.com.co/search?query=sales%20de%20nicotina,Tienda Rappi: Angel Shop S (ANGEL SHOP) | Zona: Chicó / Chapinero / Zona Rosa
900165860_2126484766,Waka Vapeador Smash Air-1 Dispositivo-Maracumango-5%-Col,Waka,Turbo,Smok,Tabaco,N/A,1 UND,54900,54900,0%,54900/und,https://www.rappi.com.co/search?query=smok,Tienda Rappi: Turbo (Turbo Fresh) | Zona: Chicó / Chapinero / Zona Rosa
900165860_2126484768,Waka Vapeador Smash Air-1 Dispositivo-Sandía-5%-Col,Waka,Turbo,Smok,Tabaco,N/A,1 UND,54900,54900,0%,54900/und,https://www.rappi.com.co/search?query=smok,Tienda Rappi: Turbo (Turbo Fresh) | Zona: Chicó / Chapinero / Zona Rosa
900165860_2124656390,Glucloud Vapeador Manzana Large,Glucloud,Turbo,Smok,Tabaco,N/A,1 UND,33000,33000,0%,33000/und,https://www.rappi.com.co/search?query=smok,Tienda Rappi: Turbo (Turbo Fresh) | Zona: Chicó / Chapinero / Zona Rosa
900165860_2124656382,Vapeador Glucloud Arándano Large,Vapeador,Turbo,Smok,Tabaco,N/A,1 UND,33000,33000,0%,33000/und,https://www.rappi.com.co/search?query=smok,Tienda Rappi: Turbo (Turbo Fresh) | Zona: Chicó / Chapinero / Zona Rosa
900165860_2125040842,Vape WAKA NOVA Arandano Frambuesa 5%,Waka,Turbo,Smok,Tabaco,N/A,1 UND,74990,74990,0%,74990/und,https://www.rappi.com.co/search?query=smok,Tienda Rappi: Turbo (Turbo Fresh) | Zona: Chicó / Chapinero / Zona Rosa
900165860_2124606475,Glucloud Vapeador Piña Colada XL,Glucloud,Turbo,Smok,Tabaco,N/A,1 UND,50000,50000,0%,50000/und,https://www.rappi.com.co/search?query=smok,Tienda Rappi: Turbo (Turbo Fresh) | Zona: Chicó / Chapinero / Zona Rosa
900165860_2122357433,Glucloud Vapeador Manzana XL,Glucloud,Turbo,Smok,Tabaco,N/A,1 UND,50000,50000,0%,50000/und,https://www.rappi.com.co/search?query=smok,Tienda Rappi: Turbo (Turbo Fresh) | Zona: Chicó / Chapinero / Zona Rosa
900165860_2125000952,WAKA-Creator Pod-1 Pod-Cereza-5%-15K,Waka,Turbo,Smok,Tabaco,N/A,1 UND,39900,39900,0%,39900/und,https://www.rappi.com.co/search?query=smok,Tienda Rappi: Turbo (Turbo Fresh) | Zona: Chicó / Chapinero / Zona Rosa
900165860_2126484765,Waka Vapeador Smash Air-1 Dispositivo-Lulo-5%-Col,Waka,Turbo,Smok,Tabaco,N/A,1 UND,54900,54900,0%,54900/und,https://www.rappi.com.co/search?query=smok,Tienda Rappi: Turbo (Turbo Fresh) | Zona: Chicó / Chapinero / Zona Rosa
900165860_2124656391,Glucloud Vapeador Lulo Large,Glucloud,Turbo,Smok,Tabaco,N/A,1 UND,33000,33000,0%,33000/und,https://www.rappi.com.co/search?query=smok,Tienda Rappi: Turbo (Turbo Fresh) | Zona: Chicó / Chapinero / Zona Rosa
900165860_2125962073,Vapeador Waka Solo 2 Arándano 5%,Waka,Turbo,Smok,Tabaco,N/A,1 UND,44990,44990,0%,44990/und,https://www.rappi.com.co/search?query=smok,Tienda Rappi: Turbo (Turbo Fresh) | Zona: Chicó / Chapinero / Zona Rosa
900165860_2124656392,Glucloud Vapeador Fresa Large,Glucloud,Turbo,Smok,Tabaco,N/A,1 UND,33000,33000,0%,33000/und,https://www.rappi.com.co/search?query=smok,Tienda Rappi: Turbo (Turbo Fresh) | Zona: Chicó / Chapinero / Zona Rosa
900165860_2125962071,Vapeador Waka Solo 2 Cereza 5%,Waka,Turbo,Smok,Tabaco,N/A,1 UND,44990,44990,0%,44990/und,https://www.rappi.com.co/search?query=smok,Tienda Rappi: Turbo (Turbo Fresh) | Zona: Chicó / Chapinero / Zona Rosa
900165860_2125563076,Vape WAKA SOLO 2 Fresa 5%,Waka,Turbo,Smok,Tabaco,N/A,1 UND,44990,44990,0%,44990/und,https://www.rappi.com.co/search?query=smok,Tienda Rappi: Turbo (Turbo Fresh) | Zona: Chicó / Chapinero / Zona Rosa
900388254_2126061276,Vape Hookalit S 35 Mil Puffs White Flash Vaper Vapper Vapeador Cigarrilo Electronico,Vape,Angel Shop S,Smok,Tabaco,N/A,1 UND,33500,33500,0%,33500/und,https://www.rappi.com.co/search?query=smok,Tienda Rappi: Angel Shop S (ANGEL SHOP) | Zona: Chicó / Chapinero / Zona Rosa
900246292_2124402711,Aeq 2.0 Pod Starter Kit,Aeq,BLONSH PARQUE DEL PERRO,Smok,Tabaco,N/A,1 UND,175000,175000,0%,175000/und,https://www.rappi.com.co/search?query=smok,Tienda Rappi: BLONSH PARQUE DEL PERRO (Blonsh) | Zona: Chicó / Chapinero / Zona Rosa
900489869_2120940591,TEREA Blue Cajetilla 20 unidades,Terea,Turbo,Iqos,Tabaco,N/A,20 UND,12500,12500,0%,625/und,https://www.rappi.com.co/search?query=iqos,Tienda Rappi: Turbo (Turbo Panini Ya) | Zona: Chicó / Chapinero / Zona Rosa
900489869_2125020023,TEREA Blue Cartón x 10 Cajetillas Total,Terea,Turbo,Iqos,Tabaco,N/A,20 UND,125000,125000,0%,12500/und,https://www.rappi.com.co/search?query=iqos,Tienda Rappi: Turbo (Turbo Panini Ya) | Zona: Chicó / Chapinero / Zona Rosa
900489869_2121553539,TEREA Amber Cajetilla 20 unidades,Terea,Turbo,Iqos,Tabaco,N/A,20 UND,12500,12500,0%,625/und,https://www.rappi.com.co/search?query=iqos,Tienda Rappi: Turbo (Turbo Panini Ya) | Zona: Chicó / Chapinero / Zona Rosa
900489869_2119940603,TEREA Turquoise Cajetilla 20 unidades,Terea,Turbo,Iqos,Tabaco,N/A,20 UND,12500,12500,0%,625/und,https://www.rappi.com.co/search?query=iqos,Tienda Rappi: Turbo (Turbo Panini Ya) | Zona: Chicó / Chapinero / Zona Rosa
900489869_2124797043,Terea Blue 5 Cajetillas,Terea,Turbo,Iqos,Tabaco,N/A,20 UND,62500,62500,0%,12500/und,https://www.rappi.com.co/search?query=iqos,Tienda Rappi: Turbo (Turbo Panini Ya) | Zona: Chicó / Chapinero / Zona Rosa
900489869_2124797040,Terea Amber 5 Cajetillas,Terea,Turbo,Iqos,Tabaco,N/A,20 UND,62500,62500,0%,12500/und,https://www.rappi.com.co/search?query=iqos,Tienda Rappi: Turbo (Turbo Panini Ya) | Zona: Chicó / Chapinero / Zona Rosa
900489869_2125020025,TEREA Turquoise Cartón x 10 Cajetillas Total,Terea,Turbo,Iqos,Tabaco,N/A,20 UND,125000,125000,0%,12500/und,https://www.rappi.com.co/search?query=iqos,Tienda Rappi: Turbo (Turbo Panini Ya) | Zona: Chicó / Chapinero / Zona Rosa
900489869_2125020028,TEREA Amber Cartón x 10 Cajetillas Total,Terea,Turbo,Iqos,Tabaco,N/A,20 UND,125000,125000,0%,12500/und,https://www.rappi.com.co/search?query=iqos,Tienda Rappi: Turbo (Turbo Panini Ya) | Zona: Chicó / Chapinero / Zona Rosa
900489869_2120059778,TEREA Bronze Cajetilla 20 unidades,Terea,Turbo,Iqos,Tabaco,N/A,20 UND,12500,12500,0%,625/und,https://www.rappi.com.co/search?query=iqos,Tienda Rappi: Turbo (Turbo Panini Ya) | Zona: Chicó / Chapinero / Zona Rosa
900489869_2124797004,Terea Blue Cajetilla + Terea Purple Capso Cajetilla,Terea,Turbo,Iqos,Tabaco,N/A,1 COMBO,25000,25000,0%,25000/combo,https://www.rappi.com.co/search?query=iqos,Tienda Rappi: Turbo (Turbo Panini Ya) | Zona: Chicó / Chapinero / Zona Rosa
900489869_2125020020,TEREA Bronze Cartón x 10 Cajetillas Total,Terea,Turbo,Iqos,Tabaco,N/A,1 UND,125000,125000,0%,12500/und,https://www.rappi.com.co/search?query=iqos,Tienda Rappi: Turbo (Turbo Panini Ya) | Zona: Chicó / Chapinero / Zona Rosa
900489869_2124797002,Terea Amber Cajetilla + Terea Purple Capso Cajetilla,Terea,Turbo,Iqos,Tabaco,N/A,1 COMBO,25000,25000,0%,25000/combo,https://www.rappi.com.co/search?query=iqos,Tienda Rappi: Turbo (Turbo Panini Ya) | Zona: Chicó / Chapinero / Zona Rosa
900489869_2124797003,Terea Amelia Capso Cajetilla + Terea Blue Cajetilla,Terea,Turbo,Iqos,Tabaco,N/A,1 COMBO,25000,25000,0%,25000/combo,https://www.rappi.com.co/search?query=iqos,Tienda Rappi: Turbo (Turbo Panini Ya) | Zona: Chicó / Chapinero / Zona Rosa
900489869_2124797001,Terea Amber Cajetilla + Terea Amelia Capso Cajetilla,Terea,Turbo,Iqos,Tabaco,N/A,1 COMBO,25000,25000,0%,25000/combo,https://www.rappi.com.co/search?query=iqos,Tienda Rappi: Turbo (Turbo Panini Ya) | Zona: Chicó / Chapinero / Zona Rosa
900489869_2125494529,TEREA Black Scarlet Cajetilla 20 unidades,Terea,Turbo,Iqos,Tabaco,N/A,1 UND,13800,13800,0%,13800/und,https://www.rappi.com.co/search?query=iqos,Tienda Rappi: Turbo (Turbo Panini Ya) | Zona: Chicó / Chapinero / Zona Rosa
900489869_2124523875,TEREA Purple Capso Cajetilla 20 unidades,Terea,Turbo,Iqos,Tabaco,N/A,20 UND,12500,12500,0%,625/und,https://www.rappi.com.co/search?query=iqos,Tienda Rappi: Turbo (Turbo Panini Ya) | Zona: Chicó / Chapinero / Zona Rosa
900489869_2125561509,10 x Carton Scarlet Iluma,10,Turbo,Iqos,Tabaco,N/A,1 UND,138000,138000,0%,13800/und,https://www.rappi.com.co/search?query=iqos,Tienda Rappi: Turbo (Turbo Panini Ya) | Zona: Chicó / Chapinero / Zona Rosa
900489869_2125561508,10 x Carton Scarlet Iluma,10,Turbo,Iqos,Tabaco,N/A,1 UND,138000,138000,0%,13800/und,https://www.rappi.com.co/search?query=iqos,Tienda Rappi: Turbo (Turbo Panini Ya) | Zona: Chicó / Chapinero / Zona Rosa
900434592_2123191765,TEREA Turquoise Cajetilla 20 unidades,Terea,Oxxo,Iqos,Tabaco,N/A,20 UND,12500,12500,0%,625/und,https://www.rappi.com.co/search?query=iqos,Tienda Rappi: Oxxo (Oxxo Super) | Zona: Chicó / Chapinero / Zona Rosa
900434592_2123192182,TEREA Bronze Cajetilla 20 unidades,Terea,Oxxo,Iqos,Tabaco,N/A,20 UND,12500,12500,0%,625/und,https://www.rappi.com.co/search?query=iqos,Tienda Rappi: Oxxo (Oxxo Super) | Zona: Chicó / Chapinero / Zona Rosa
900434592_2124889188,TEREA Frizera Capso Cajetilla 20 unidades,Terea,Oxxo,Iqos,Tabaco,N/A,20 UND,12500,12500,0%,625/und,https://www.rappi.com.co/search?query=iqos,Tienda Rappi: Oxxo (Oxxo Super) | Zona: Chicó / Chapinero / Zona Rosa
900434592_2125849304,TEREA Purple Capso Cajetilla 20 unidades,Terea,Oxxo,Iqos,Tabaco,N/A,20 UND,12500,12500,0%,625/und,https://www.rappi.com.co/search?query=iqos,Tienda Rappi: Oxxo (Oxxo Super) | Zona: Chicó / Chapinero / Zona Rosa
900434592_2125849303,TEREA Amelia Capso Cajetilla 20 unidades,Terea,Oxxo,Iqos,Tabaco,N/A,20 UND,12500,12500,0%,625/und,https://www.rappi.com.co/search?query=iqos,Tienda Rappi: Oxxo (Oxxo Super) | Zona: Chicó / Chapinero / Zona Rosa
900423958_2124710534,TEREA Turquoise Cajetilla 20 unidades,Terea,Jumbo,Iqos,Tabaco,N/A,20 UND,13590,13590,0%,679.50/und,https://www.rappi.com.co/search?query=iqos,Tienda Rappi: Jumbo (Jumbo Mt Mascotas) | Zona: Chicó / Chapinero / Zona Rosa
900423958_2124719919,TEREA Blue Cajetilla 20 unidades,Terea,Jumbo,Iqos,Tabaco,N/A,20 UND,13590,13590,0%,679.50/und,https://www.rappi.com.co/search?query=iqos,Tienda Rappi: Jumbo (Jumbo Mt Mascotas) | Zona: Chicó / Chapinero / Zona Rosa
900423958_2124710538,TEREA Bronze Cajetilla 20 unidades,Terea,Jumbo,Iqos,Tabaco,N/A,20 UND,13590,13590,0%,679.50/und,https://www.rappi.com.co/search?query=iqos,Tienda Rappi: Jumbo (Jumbo Mt Mascotas) | Zona: Chicó / Chapinero / Zona Rosa
900423958_2125178217,TEREA Frizera Capso Cajetilla 20 unidades,Terea,Jumbo,Iqos,Tabaco,N/A,20 UND,13590,13590,0%,679.50/und,https://www.rappi.com.co/search?query=iqos,Tienda Rappi: Jumbo (Jumbo Mt Mascotas) | Zona: Chicó / Chapinero / Zona Rosa
900457753_2123190526,TEREA Turquoise Cajetilla 20 unidades,Terea,La Rebaja,Iqos,Tabaco,N/A,20 UND,12500,12500,0%,625/und,https://www.rappi.com.co/search?query=iqos,Tienda Rappi: La Rebaja (La Rebaja Licores) | Zona: Chicó / Chapinero / Zona Rosa
900457753_2123190527,TEREA Amber Cajetilla 20 unidades,Terea,La Rebaja,Iqos,Tabaco,N/A,20 UND,12500,12500,0%,625/und,https://www.rappi.com.co/search?query=iqos,Tienda Rappi: La Rebaja (La Rebaja Licores) | Zona: Chicó / Chapinero / Zona Rosa
900457753_2123190525,TEREA Blue Cajetilla 20 unidades,Terea,La Rebaja,Iqos,Tabaco,N/A,20 UND,12500,12500,0%,625/und,https://www.rappi.com.co/search?query=iqos,Tienda Rappi: La Rebaja (La Rebaja Licores) | Zona: Chicó / Chapinero / Zona Rosa
900457753_2123190523,TEREA Bronze Cajetilla 20 unidades,Terea,La Rebaja,Iqos,Tabaco,N/A,20 UND,12500,12500,0%,625/und,https://www.rappi.com.co/search?query=iqos,Tienda Rappi: La Rebaja (La Rebaja Licores) | Zona: Chicó / Chapinero / Zona Rosa
900165860_2126142828,IQOS ILUMA i ONE Negro,Iqos,Turbo,Iluma,Tabaco,N/A,1 UND,104700,104700,0%,104700/und,https://www.rappi.com.co/search?query=iluma,Tienda Rappi: Turbo (Turbo Fresh) | Zona: Chicó / Chapinero / Zona Rosa
900165860_2126142827,IQOS ILUMA i ONE Azul,Iqos,Turbo,Iluma,Tabaco,N/A,1 UND,104700,104700,0%,104700/und,https://www.rappi.com.co/search?query=iluma,Tienda Rappi: Turbo (Turbo Fresh) | Zona: Chicó / Chapinero / Zona Rosa
900165860_2125561508,10 x Carton Scarlet Iluma,10,Turbo,Iluma,Tabaco,N/A,1 UND,138000,138000,0%,13800/und,https://www.rappi.com.co/search?query=iluma,Tienda Rappi: Turbo (Turbo Fresh) | Zona: Chicó / Chapinero / Zona Rosa
900165860_2125561509,10 x Carton Scarlet Iluma,10,Turbo,Iluma,Tabaco,N/A,1 UND,138000,138000,0%,13800/und,https://www.rappi.com.co/search?query=iluma,Tienda Rappi: Turbo (Turbo Fresh) | Zona: Chicó / Chapinero / Zona Rosa
900165860_2124797004,Terea Blue Cajetilla + Terea Purple Capso Cajetilla,Terea,Turbo,Iluma,Tabaco,N/A,1 COMBO,25000,25000,0%,25000/combo,https://www.rappi.com.co/search?query=iluma,Tienda Rappi: Turbo (Turbo Fresh) | Zona: Chicó / Chapinero / Zona Rosa
900165860_2124797043,Terea Blue 5 Cajetillas,Terea,Turbo,Iluma,Tabaco,N/A,20 UND,62500,62500,0%,12500/und,https://www.rappi.com.co/search?query=iluma,Tienda Rappi: Turbo (Turbo Fresh) | Zona: Chicó / Chapinero / Zona Rosa
900165860_2122357585,Glucloud Vapeador Uva XL,Glucloud,Turbo,Iluma,Tabaco,N/A,1 UND,50000,50000,0%,50000/und,https://www.rappi.com.co/search?query=iluma,Tienda Rappi: Turbo (Turbo Fresh) | Zona: Chicó / Chapinero / Zona Rosa
900165860_2126051771,Relx Vapeador Maracuyá Pro 2-1 -3%-1K,Relx,Turbo,Iluma,Tabaco,N/A,1 UND,19990,19990,0%,19990/und,https://www.rappi.com.co/search?query=iluma,Tienda Rappi: Turbo (Turbo Fresh) | Zona: Chicó / Chapinero / Zona Rosa
900165860_2123125362,KIT Dispositivo Vape RELX Essential KIT Fresa Liche,Relx,Turbo,Iluma,Tabaco,N/A,1 UND,24990,24990,0%,24990/und,https://www.rappi.com.co/search?query=iluma,Tienda Rappi: Turbo (Turbo Fresh) | Zona: Chicó / Chapinero / Zona Rosa
900388254_2126311516,Vape Elf Vpr 7 Mil Puff Black Ice Vaper Vapper Vapeador Cigarrilo Electronico,Vape,Angel Shop S,Iluma,Tabaco,N/A,1 UND,15000,15000,0%,15000/und,https://www.rappi.com.co/search?query=iluma,Tienda Rappi: Angel Shop S (ANGEL SHOP) | Zona: Chicó / Chapinero / Zona Rosa
900388254_2126457839,Vape Eternity 20 Mil Puff Clear Vaper Vapper Vapeador Cigarrilo Electronico,Vape,Angel Shop S,Iluma,Tabaco,N/A,1 UND,29900,29900,0%,29900/und,https://www.rappi.com.co/search?query=iluma,Tienda Rappi: Angel Shop S (ANGEL SHOP) | Zona: Chicó / Chapinero / Zona Rosa
900388254_2126457596,Vape Eternity 20 Mil Puff Ice Mint Vaper Vapper Vapeador Cigarrilo Electronico,Vape,Angel Shop S,Iluma,Tabaco,N/A,1 UND,29900,29900,0%,29900/und,https://www.rappi.com.co/search?query=iluma,Tienda Rappi: Angel Shop S (ANGEL SHOP) | Zona: Chicó / Chapinero / Zona Rosa
900388254_2126457123,Vape Eternity 20 Mil Puff Strawberry Banana Vaper Vapper Vapeador Cigarrilo Electronico,Vape,Angel Shop S,Iluma,Tabaco,N/A,1 UND,29900,29900,0%,29900/und,https://www.rappi.com.co/search?query=iluma,Tienda Rappi: Angel Shop S (ANGEL SHOP) | Zona: Chicó / Chapinero / Zona Rosa
900165860_2124523875,TEREA Purple Capso Cajetilla 20 unidades,Terea,Turbo,Terea,Tabaco,N/A,20 UND,12500,12500,0%,625/und,https://www.rappi.com.co/search?query=terea,Tienda Rappi: Turbo (Turbo Fresh) | Zona: Chicó / Chapinero / Zona Rosa
900165860_2120940591,TEREA Blue Cajetilla 20 unidades,Terea,Turbo,Terea,Tabaco,N/A,20 UND,12500,12500,0%,625/und,https://www.rappi.com.co/search?query=terea,Tienda Rappi: Turbo (Turbo Fresh) | Zona: Chicó / Chapinero / Zona Rosa
900165860_2119940603,TEREA Turquoise Cajetilla 20 unidades,Terea,Turbo,Terea,Tabaco,N/A,20 UND,12500,12500,0%,625/und,https://www.rappi.com.co/search?query=terea,Tienda Rappi: Turbo (Turbo Fresh) | Zona: Chicó / Chapinero / Zona Rosa
900165860_2125020023,TEREA Blue Cartón x 10 Cajetillas Total,Terea,Turbo,Terea,Tabaco,N/A,20 UND,125000,125000,0%,12500/und,https://www.rappi.com.co/search?query=terea,Tienda Rappi: Turbo (Turbo Fresh) | Zona: Chicó / Chapinero / Zona Rosa
900165860_2125020025,TEREA Turquoise Cartón x 10 Cajetillas Total,Terea,Turbo,Terea,Tabaco,N/A,20 UND,125000,125000,0%,12500/und,https://www.rappi.com.co/search?query=terea,Tienda Rappi: Turbo (Turbo Fresh) | Zona: Chicó / Chapinero / Zona Rosa
900165860_2120059778,TEREA Bronze Cajetilla 20 unidades,Terea,Turbo,Terea,Tabaco,N/A,20 UND,12500,12500,0%,625/und,https://www.rappi.com.co/search?query=terea,Tienda Rappi: Turbo (Turbo Fresh) | Zona: Chicó / Chapinero / Zona Rosa
900165860_2121553539,TEREA Amber Cajetilla 20 unidades,Terea,Turbo,Terea,Tabaco,N/A,20 UND,12500,12500,0%,625/und,https://www.rappi.com.co/search?query=terea,Tienda Rappi: Turbo (Turbo Fresh) | Zona: Chicó / Chapinero / Zona Rosa
900165860_2124797002,Terea Amber Cajetilla + Terea Purple Capso Cajetilla,Terea,Turbo,Terea,Tabaco,N/A,1 COMBO,25000,25000,0%,25000/combo,https://www.rappi.com.co/search?query=terea,Tienda Rappi: Turbo (Turbo Fresh) | Zona: Chicó / Chapinero / Zona Rosa
900165860_2124797040,Terea Amber 5 Cajetillas,Terea,Turbo,Terea,Tabaco,N/A,20 UND,62500,62500,0%,12500/und,https://www.rappi.com.co/search?query=terea,Tienda Rappi: Turbo (Turbo Fresh) | Zona: Chicó / Chapinero / Zona Rosa
900165860_2125020020,TEREA Bronze Cartón x 10 Cajetillas Total,Terea,Turbo,Terea,Tabaco,N/A,1 UND,125000,125000,0%,12500/und,https://www.rappi.com.co/search?query=terea,Tienda Rappi: Turbo (Turbo Fresh) | Zona: Chicó / Chapinero / Zona Rosa
900165860_2124797003,Terea Amelia Capso Cajetilla + Terea Blue Cajetilla,Terea,Turbo,Terea,Tabaco,N/A,1 COMBO,25000,25000,0%,25000/combo,https://www.rappi.com.co/search?query=terea,Tienda Rappi: Turbo (Turbo Fresh) | Zona: Chicó / Chapinero / Zona Rosa
900165860_2125494529,TEREA Black Scarlet Cajetilla 20 unidades,Terea,Turbo,Terea,Tabaco,N/A,1 UND,13800,13800,0%,13800/und,https://www.rappi.com.co/search?query=terea,Tienda Rappi: Turbo (Turbo Fresh) | Zona: Chicó / Chapinero / Zona Rosa
900165860_2124277010,TEREA Amelia Capso Cajetilla 20 unidades,Terea,Turbo,Terea,Tabaco,N/A,20 UND,12500,12500,0%,625/und,https://www.rappi.com.co/search?query=terea,Tienda Rappi: Turbo (Turbo Fresh) | Zona: Chicó / Chapinero / Zona Rosa
900165860_2125020033,TEREA Amelia Capso Cartón x 10 Cajetillas Total,Terea,Turbo,Terea,Tabaco,N/A,1 UND,125000,125000,0%,12500/und,https://www.rappi.com.co/search?query=terea,Tienda Rappi: Turbo (Turbo Fresh) | Zona: Chicó / Chapinero / Zona Rosa
900165860_2124797001,Terea Amber Cajetilla + Terea Amelia Capso Cajetilla,Terea,Turbo,Terea,Tabaco,N/A,1 COMBO,25000,25000,0%,25000/combo,https://www.rappi.com.co/search?query=terea,Tienda Rappi: Turbo (Turbo Fresh) | Zona: Chicó / Chapinero / Zona Rosa
900434592_2125849253,WAKA-Creator Pod-1 Pod-Fresa-5%-15K,Waka,Oxxo,Terea,Tabaco,N/A,1 UND,43000,43000,0%,43000/und,https://www.rappi.com.co/search?query=terea,Tienda Rappi: Oxxo (Oxxo Super) | Zona: Chicó / Chapinero / Zona Rosa
900101308_2123082060,TEREA Bronze Cajetilla 20 unidades,Terea,Licores JR,Terea,Tabaco,N/A,20 UND,12400,12400,0%,620/und,https://www.rappi.com.co/search?query=terea,Tienda Rappi: Licores JR (Grupo Giraldo Home) | Zona: Chicó / Chapinero / Zona Rosa
900165860_2125020028,TEREA Amber Cartón x 10 Cajetillas Total,Terea,Turbo,Heets,Tabaco,N/A,20 UND,125000,125000,0%,12500/und,https://www.rappi.com.co/search?query=heets,Tienda Rappi: Turbo (Turbo Fresh) | Zona: Chicó / Chapinero / Zona Rosa
900386942_2123190527,TEREA Amber Cajetilla 20 unidades,Terea,La Rebaja,Heets,Tabaco,N/A,20 UND,12500,12500,0%,625/und,https://www.rappi.com.co/search?query=heets,Tienda Rappi: La Rebaja (Drogueria La Rebaja Farma Bebes) | Zona: Chicó / Chapinero / Zona Rosa
900386942_2123190526,TEREA Turquoise Cajetilla 20 unidades,Terea,La Rebaja,Heets,Tabaco,N/A,20 UND,12500,12500,0%,625/und,https://www.rappi.com.co/search?query=heets,Tienda Rappi: La Rebaja (Drogueria La Rebaja Farma Bebes) | Zona: Chicó / Chapinero / Zona Rosa
900386942_2123190525,TEREA Blue Cajetilla 20 unidades,Terea,La Rebaja,Heets,Tabaco,N/A,20 UND,12500,12500,0%,625/und,https://www.rappi.com.co/search?query=heets,Tienda Rappi: La Rebaja (Drogueria La Rebaja Farma Bebes) | Zona: Chicó / Chapinero / Zona Rosa
900386942_2123190523,TEREA Bronze Cajetilla 20 unidades,Terea,La Rebaja,Heets,Tabaco,N/A,20 UND,12500,12500,0%,625/und,https://www.rappi.com.co/search?query=heets,Tienda Rappi: La Rebaja (Drogueria La Rebaja Farma Bebes) | Zona: Chicó / Chapinero / Zona Rosa
900246292_2123107332,Habano Cohiba Churchills Cigars,Cohiba,BLONSH PARQUE DEL PERRO,Habanos,Tabaco,N/A,1 UND,900000,900000,0%,900000/und,https://www.rappi.com.co/search?query=habanos,Tienda Rappi: BLONSH PARQUE DEL PERRO (Blonsh) | Zona: Chicó / Chapinero / Zona Rosa
900246292_2124960021,Corta Habanos + Habano Cohiba,Cohiba,BLONSH PARQUE DEL PERRO,Habanos,Tabaco,N/A,2 UND,770000,770000,0%,385000/und,https://www.rappi.com.co/search?query=habanos,Tienda Rappi: BLONSH PARQUE DEL PERRO (Blonsh) | Zona: Chicó / Chapinero / Zona Rosa
900246292_2123107378,Habano Romeo Y Julieta Churchills Cigars,Romeo y Julieta,BLONSH PARQUE DEL PERRO,Habanos,Tabaco,N/A,1 UND,360000,360000,0%,360000/und,https://www.rappi.com.co/search?query=habanos,Tienda Rappi: BLONSH PARQUE DEL PERRO (Blonsh) | Zona: Chicó / Chapinero / Zona Rosa
900246292_2123107340,Habano Guantanamera Cigars,Habano,BLONSH PARQUE DEL PERRO,Habanos,Tabaco,N/A,1 UND,250000,250000,0%,250000/und,https://www.rappi.com.co/search?query=habanos,Tienda Rappi: BLONSH PARQUE DEL PERRO (Blonsh) | Zona: Chicó / Chapinero / Zona Rosa
900246292_2123107304,Habano Cohiba Siglo Il Cigars,Cohiba,BLONSH PARQUE DEL PERRO,Habanos,Tabaco,N/A,1 UND,390000,390000,0%,390000/und,https://www.rappi.com.co/search?query=habanos,Tienda Rappi: BLONSH PARQUE DEL PERRO (Blonsh) | Zona: Chicó / Chapinero / Zona Rosa
900246292_2123107221,Habano Cohiba Robusto Cigars,Cohiba,BLONSH PARQUE DEL PERRO,Habanos,Tabaco,N/A,1 UND,590000,590000,0%,590000/und,https://www.rappi.com.co/search?query=habanos,Tienda Rappi: BLONSH PARQUE DEL PERRO (Blonsh) | Zona: Chicó / Chapinero / Zona Rosa
900246292_2123107364,Habano Romeo Y Julieta N2 Cigars,Romeo y Julieta,BLONSH PARQUE DEL PERRO,Habanos,Tabaco,N/A,1 UND,310000,310000,0%,310000/und,https://www.rappi.com.co/search?query=habanos,Tienda Rappi: BLONSH PARQUE DEL PERRO (Blonsh) | Zona: Chicó / Chapinero / Zona Rosa
900246292_2126177367,Tabaco Para Liar Pueblo Blue,Tabaco,BLONSH PARQUE DEL PERRO,Habanos,Tabaco,N/A,1 UND,98000,98000,0%,98000/und,https://www.rappi.com.co/search?query=habanos,Tienda Rappi: BLONSH PARQUE DEL PERRO (Blonsh) | Zona: Chicó / Chapinero / Zona Rosa
900476175_2126060448,Tabaco Captain Ppipe - Cognac - X5,Tabaco,Vapeo Tattoo Piercing,Habanos,Tabaco,N/A,5 UND,25000,25000,0%,5000/und,https://www.rappi.com.co/search?query=habanos,Tienda Rappi: Vapeo Tattoo Piercing (Tattoo piercing) | Zona: Chicó / Chapinero / Zona Rosa
900476175_2126204075,Tabaco Captain Pipe - Grape - X5,Tabaco,Vapeo Tattoo Piercing,Habanos,Tabaco,N/A,5 UND,25000,25000,0%,5000/und,https://www.rappi.com.co/search?query=habanos,Tienda Rappi: Vapeo Tattoo Piercing (Tattoo piercing) | Zona: Chicó / Chapinero / Zona Rosa
900165860_2122270668,Monter Rojo Mezcla Andina BBQ Dulce 100gr,Andina,Turbo,Montecristo,Alcohol,N/A,100 GR,11200,11200,0%,112/g,https://www.rappi.com.co/search?query=montecristo,Tienda Rappi: Turbo (Turbo Fresh) | Zona: Chicó / Chapinero / Zona Rosa
900165860_2123726863,Monte Rojo Chicharrón Carnudo Lima Limón Club Colombia 90g,Club Colombia,Turbo,Montecristo,Alcohol,N/A,90 GR,17200,17200,0%,191.12/g,https://www.rappi.com.co/search?query=montecristo,Tienda Rappi: Turbo (Turbo Fresh) | Zona: Chicó / Chapinero / Zona Rosa
900165860_2123795572,Monterojo Mezcla Andina Sal Rosada 100gr,Andina,Turbo,Montecristo,Alcohol,N/A,100 GR,11200,11200,0%,112/g,https://www.rappi.com.co/search?query=montecristo,Tienda Rappi: Turbo (Turbo Fresh) | Zona: Chicó / Chapinero / Zona Rosa
900165860_2123726864,Monte Rojo Chicharrón Carnudo Sal Marina Club Colombia 90g,Club Colombia,Turbo,Montecristo,Alcohol,N/A,90 GR,17200,17200,0%,191.12/g,https://www.rappi.com.co/search?query=montecristo,Tienda Rappi: Turbo (Turbo Fresh) | Zona: Chicó / Chapinero / Zona Rosa
900023671_2123474540,Monterojo Mezcla Andina Lima Limón,Andina,Home Sentry,Montecristo,Alcohol,N/A,100 GR,12950,12950,0%,129.50/g,https://www.rappi.com.co/search?query=montecristo,Tienda Rappi: Home Sentry | Zona: Chicó / Chapinero / Zona Rosa
900476175_2126777721,Blunt Hemp Zone X5 - Grape,Blunt,Vapeo Tattoo Piercing,Cohiba,Tabaco,N/A,1 UND,10000,10000,0%,10000/und,https://www.rappi.com.co/search?query=cohiba,Tienda Rappi: Vapeo Tattoo Piercing (Tattoo piercing) | Zona: Chicó / Chapinero / Zona Rosa
900476175_2126046014,"Blunt Hemp Zone, Mango X5",Blunt,Vapeo Tattoo Piercing,Cohiba,Tabaco,N/A,5 UND,10000,10000,0%,2000/und,https://www.rappi.com.co/search?query=cohiba,Tienda Rappi: Vapeo Tattoo Piercing (Tattoo piercing) | Zona: Chicó / Chapinero / Zona Rosa
900476175_2126046017,Blunt Hemp Zone Envoltura de Cigarro Bee Berry,Blunt,Vapeo Tattoo Piercing,Cohiba,Tabaco,N/A,1 UND,10000,10000,0%,10000/und,https://www.rappi.com.co/search?query=cohiba,Tienda Rappi: Vapeo Tattoo Piercing (Tattoo piercing) | Zona: Chicó / Chapinero / Zona Rosa
900476175_2126046016,"Blunt Hemp Zone, Banana X5",Blunt,Vapeo Tattoo Piercing,Cohiba,Tabaco,N/A,5 UND,10000,10000,0%,2000/und,https://www.rappi.com.co/search?query=cohiba,Tienda Rappi: Vapeo Tattoo Piercing (Tattoo piercing) | Zona: Chicó / Chapinero / Zona Rosa
900476175_2126046013,"Blunt Hemp Zone, Russian Gem X5",Blunt,Vapeo Tattoo Piercing,Cohiba,Tabaco,N/A,5 UND,10000,10000,0%,2000/und,https://www.rappi.com.co/search?query=cohiba,Tienda Rappi: Vapeo Tattoo Piercing (Tattoo piercing) | Zona: Chicó / Chapinero / Zona Rosa
900246292_2123095582,Cigarrillos Parliament 100´s Importado Mentol,Parliament,BLONSH PARQUE DEL PERRO,Cohiba,Tabaco,N/A,1 UND,65000,65000,0%,65000/und,https://www.rappi.com.co/search?query=cohiba,Tienda Rappi: BLONSH PARQUE DEL PERRO (Blonsh) | Zona: Chicó / Chapinero / Zona Rosa
900246292_2123095569,Cigarrillos Parliament Importado,Parliament,BLONSH PARQUE DEL PERRO,Cohiba,Tabaco,N/A,1 UND,55000,55000,0%,55000/und,https://www.rappi.com.co/search?query=cohiba,Tienda Rappi: BLONSH PARQUE DEL PERRO (Blonsh) | Zona: Chicó / Chapinero / Zona Rosa
900246292_2123095578,Cigarrillos Parliament Menthol Importado,Parliament,BLONSH PARQUE DEL PERRO,Cohiba,Tabaco,N/A,1 UND,55000,55000,0%,55000/und,https://www.rappi.com.co/search?query=cohiba,Tienda Rappi: BLONSH PARQUE DEL PERRO (Blonsh) | Zona: Chicó / Chapinero / Zona Rosa
900246292_2123095619,Cigarrillos Marlboro Menthol Importados,Marlboro,BLONSH PARQUE DEL PERRO,Cohiba,Tabaco,N/A,1 UND,55000,55000,0%,55000/und,https://www.rappi.com.co/search?query=cohiba,Tienda Rappi: BLONSH PARQUE DEL PERRO (Blonsh) | Zona: Chicó / Chapinero / Zona Rosa
900246292_2123095621,Cigarrillos Marlboro Menthol Gold Pack Importados,Marlboro,BLONSH PARQUE DEL PERRO,Cohiba,Tabaco,N/A,1 UND,55000,55000,0%,55000/und,https://www.rappi.com.co/search?query=cohiba,Tienda Rappi: BLONSH PARQUE DEL PERRO (Blonsh) | Zona: Chicó / Chapinero / Zona Rosa
900380301_2126706758,Cigarrillo De Charleston - Halloween,Cigarrillo,MISCELANEA Y PAPELERIA SUBLIMATI,Tabaco,Tabaco,N/A,1 UND,10000,10000,0%,10000/und,https://www.rappi.com.co/search?query=tabaco,Tienda Rappi: MISCELANEA Y PAPELERIA SUBLIMATI (SUBLIMATI) | Zona: Chicó / Chapinero / Zona Rosa
900165860_2093536997,Marlboro Cigarrillo Rojo + 18 20 Und,Marlboro,Turbo,Papel de fumar,Tabaco,N/A,20 UND,13900,13900,0%,695/und,https://www.rappi.com.co/search?query=papel%20de%20fumar,Tienda Rappi: Turbo (Turbo Fresh) | Zona: Chicó / Chapinero / Zona Rosa
900165860_2093538843,Rothmans Cigarrillo Blanco 10 Und,Rothmans,Turbo,Papel de fumar,Tabaco,N/A,10 UND,4900,4900,0%,490/und,https://www.rappi.com.co/search?query=papel%20de%20fumar,Tienda Rappi: Turbo (Turbo Fresh) | Zona: Chicó / Chapinero / Zona Rosa
900165860_2123022061,Marlboro Cigarrillo Selección Azul + 18,Marlboro,Turbo,Papel de fumar,Tabaco,N/A,1 UND,6000,6000,0%,6000/und,https://www.rappi.com.co/search?query=papel%20de%20fumar,Tienda Rappi: Turbo (Turbo Fresh) | Zona: Chicó / Chapinero / Zona Rosa
900165860_2093536998,Marlboro Cigarrillo Rojo + 18 10 Und,Marlboro,Turbo,Papel de fumar,Tabaco,N/A,10 UND,7000,7000,0%,700/und,https://www.rappi.com.co/search?query=papel%20de%20fumar,Tienda Rappi: Turbo (Turbo Fresh) | Zona: Chicó / Chapinero / Zona Rosa
900165860_2122768730,L&M Cigarrillo Verde Rojo + 18 10 Und,L&M,Turbo,Papel de fumar,Tabaco,N/A,10 UND,4900,4900,0%,490/und,https://www.rappi.com.co/search?query=papel%20de%20fumar,Tienda Rappi: Turbo (Turbo Fresh) | Zona: Chicó / Chapinero / Zona Rosa
900165860_2122768731,L&M Cigarrillo Selección Azul + 18 10 Und,L&M,Turbo,Papel de fumar,Tabaco,N/A,10 UND,4300,4300,0%,430/und,https://www.rappi.com.co/search?query=papel%20de%20fumar,Tienda Rappi: Turbo (Turbo Fresh) | Zona: Chicó / Chapinero / Zona Rosa
900165860_2121539843,Starlite Cigarrillo Azul 10 Und,Starlite,Turbo,Papel de fumar,Tabaco,N/A,10 UND,4600,4600,0%,460/und,https://www.rappi.com.co/search?query=papel%20de%20fumar,Tienda Rappi: Turbo (Turbo Fresh) | Zona: Chicó / Chapinero / Zona Rosa
900165860_2123022060,Marlboro Cigarrillo Selección Verde Azul + 18 10 Und,Marlboro,Turbo,Papel de fumar,Tabaco,N/A,1 UND,6000,6000,0%,6000/und,https://www.rappi.com.co/search?query=papel%20de%20fumar,Tienda Rappi: Turbo (Turbo Fresh) | Zona: Chicó / Chapinero / Zona Rosa
900165860_2124136281,Rothmans Cigarrillo Bombay 10 Und,Rothmans,Turbo,Papel de fumar,Tabaco,N/A,10 UND,4900,4900,0%,490/und,https://www.rappi.com.co/search?query=papel%20de%20fumar,Tienda Rappi: Turbo (Turbo Fresh) | Zona: Chicó / Chapinero / Zona Rosa
900165860_2124097737,Rothmans Cigarrillo Blue Classics 10 Und,Rothmans,Turbo,Papel de fumar,Tabaco,N/A,10 UND,4300,4300,0%,430/und,https://www.rappi.com.co/search?query=papel%20de%20fumar,Tienda Rappi: Turbo (Turbo Fresh) | Zona: Chicó / Chapinero / Zona Rosa
900165860_2122235739,Rothmans Cigarrillo Azul 20 Und,Rothmans,Turbo,Papel de fumar,Tabaco,N/A,20 UND,12900,12900,0%,645/und,https://www.rappi.com.co/search?query=papel%20de%20fumar,Tienda Rappi: Turbo (Turbo Fresh) | Zona: Chicó / Chapinero / Zona Rosa
900502013_2126840402,Filtros Ocb Premium,OCB,The Lab Store,Papel de fumar,Tabaco,N/A,1 UND,8000,8000,0%,8000/und,https://www.rappi.com.co/search?query=papel%20de%20fumar,Tienda Rappi: The Lab Store | Zona: Chicó / Chapinero / Zona Rosa
900502013_2126840356,Filtros Ocb Virgin,OCB,The Lab Store,Papel de fumar,Tabaco,N/A,1 UND,17000,17000,0%,17000/und,https://www.rappi.com.co/search?query=papel%20de%20fumar,Tienda Rappi: The Lab Store | Zona: Chicó / Chapinero / Zona Rosa
900476175_2126060455,Ocb Papel para Tabaco,OCB,Vapeo Tattoo Piercing,Papel de fumar,Tabaco,N/A,50 UND,6000,6000,0%,120/und,https://www.rappi.com.co/search?query=papel%20de%20fumar,Tienda Rappi: Vapeo Tattoo Piercing (Tattoo piercing) | Zona: Chicó / Chapinero / Zona Rosa
900476175_2126834228,Filtros Ocb Slime - Paquete X120und,OCB,Vapeo Tattoo Piercing,Papel de fumar,Tabaco,N/A,120 UND,12500,12500,0%,104.17/und,https://www.rappi.com.co/search?query=papel%20de%20fumar,Tienda Rappi: Vapeo Tattoo Piercing (Tattoo piercing) | Zona: Chicó / Chapinero / Zona Rosa
900476175_2126046015,"Blunt Hemp Zone, Wet Dreams X5",Blunt,Vapeo Tattoo Piercing,Raw,Tabaco,N/A,5 UND,10000,10000,0%,2000/und,https://www.rappi.com.co/search?query=raw,Tienda Rappi: Vapeo Tattoo Piercing (Tattoo piercing) | Zona: Chicó / Chapinero / Zona Rosa
900165860_2124136280,Rothmans Cigarrillo Polar 10 Und,Rothmans,Turbo,Ocb,Tabaco,N/A,10 UND,4900,4900,0%,490/und,https://www.rappi.com.co/search?query=ocb,Tienda Rappi: Turbo (Turbo Fresh) | Zona: Chicó / Chapinero / Zona Rosa
900430450_2125069561,Ocb Papel para Tabaco,OCB,El Mini Súper Cali,Ocb,Tabaco,N/A,50 UND,3500,3500,0%,70/und,https://www.rappi.com.co/search?query=ocb,Tienda Rappi: El Mini Súper Cali (El Minisuper) | Zona: Chicó / Chapinero / Zona Rosa
900434592_2119823263,Smoking Papel para Cigarrillos Blue,Smoking,Oxxo,Smoking,Tabaco,N/A,60 UND,3500,2600,26%,43.34/und,https://www.rappi.com.co/search?query=smoking,Tienda Rappi: Oxxo (Oxxo Super) | Zona: Chicó / Chapinero / Zona Rosa
900012665_2574761,Cerveza corona bot. 355ml,Corona,Local Burger Granada,Smoking,Alcohol,N/A,1 UND,9500,9500,0%,9500.0,https://www.rappi.com.co/search?query=smoking,Tienda Rappi: Local Burger Granada (Local Burger) | Zona: Chicó / Chapinero / Zona Rosa
900489869_2122987997,Corona Cerveza Extra en Botella,Corona,Turbo,Cerveza,Alcohol,N/A,330 ML,28700,25830,10%,78.28/ml,https://www.rappi.com.co/search?query=cerveza,Tienda Rappi: Turbo (Turbo Panini Ya) | Zona: Chicó / Chapinero / Zona Rosa
900489869_2121155250,Budweiser Cerveza Lager Americana en Lata,Budweiser,Turbo,Cerveza,Alcohol,N/A,269 ML,17900,17900,0%,66.55/ml,https://www.rappi.com.co/search?query=cerveza,Tienda Rappi: Turbo (Turbo Panini Ya) | Zona: Chicó / Chapinero / Zona Rosa
900489869_2121155244,Club Colombia Cerveza Dorada En Lata 330 ML X6 Unds,Club Colombia,Turbo,Cerveza,Alcohol,N/A,330 ML,20700,20700,0%,62.73/ml,https://www.rappi.com.co/search?query=cerveza,Tienda Rappi: Turbo (Turbo Panini Ya) | Zona: Chicó / Chapinero / Zona Rosa
900489869_2124583386,Cerveza Michelob Ultra Lata 269ml X6,Michelob,Turbo,Cerveza,Alcohol,N/A,269 ML,17800,15130,15%,56.25/ml,https://www.rappi.com.co/search?query=cerveza,Tienda Rappi: Turbo (Turbo Panini Ya) | Zona: Chicó / Chapinero / Zona Rosa
900489869_2125064156,Poker Cerveza 330 mL x 12 Und,Poker,Turbo,Cerveza,Alcohol,N/A,330 ML,36500,36500,0%,110.61/ml,https://www.rappi.com.co/search?query=cerveza,Tienda Rappi: Turbo (Turbo Panini Ya) | Zona: Chicó / Chapinero / Zona Rosa
900489869_2124755089,Cerveza 3 Cordilleras Mulata Bnr 300 mL 4 Pack,Cerveza,Turbo,Cerveza,Alcohol,N/A,300 ML,22500,22500,0%,75/ml,https://www.rappi.com.co/search?query=cerveza,Tienda Rappi: Turbo (Turbo Panini Ya) | Zona: Chicó / Chapinero / Zona Rosa
900489869_2126821531,Club Colombia Pack Cerveza,Club Colombia,Turbo,Cerveza,Alcohol,N/A,473 ML,31200,31200,0%,65.97/ml,https://www.rappi.com.co/search?query=cerveza,Tienda Rappi: Turbo (Turbo Panini Ya) | Zona: Chicó / Chapinero / Zona Rosa
900489869_2126333064,Como la Especial Mani Cervecero + Club Colombia Dorada 6 Und,Club Colombia,Turbo,Cerveza,Alcohol,N/A,1 COMBO,30500,30500,0%,30500/combo,https://www.rappi.com.co/search?query=cerveza,Tienda Rappi: Turbo (Turbo Panini Ya) | Zona: Chicó / Chapinero / Zona Rosa
900434592_2125949354,Cerveza Corona 0.0,Corona,Oxxo,Cerveza,Alcohol,N/A,269 ML,3300,3300,0%,12.27/ml,https://www.rappi.com.co/search?query=cerveza,Tienda Rappi: Oxxo (Oxxo Super) | Zona: Chicó / Chapinero / Zona Rosa
900434592_2120597278,Coronita Extra Cerveza Lager,Coronita,Oxxo,Cerveza,Alcohol,N/A,210 ML,22100,22100,0%,105.24/ml,https://www.rappi.com.co/search?query=cerveza,Tienda Rappi: Oxxo (Oxxo Super) | Zona: Chicó / Chapinero / Zona Rosa
900434592_2121200593,Budweiser Cerveza Lager Americana en Lata,Budweiser,Oxxo,Cerveza,Alcohol,N/A,269 ML,19100,19100,0%,71.01/ml,https://www.rappi.com.co/search?query=cerveza,Tienda Rappi: Oxxo (Oxxo Super) | Zona: Chicó / Chapinero / Zona Rosa
900434592_2120597370,Club Colombia Cerveza Dorada En Lata 330 ML X6 Unds,Club Colombia,Oxxo,Cerveza,Alcohol,N/A,330 ML,23600,23600,0%,71.52/ml,https://www.rappi.com.co/search?query=cerveza,Tienda Rappi: Oxxo (Oxxo Super) | Zona: Chicó / Chapinero / Zona Rosa
900434592_2124785366,Cerveza Michelob Ultra Lata 269ml X6,Michelob,Oxxo,Cerveza,Alcohol,N/A,269 ML,16900,14350,15%,53.35/ml,https://www.rappi.com.co/search?query=cerveza,Tienda Rappi: Oxxo (Oxxo Super) | Zona: Chicó / Chapinero / Zona Rosa
900434592_2123078405,Heineken Cerveza 310 mL x 6 Und,Heineken,Oxxo,Cerveza,Alcohol,N/A,310 ML,23300,16300,30%,52.59/ml,https://www.rappi.com.co/search?query=cerveza,Tienda Rappi: Oxxo (Oxxo Super) | Zona: Chicó / Chapinero / Zona Rosa
900434592_2120477755,Cerveza 3 Cordilleras Rosada 269 mL x 6 Und,Cerveza,Oxxo,Cerveza,Alcohol,N/A,269 ML,25500,20400,20%,75.84/ml,https://www.rappi.com.co/search?query=cerveza,Tienda Rappi: Oxxo (Oxxo Super) | Zona: Chicó / Chapinero / Zona Rosa
900434592_2120596799,Costeña Bacana Cerveza Lata 269 Ml X6,Costeña,Oxxo,Cerveza,Alcohol,N/A,269 ML,14900,14900,0%,55.39/ml,https://www.rappi.com.co/search?query=cerveza,Tienda Rappi: Oxxo (Oxxo Super) | Zona: Chicó / Chapinero / Zona Rosa
900434592_2125907486,Cerveza Kaufmann Lata*6 *,Cerveza,Oxxo,Cerveza,Alcohol,N/A,310 ML,13900,13900,0%,44.84/ml,https://www.rappi.com.co/search?query=cerveza,Tienda Rappi: Oxxo (Oxxo Super) | Zona: Chicó / Chapinero / Zona Rosa
900434592_2124590498,Central Pack Cerveza 330 mL x 6 Und,Central,Oxxo,Cerveza,Alcohol,N/A,330 ML,12900,12900,0%,39.10/ml,https://www.rappi.com.co/search?query=cerveza,Tienda Rappi: Oxxo (Oxxo Super) | Zona: Chicó / Chapinero / Zona Rosa
900434592_2120596814,Aguila Cerveza Original Pack Lata,Aguila,Oxxo,Cerveza,Alcohol,N/A,330 ML,22000,22000,0%,66.67/ml,https://www.rappi.com.co/search?query=cerveza,Tienda Rappi: Oxxo (Oxxo Super) | Zona: Chicó / Chapinero / Zona Rosa
900434592_2120597371,Budweiser Cerveza,Budweiser,Oxxo,Cerveza,Alcohol,N/A,269 ML,3800,3800,0%,14.13/ml,https://www.rappi.com.co/search?query=cerveza,Tienda Rappi: Oxxo (Oxxo Super) | Zona: Chicó / Chapinero / Zona Rosa
900434592_2123920451,Club Colombia Cerveza Trigo,Club Colombia,Oxxo,Cerveza,Alcohol,N/A,330 ML,24900,24900,0%,75.46/ml,https://www.rappi.com.co/search?query=cerveza,Tienda Rappi: Oxxo (Oxxo Super) | Zona: Chicó / Chapinero / Zona Rosa
900434592_2121198891,Costeña Bacana Cerveza,Costeña,Oxxo,Cerveza,Alcohol,N/A,330 ML,19600,19600,0%,59.40/ml,https://www.rappi.com.co/search?query=cerveza,Tienda Rappi: Oxxo (Oxxo Super) | Zona: Chicó / Chapinero / Zona Rosa
900434592_2126759364,Cerveza Artesanal Rosada Lata 3cordilleras,Cerveza,Oxxo,Cerveza,Alcohol,N/A,269 ML,4500,4500,0%,16.73/ml,https://www.rappi.com.co/search?query=cerveza,Tienda Rappi: Oxxo (Oxxo Super) | Zona: Chicó / Chapinero / Zona Rosa
900434592_2121201178,Redd's Cerveza en Lata 269 ml,Redd's,Oxxo,Cerveza,Alcohol,N/A,269 ML,4200,4200,0%,15.62/ml,https://www.rappi.com.co/search?query=cerveza,Tienda Rappi: Oxxo (Oxxo Super) | Zona: Chicó / Chapinero / Zona Rosa
900434592_2126806912,Cerveza Mitica Bnr300 X6 Liger,Cerveza,Oxxo,Cerveza,Alcohol,N/A,1 UND,23200,23200,0%,23200/und,https://www.rappi.com.co/search?query=cerveza,Tienda Rappi: Oxxo (Oxxo Super) | Zona: Chicó / Chapinero / Zona Rosa
900434592_2126329114,Michelob Ultra Nrb 330 X6,Michelob,Oxxo,Cerveza,Alcohol,N/A,330 ML,22900,22900,0%,69.40/ml,https://www.rappi.com.co/search?query=cerveza,Tienda Rappi: Oxxo (Oxxo Super) | Zona: Chicó / Chapinero / Zona Rosa
900423958_2120316277,Budweiser Cerveza Lager Americana en Lata,Budweiser,Jumbo,Cerveza,Alcohol,N/A,269 ML,17500,17500,0%,65.06/ml,https://www.rappi.com.co/search?query=cerveza,Tienda Rappi: Jumbo (Jumbo Mt Mascotas) | Zona: Chicó / Chapinero / Zona Rosa
900423958_2121105340,Club Colombia Cerveza Dorada En Lata 330 ML X6 Unds,Club Colombia,Jumbo,Cerveza,Alcohol,N/A,330 ML,23400,23400,0%,70.91/ml,https://www.rappi.com.co/search?query=cerveza,Tienda Rappi: Jumbo (Jumbo Mt Mascotas) | Zona: Chicó / Chapinero / Zona Rosa
900423958_2124717589,Cerveza Michelob Ultra Lata 269ml X6,Michelob,Jumbo,Cerveza,Alcohol,N/A,269 ML,16490,16490,0%,61.31/ml,https://www.rappi.com.co/search?query=cerveza,Tienda Rappi: Jumbo (Jumbo Mt Mascotas) | Zona: Chicó / Chapinero / Zona Rosa
900423958_2124705464,Cerveza 3 Cordilleras Rosada 269 mL x 6 Und,Cerveza,Jumbo,Cerveza,Alcohol,N/A,269 ML,23490,23490,0%,87.33/ml,https://www.rappi.com.co/search?query=cerveza,Tienda Rappi: Jumbo (Jumbo Mt Mascotas) | Zona: Chicó / Chapinero / Zona Rosa
900423958_2120279825,Budweiser Cerveza,Budweiser,Jumbo,Cerveza,Alcohol,N/A,269 ML,3190,3190,0%,11.86/ml,https://www.rappi.com.co/search?query=cerveza,Tienda Rappi: Jumbo (Jumbo Mt Mascotas) | Zona: Chicó / Chapinero / Zona Rosa
900423958_2124748565,Cerveza 3 Cordilleras Mestiza Bnr 300 mL 4 Pack,Cerveza,Jumbo,Cerveza,Alcohol,N/A,4.8 L,21390,21390,0%,4.46/ml,https://www.rappi.com.co/search?query=cerveza,Tienda Rappi: Jumbo (Jumbo Mt Mascotas) | Zona: Chicó / Chapinero / Zona Rosa
900423958_2124719083,Heineken Cerveza 310 mL x 6 Und,Heineken,Jumbo,Cerveza,Alcohol,N/A,310 ML,21900,21900,0%,70.65/ml,https://www.rappi.com.co/search?query=cerveza,Tienda Rappi: Jumbo (Jumbo Mt Mascotas) | Zona: Chicó / Chapinero / Zona Rosa
900423958_2125174112,Sol Cerveza Bnr 330 mL x 6 Und,Sol,Jumbo,Cerveza,Alcohol,N/A,330 ML,25200,25200,0%,76.37/ml,https://www.rappi.com.co/search?query=cerveza,Tienda Rappi: Jumbo (Jumbo Mt Mascotas) | Zona: Chicó / Chapinero / Zona Rosa
900423958_2124748432,Central Pack Cerveza 330 mL x 6 Und,Central,Jumbo,Cerveza,Alcohol,N/A,330 ML,11500,11500,0%,34.85/ml,https://www.rappi.com.co/search?query=cerveza,Tienda Rappi: Jumbo (Jumbo Mt Mascotas) | Zona: Chicó / Chapinero / Zona Rosa
900423958_2124963165,Corona Cerveza 0.0,Corona,Jumbo,Cerveza,Alcohol,N/A,269 ML,17790,17790,0%,66.14/ml,https://www.rappi.com.co/search?query=cerveza,Tienda Rappi: Jumbo (Jumbo Mt Mascotas) | Zona: Chicó / Chapinero / Zona Rosa
900101308_2124747127,Budweiser Cerveza Lager Americana en Lata,Budweiser,Licores JR,Cerveza,Alcohol,N/A,269 ML,15900,15900,0%,59.11/ml,https://www.rappi.com.co/search?query=cerveza,Tienda Rappi: Licores JR (Grupo Giraldo Home) | Zona: Chicó / Chapinero / Zona Rosa
900101308_2124747128,Club Colombia Cerveza Dorada En Lata 330 ML X6 Unds,Club Colombia,Licores JR,Cerveza,Alcohol,N/A,330 ML,21000,21000,0%,63.64/ml,https://www.rappi.com.co/search?query=cerveza,Tienda Rappi: Licores JR (Grupo Giraldo Home) | Zona: Chicó / Chapinero / Zona Rosa
900101308_2124683966,Club Colombia Cerveza Roja 330 mL,Club Colombia,Licores JR,Cerveza,Alcohol,N/A,330 ML,3500,3500,0%,10.61/ml,https://www.rappi.com.co/search?query=cerveza,Tienda Rappi: Licores JR (Grupo Giraldo Home) | Zona: Chicó / Chapinero / Zona Rosa
900101308_2122241067,Budweiser Cerveza,Budweiser,Licores JR,Cerveza,Alcohol,N/A,269 ML,2650,2650,0%,9.86/ml,https://www.rappi.com.co/search?query=cerveza,Tienda Rappi: Licores JR (Grupo Giraldo Home) | Zona: Chicó / Chapinero / Zona Rosa
900101308_2121331791,Club Colombia Cerveza330 Ml,Club Colombia,Licores JR,Cerveza,Alcohol,N/A,330 ML,3500,3500,0%,10.61/ml,https://www.rappi.com.co/search?query=cerveza,Tienda Rappi: Licores JR (Grupo Giraldo Home) | Zona: Chicó / Chapinero / Zona Rosa
900101308_2124683961,Redd's Cerveza en Lata 269 ml,Redd's,Licores JR,Cerveza,Alcohol,N/A,269 ML,3550,3550,0%,13.20/ml,https://www.rappi.com.co/search?query=cerveza,Tienda Rappi: Licores JR (Grupo Giraldo Home) | Zona: Chicó / Chapinero / Zona Rosa
900386942_2091667933,Club Colombia Cerveza Dorada En Lata 330 ML X6 Unds,Club Colombia,La Rebaja,Cerveza,Alcohol,N/A,330 ML,22800,22800,0%,69.10/ml,https://www.rappi.com.co/search?query=cerveza,Tienda Rappi: La Rebaja (Drogueria La Rebaja Farma Bebes) | Zona: Chicó / Chapinero / Zona Rosa
900386942_2093447280,Poker Cerveza Lager en Lata,Poker,La Rebaja,Cerveza,Alcohol,N/A,330 ML,21000,21000,0%,63.64/ml,https://www.rappi.com.co/search?query=cerveza,Tienda Rappi: La Rebaja (Drogueria La Rebaja Farma Bebes) | Zona: Chicó / Chapinero / Zona Rosa
900386942_2091668592,Corona Sixpack Cerveza Extra,Corona,La Rebaja,Cerveza,Alcohol,N/A,355 ML,27700,27700,0%,78.03/ml,https://www.rappi.com.co/search?query=cerveza,Tienda Rappi: La Rebaja (Drogueria La Rebaja Farma Bebes) | Zona: Chicó / Chapinero / Zona Rosa
900489869_2093395473,Coronita Extra Cerveza Lager,Coronita,Turbo,Corona,Alcohol,N/A,210 ML,20200,20200,0%,96.19/ml,https://www.rappi.com.co/search?query=corona,Tienda Rappi: Turbo (Turbo Panini Ya) | Zona: Chicó / Chapinero / Zona Rosa
900489869_2123196020,Corona Cerveza Cero,Corona,Turbo,Corona,Alcohol,N/A,330 ML,26700,22695,15%,68.78/ml,https://www.rappi.com.co/search?query=corona,Tienda Rappi: Turbo (Turbo Panini Ya) | Zona: Chicó / Chapinero / Zona Rosa
900489869_2125070016,Corona Cerveza 0.0,Corona,Turbo,Corona,Alcohol,N/A,269 ML,19100,16235,15%,60.36/ml,https://www.rappi.com.co/search?query=corona,Tienda Rappi: Turbo (Turbo Panini Ya) | Zona: Chicó / Chapinero / Zona Rosa
900489869_2121062265,Costeña Bacana Cerveza,Costeña,Turbo,Corona,Alcohol,N/A,330 ML,19800,19800,0%,60/ml,https://www.rappi.com.co/search?query=corona,Tienda Rappi: Turbo (Turbo Panini Ya) | Zona: Chicó / Chapinero / Zona Rosa
900489869_2121235632,Bitburger Cerveza Premium,Bitburger,Turbo,Corona,Alcohol,N/A,500 ML,11200,11200,0%,22.40/ml,https://www.rappi.com.co/search?query=corona,Tienda Rappi: Turbo (Turbo Panini Ya) | Zona: Chicó / Chapinero / Zona Rosa
900423958_2124226154,Corona Cerveza Extra en Botella,Corona,Jumbo,Corona,Alcohol,N/A,330 ML,27000,19890,26%,60.28/ml,https://www.rappi.com.co/search?query=corona,Tienda Rappi: Jumbo (Jumbo Mt Mascotas) | Zona: Chicó / Chapinero / Zona Rosa
900423958_2119697168,Corona Cerveza Extra En Lata,Corona,Jumbo,Corona,Alcohol,N/A,269 ML,21550,21550,0%,80.12/ml,https://www.rappi.com.co/search?query=corona,Tienda Rappi: Jumbo (Jumbo Mt Mascotas) | Zona: Chicó / Chapinero / Zona Rosa
900423958_2119714748,Coronita Extra Cerveza Lager,Coronita,Jumbo,Corona,Alcohol,N/A,210 ML,21000,21000,0%,100/ml,https://www.rappi.com.co/search?query=corona,Tienda Rappi: Jumbo (Jumbo Mt Mascotas) | Zona: Chicó / Chapinero / Zona Rosa
900101308_2124747125,Corona Cerveza Extra en Botella,Corona,Licores JR,Corona,Alcohol,N/A,330 ML,27000,27000,0%,81.82/ml,https://www.rappi.com.co/search?query=corona,Tienda Rappi: Licores JR (Grupo Giraldo Home) | Zona: Chicó / Chapinero / Zona Rosa
900101308_2122972091,Corona Cerveza,Corona,Licores JR,Corona,Alcohol,N/A,330 ML,4500,4500,0%,13.64/ml,https://www.rappi.com.co/search?query=corona,Tienda Rappi: Licores JR (Grupo Giraldo Home) | Zona: Chicó / Chapinero / Zona Rosa
900101308_2124747126,Coronita Extra Cerveza Lager,Coronita,Licores JR,Corona,Alcohol,N/A,210 ML,20700,20700,0%,98.58/ml,https://www.rappi.com.co/search?query=corona,Tienda Rappi: Licores JR (Grupo Giraldo Home) | Zona: Chicó / Chapinero / Zona Rosa
900101308_2124439186,Coronita Cerveza Rubia Extra,Coronita,Licores JR,Corona,Alcohol,N/A,210 ML,3450,3450,0%,16.43/ml,https://www.rappi.com.co/search?query=corona,Tienda Rappi: Licores JR (Grupo Giraldo Home) | Zona: Chicó / Chapinero / Zona Rosa
900434592_2121781752,Corona Cerveza Extra en Botella,Corona,Oxxo,Corona,Alcohol,N/A,330 ML,29950,29950,0%,90.76/ml,https://www.rappi.com.co/search?query=corona,Tienda Rappi: Oxxo (Oxxo Super) | Zona: Chicó / Chapinero / Zona Rosa
900434592_2120596767,Coronita Cerveza Rubia Extra,Coronita,Oxxo,Corona,Alcohol,N/A,210 ML,4600,4600,0%,21.91/ml,https://www.rappi.com.co/search?query=corona,Tienda Rappi: Oxxo (Oxxo Super) | Zona: Chicó / Chapinero / Zona Rosa
900487584_2125948475,Corona Cerveza Extra en Botella,Corona,Licores La Ventana Dcolors,Corona,Alcohol,N/A,330 ML,42000,42000,0%,127.28/ml,https://www.rappi.com.co/search?query=corona,Tienda Rappi: Licores La Ventana Dcolors (Colors) | Zona: Chicó / Chapinero / Zona Rosa
900487584_2125948478,Corona Cerveza Extra,Corona,Licores La Ventana Dcolors,Corona,Alcohol,N/A,330 ML,7800,7800,0%,23.64/ml,https://www.rappi.com.co/search?query=corona,Tienda Rappi: Licores La Ventana Dcolors (Colors) | Zona: Chicó / Chapinero / Zona Rosa
900489869_2124851782,Combo Club Colombia Cerveza Dorada + Monte Rojo Chicharrón,Club Colombia,Turbo,Club colombia,Alcohol,N/A,1 COMBO,37900,37900,0%,37900/combo,https://www.rappi.com.co/search?query=club%20colombia,Tienda Rappi: Turbo (Turbo Panini Ya) | Zona: Chicó / Chapinero / Zona Rosa
900489869_2126330228,Combo Tozinetas Fred 100 g + Club Colombia Cerveza Dorada 6 Und,Club Colombia,Turbo,Club colombia,Alcohol,N/A,1 COMBO,26600,26600,0%,26600/combo,https://www.rappi.com.co/search?query=club%20colombia,Tienda Rappi: Turbo (Turbo Panini Ya) | Zona: Chicó / Chapinero / Zona Rosa
900101308_2124683970,Club Colombia Cerveza Dorada,Club Colombia,Licores JR,Club colombia,Alcohol,N/A,330 ML,3500,3500,0%,10.61/ml,https://www.rappi.com.co/search?query=club%20colombia,Tienda Rappi: Licores JR (Grupo Giraldo Home) | Zona: Chicó / Chapinero / Zona Rosa
900423958_2124705193,Club Colombia Cerveza Trigo,Club Colombia,Jumbo,Club colombia,Alcohol,N/A,330 ML,23990,23990,0%,72.70/ml,https://www.rappi.com.co/search?query=club%20colombia,Tienda Rappi: Jumbo (Jumbo Mt Mascotas) | Zona: Chicó / Chapinero / Zona Rosa
900423958_2120179436,Club Colombia Cerveza Roja,Club Colombia,Jumbo,Club colombia,Alcohol,N/A,330 ML,23400,23400,0%,70.91/ml,https://www.rappi.com.co/search?query=club%20colombia,Tienda Rappi: Jumbo (Jumbo Mt Mascotas) | Zona: Chicó / Chapinero / Zona Rosa
900423958_2124721848,Club Colombia Pack Cerveza,Club Colombia,Jumbo,Club colombia,Alcohol,N/A,473 ML,29400,29400,0%,62.16/ml,https://www.rappi.com.co/search?query=club%20colombia,Tienda Rappi: Jumbo (Jumbo Mt Mascotas) | Zona: Chicó / Chapinero / Zona Rosa
900446419_2126138105,Club Colombia Cerveza Dorada En Lata 330 ML X6 Unds,Club Colombia,Licores LR Salomia,Club colombia,Alcohol,N/A,330 ML,34750,34750,0%,105.31/ml,https://www.rappi.com.co/search?query=club%20colombia,Tienda Rappi: Licores LR Salomia (Licores LR) | Zona: Chicó / Chapinero / Zona Rosa
900446419_2126370237,Club Colombia Cerveza,Club Colombia,Licores LR Salomia,Club colombia,Alcohol,N/A,473 ML,6150,6150,0%,13.01/ml,https://www.rappi.com.co/search?query=club%20colombia,Tienda Rappi: Licores LR Salomia (Licores LR) | Zona: Chicó / Chapinero / Zona Rosa
900165860_2093608567,Aguila Cerveza Original Pack Lata,Aguila,Turbo,Aguila,Alcohol,N/A,330 ML,22300,22300,0%,67.58/ml,https://www.rappi.com.co/search?query=aguila,Tienda Rappi: Turbo (Turbo Fresh) | Zona: Chicó / Chapinero / Zona Rosa
900165860_2124600403,Cerveza Aguila Original - Lata 330ml x 12,Aguila,Turbo,Aguila,Alcohol,N/A,3.96 L,38500,38500,0%,9.73/ml,https://www.rappi.com.co/search?query=aguila,Tienda Rappi: Turbo (Turbo Fresh) | Zona: Chicó / Chapinero / Zona Rosa
900165860_2121155204,Aguila Cerveza Light,Aguila,Turbo,Aguila,Alcohol,N/A,330 ML,21900,21900,0%,66.37/ml,https://www.rappi.com.co/search?query=aguila,Tienda Rappi: Turbo (Turbo Fresh) | Zona: Chicó / Chapinero / Zona Rosa
900165860_2126484883,Combo Manitoba Mix Original + Aguila Cerveza Lata 6 Und,Aguila,Turbo,Aguila,Alcohol,N/A,1 COMBO,37000,37000,0%,37000/combo,https://www.rappi.com.co/search?query=aguila,Tienda Rappi: Turbo (Turbo Fresh) | Zona: Chicó / Chapinero / Zona Rosa
900165860_2126824837,Combo Aguila Cerveza Original Pack + Pa Mi Gente Achiras Pack,Aguila,Turbo,Aguila,Alcohol,N/A,1 COMBO,42500,42500,0%,42500/combo,https://www.rappi.com.co/search?query=aguila,Tienda Rappi: Turbo (Turbo Fresh) | Zona: Chicó / Chapinero / Zona Rosa
900165860_2126631615,Combo Aguila Cerveza 12 Und + Aguila Mani La Especial,Aguila,Turbo,Aguila,Alcohol,N/A,1 COMBO,55000,55000,0%,55000/combo,https://www.rappi.com.co/search?query=aguila,Tienda Rappi: Turbo (Turbo Fresh) | Zona: Chicó / Chapinero / Zona Rosa
900165860_2126824836,Combo Aguila Cerveza Original Pack + Multipack Rosquitas,Aguila,Turbo,Aguila,Alcohol,N/A,1 COMBO,35600,35600,0%,35600/combo,https://www.rappi.com.co/search?query=aguila,Tienda Rappi: Turbo (Turbo Fresh) | Zona: Chicó / Chapinero / Zona Rosa
900165860_2126631613,Combo Aguila Cerveza Original 12 Und + Aguila Mani La Especial,Aguila,Turbo,Aguila,Alcohol,N/A,1 COMBO,48900,48900,0%,48900/combo,https://www.rappi.com.co/search?query=aguila,Tienda Rappi: Turbo (Turbo Fresh) | Zona: Chicó / Chapinero / Zona Rosa
900165860_2126484886,Combo Manitoba Maní Chile Limón + Aguila Cerveza Lata 6 Und,Aguila,Turbo,Aguila,Alcohol,N/A,1 COMBO,33700,33700,0%,33700/combo,https://www.rappi.com.co/search?query=aguila,Tienda Rappi: Turbo (Turbo Fresh) | Zona: Chicó / Chapinero / Zona Rosa
900165860_2126824835,Combo Aguila Cerveza Original Pack + Pa Mi Gente Pandebonos,Aguila,Turbo,Aguila,Alcohol,N/A,1 COMBO,43100,43100,0%,43100/combo,https://www.rappi.com.co/search?query=aguila,Tienda Rappi: Turbo (Turbo Fresh) | Zona: Chicó / Chapinero / Zona Rosa
900165860_2121155276,Águila Cerveza Sin Alcohol,Águila,Turbo,Aguila,Alcohol,N/A,330 ML,10900,10900,0%,33.03/ml,https://www.rappi.com.co/search?query=aguila,Tienda Rappi: Turbo (Turbo Fresh) | Zona: Chicó / Chapinero / Zona Rosa
900165860_2121155250,Budweiser Cerveza Lager Americana en Lata,Budweiser,Turbo,Aguila,Alcohol,N/A,269 ML,17900,17900,0%,66.55/ml,https://www.rappi.com.co/search?query=aguila,Tienda Rappi: Turbo (Turbo Fresh) | Zona: Chicó / Chapinero / Zona Rosa
900165860_2121155244,Club Colombia Cerveza Dorada En Lata 330 ML X6 Unds,Club Colombia,Turbo,Aguila,Alcohol,N/A,330 ML,20700,20700,0%,62.73/ml,https://www.rappi.com.co/search?query=aguila,Tienda Rappi: Turbo (Turbo Fresh) | Zona: Chicó / Chapinero / Zona Rosa
900165860_2124753875,Cerveza 3 Cordilleras Mestiza Bnr 300 mL 4 Pack,Cerveza,Turbo,Aguila,Alcohol,N/A,4.8 L,22500,22500,0%,4.69/ml,https://www.rappi.com.co/search?query=aguila,Tienda Rappi: Turbo (Turbo Fresh) | Zona: Chicó / Chapinero / Zona Rosa
900165860_2124755089,Cerveza 3 Cordilleras Mulata Bnr 300 mL 4 Pack,Cerveza,Turbo,Aguila,Alcohol,N/A,300 ML,22500,22500,0%,75/ml,https://www.rappi.com.co/search?query=aguila,Tienda Rappi: Turbo (Turbo Fresh) | Zona: Chicó / Chapinero / Zona Rosa
900165860_2124754981,Cerveza 3 Cordilleras Blanca Bnr 300 mL 4 Pack,Cerveza,Turbo,Aguila,Alcohol,N/A,300 ML,22600,22600,0%,75.34/ml,https://www.rappi.com.co/search?query=aguila,Tienda Rappi: Turbo (Turbo Fresh) | Zona: Chicó / Chapinero / Zona Rosa
900101308_2124747129,Aguila Cerveza Original Pack Lata,Aguila,Licores JR,Aguila,Alcohol,N/A,330 ML,21000,21000,0%,63.64/ml,https://www.rappi.com.co/search?query=aguila,Tienda Rappi: Licores JR (Grupo Giraldo Home) | Zona: Chicó / Chapinero / Zona Rosa
900101308_2122241070,Aguila Light Pack Cerveza,Aguila,Licores JR,Aguila,Alcohol,N/A,330 ML,3500,3500,0%,10.61/ml,https://www.rappi.com.co/search?query=aguila,Tienda Rappi: Licores JR (Grupo Giraldo Home) | Zona: Chicó / Chapinero / Zona Rosa
900101308_2125135947,Águila Cerveza Original,Águila,Licores JR,Aguila,Alcohol,N/A,330 ML,3500,3500,0%,10.61/ml,https://www.rappi.com.co/search?query=aguila,Tienda Rappi: Licores JR (Grupo Giraldo Home) | Zona: Chicó / Chapinero / Zona Rosa
900101308_2124683968,Aguila Licor Cerveza.,Aguila,Licores JR,Aguila,Alcohol,N/A,473 ML,4100,4100,0%,8.67/ml,https://www.rappi.com.co/search?query=aguila,Tienda Rappi: Licores JR (Grupo Giraldo Home) | Zona: Chicó / Chapinero / Zona Rosa
900423958_2121357638,Aguila Cerveza Original Pack Lata,Aguila,Jumbo,Aguila,Alcohol,N/A,330 ML,21600,21600,0%,65.46/ml,https://www.rappi.com.co/search?query=aguila,Tienda Rappi: Jumbo (Jumbo Mt Mascotas) | Zona: Chicó / Chapinero / Zona Rosa
900423958_2121463269,Águila Cerveza Original,Águila,Jumbo,Aguila,Alcohol,N/A,330 ML,3490,3490,0%,10.58/ml,https://www.rappi.com.co/search?query=aguila,Tienda Rappi: Jumbo (Jumbo Mt Mascotas) | Zona: Chicó / Chapinero / Zona Rosa
900423958_2124837886,Águila Cerveza Can,Águila,Jumbo,Aguila,Alcohol,N/A,269 ML,14990,14990,0%,55.73/ml,https://www.rappi.com.co/search?query=aguila,Tienda Rappi: Jumbo (Jumbo Mt Mascotas) | Zona: Chicó / Chapinero / Zona Rosa
900423958_2121708932,Aguila Cerveza Light,Aguila,Jumbo,Aguila,Alcohol,N/A,330 ML,21600,21600,0%,65.46/ml,https://www.rappi.com.co/search?query=aguila,Tienda Rappi: Jumbo (Jumbo Mt Mascotas) | Zona: Chicó / Chapinero / Zona Rosa
900423958_2120491078,Águila Cerveza Sin Alcohol,Águila,Jumbo,Aguila,Alcohol,N/A,330 ML,10490,10490,0%,31.79/ml,https://www.rappi.com.co/search?query=aguila,Tienda Rappi: Jumbo (Jumbo Mt Mascotas) | Zona: Chicó / Chapinero / Zona Rosa
900434592_2120596659,Aguila Light Pack Cerveza,Aguila,Oxxo,Aguila,Alcohol,N/A,330 ML,3900,3900,0%,11.82/ml,https://www.rappi.com.co/search?query=aguila,Tienda Rappi: Oxxo (Oxxo Super) | Zona: Chicó / Chapinero / Zona Rosa
900434592_2123965147,Águila Cerveza Can,Águila,Oxxo,Aguila,Alcohol,N/A,269 ML,17900,17900,0%,66.55/ml,https://www.rappi.com.co/search?query=aguila,Tienda Rappi: Oxxo (Oxxo Super) | Zona: Chicó / Chapinero / Zona Rosa
900434592_2121201145,Aguila Cerveza Light,Aguila,Oxxo,Aguila,Alcohol,N/A,330 ML,24000,24000,0%,72.73/ml,https://www.rappi.com.co/search?query=aguila,Tienda Rappi: Oxxo (Oxxo Super) | Zona: Chicó / Chapinero / Zona Rosa
900238200_2093762199,Aguila Cerveza Original Pack Lata,Aguila,Farmatodo,Aguila,Alcohol,N/A,330 ML,21600,21600,0%,65.46/ml,https://www.rappi.com.co/search?query=aguila,Tienda Rappi: Farmatodo | Zona: Chicó / Chapinero / Zona Rosa
900489869_2093601731,Poker Cerveza Lager en Lata,Poker,Turbo,Poker,Alcohol,N/A,330 ML,22300,22300,0%,67.58/ml,https://www.rappi.com.co/search?query=poker,Tienda Rappi: Turbo (Turbo Panini Ya) | Zona: Chicó / Chapinero / Zona Rosa
900489869_2124754981,Cerveza 3 Cordilleras Blanca Bnr 300 mL 4 Pack,Cerveza,Turbo,Poker,Alcohol,N/A,300 ML,22600,22600,0%,75.34/ml,https://www.rappi.com.co/search?query=poker,Tienda Rappi: Turbo (Turbo Panini Ya) | Zona: Chicó / Chapinero / Zona Rosa
900489869_2121771085,Cerveza Paulaner (500 Ml),Cerveza,Turbo,Poker,Alcohol,N/A,500 ML,19400,19400,0%,38.80/ml,https://www.rappi.com.co/search?query=poker,Tienda Rappi: Turbo (Turbo Panini Ya) | Zona: Chicó / Chapinero / Zona Rosa
900386942_2091667347,Poker Cerveza Pack en Lata,Poker,La Rebaja,Poker,Alcohol,N/A,2.838 L,25800,25800,0%,9.10/ml,https://www.rappi.com.co/search?query=poker,Tienda Rappi: La Rebaja (Drogueria La Rebaja Farma Bebes) | Zona: Chicó / Chapinero / Zona Rosa
900101308_2124747124,Poker Cerveza Lager en Lata,Poker,Licores JR,Poker,Alcohol,N/A,330 ML,21000,21000,0%,63.64/ml,https://www.rappi.com.co/search?query=poker,Tienda Rappi: Licores JR (Grupo Giraldo Home) | Zona: Chicó / Chapinero / Zona Rosa
900101308_2124683971,Poker Cerveza Tipo Lager,Poker,Licores JR,Poker,Alcohol,N/A,473 ML,3750,3750,0%,7.93/ml,https://www.rappi.com.co/search?query=poker,Tienda Rappi: Licores JR (Grupo Giraldo Home) | Zona: Chicó / Chapinero / Zona Rosa
900101308_2121331800,Poker Pack Cerveza,Poker,Licores JR,Poker,Alcohol,N/A,330 ML,3500,3500,0%,10.61/ml,https://www.rappi.com.co/search?query=poker,Tienda Rappi: Licores JR (Grupo Giraldo Home) | Zona: Chicó / Chapinero / Zona Rosa
900479515_2126298635,Poker Cerveza 330 mL x 12 Und,Poker,LICORES EL BORRACHITO,Poker,Alcohol,N/A,330 ML,52000,52000,0%,157.58/ml,https://www.rappi.com.co/search?query=poker,Tienda Rappi: LICORES EL BORRACHITO | Zona: Chicó / Chapinero / Zona Rosa
900479515_2126164184,Poker Pack Cerveza,Poker,LICORES EL BORRACHITO,Poker,Alcohol,N/A,330 ML,4500,4500,0%,13.64/ml,https://www.rappi.com.co/search?query=poker,Tienda Rappi: LICORES EL BORRACHITO | Zona: Chicó / Chapinero / Zona Rosa
900434592_2120597436,Poker Cerveza Lager en Lata,Poker,Oxxo,Poker,Alcohol,N/A,330 ML,22000,22000,0%,66.67/ml,https://www.rappi.com.co/search?query=poker,Tienda Rappi: Oxxo (Oxxo Super) | Zona: Chicó / Chapinero / Zona Rosa
900434592_2120597121,Poker Pack Cerveza,Poker,Oxxo,Poker,Alcohol,N/A,330 ML,3900,3900,0%,11.82/ml,https://www.rappi.com.co/search?query=poker,Tienda Rappi: Oxxo (Oxxo Super) | Zona: Chicó / Chapinero / Zona Rosa
900165860_2122987997,Corona Cerveza Extra en Botella,Corona,Turbo,Costeña,Alcohol,N/A,330 ML,28700,25830,10%,78.28/ml,https://www.rappi.com.co/search?query=coste%C3%B1a,Tienda Rappi: Turbo (Turbo Fresh) | Zona: Chicó / Chapinero / Zona Rosa
900165860_2093395473,Coronita Extra Cerveza Lager,Coronita,Turbo,Costeña,Alcohol,N/A,210 ML,20200,20200,0%,96.19/ml,https://www.rappi.com.co/search?query=coste%C3%B1a,Tienda Rappi: Turbo (Turbo Fresh) | Zona: Chicó / Chapinero / Zona Rosa
900165860_2121062265,Costeña Bacana Cerveza,Costeña,Turbo,Costeña,Alcohol,N/A,330 ML,19800,19800,0%,60/ml,https://www.rappi.com.co/search?query=coste%C3%B1a,Tienda Rappi: Turbo (Turbo Fresh) | Zona: Chicó / Chapinero / Zona Rosa
900165860_2126821531,Club Colombia Pack Cerveza,Club Colombia,Turbo,Costeña,Alcohol,N/A,473 ML,31200,31200,0%,65.97/ml,https://www.rappi.com.co/search?query=coste%C3%B1a,Tienda Rappi: Turbo (Turbo Fresh) | Zona: Chicó / Chapinero / Zona Rosa
900479515_2126298636,Costeña Pack de Cerveza,Costeña,LICORES EL BORRACHITO,Costeña,Alcohol,N/A,310 ML,14000,14000,0%,45.17/ml,https://www.rappi.com.co/search?query=coste%C3%B1a,Tienda Rappi: LICORES EL BORRACHITO | Zona: Chicó / Chapinero / Zona Rosa
900273513_2122313176,Costeña Pack Cerveza Bacana,Costeña,Cristal Palace,Costeña,Alcohol,N/A,330 ML,5500,5500,0%,16.67/ml,https://www.rappi.com.co/search?query=coste%C3%B1a,Tienda Rappi: Cristal Palace (Licores Cristal Palace) | Zona: Chicó / Chapinero / Zona Rosa
900165860_2093601731,Poker Cerveza Lager en Lata,Poker,Turbo,Pilsen,Alcohol,N/A,330 ML,22300,22300,0%,67.58/ml,https://www.rappi.com.co/search?query=pilsen,Tienda Rappi: Turbo (Turbo Fresh) | Zona: Chicó / Chapinero / Zona Rosa
900165860_2119964008,Stella Artois Cerveza en Lata,Stella Artois,Turbo,Pilsen,Alcohol,N/A,269 ML,22600,20340,10%,75.62/ml,https://www.rappi.com.co/search?query=pilsen,Tienda Rappi: Turbo (Turbo Fresh) | Zona: Chicó / Chapinero / Zona Rosa
900165860_2121770943,Weidmann Cerveza Super Strong en Lata,Weidmann,Turbo,Pilsen,Alcohol,N/A,500 ML,15400,15400,0%,30.80/ml,https://www.rappi.com.co/search?query=pilsen,Tienda Rappi: Turbo (Turbo Fresh) | Zona: Chicó / Chapinero / Zona Rosa
900417176_2126586593,Cerveza Corona 330ml Six Pack,Corona,ROSA MORENA PAPELERIA FIESTAS Y VARIEDADES,Pilsen,Alcohol,N/A,330 ML,67500,67500,0%,204.55/ml,https://www.rappi.com.co/search?query=pilsen,Tienda Rappi: ROSA MORENA PAPELERIA FIESTAS Y VARIEDADES | Zona: Chicó / Chapinero / Zona Rosa
900417176_2126586627,Cerveza Corona 330ml Unidad,Corona,ROSA MORENA PAPELERIA FIESTAS Y VARIEDADES,Pilsen,Alcohol,N/A,330 ML,13000,13000,0%,39.40/ml,https://www.rappi.com.co/search?query=pilsen,Tienda Rappi: ROSA MORENA PAPELERIA FIESTAS Y VARIEDADES | Zona: Chicó / Chapinero / Zona Rosa
900417176_2126586296,Cerveza Coronita 210ml Six Pack,Cerveza,ROSA MORENA PAPELERIA FIESTAS Y VARIEDADES,Pilsen,Alcohol,N/A,210 ML,64800,64800,0%,308.58/ml,https://www.rappi.com.co/search?query=pilsen,Tienda Rappi: ROSA MORENA PAPELERIA FIESTAS Y VARIEDADES | Zona: Chicó / Chapinero / Zona Rosa
900417176_2126586336,Cerveza Coronita 210ml Unidad,Cerveza,ROSA MORENA PAPELERIA FIESTAS Y VARIEDADES,Pilsen,Alcohol,N/A,210 ML,12000,12000,0%,57.15/ml,https://www.rappi.com.co/search?query=pilsen,Tienda Rappi: ROSA MORENA PAPELERIA FIESTAS Y VARIEDADES | Zona: Chicó / Chapinero / Zona Rosa
900480425_2126586624,Cerveza Corona 330ml Six Pack,Corona,PAPER WORLD,Pilsen,Alcohol,N/A,330 ML,67500,67500,0%,204.55/ml,https://www.rappi.com.co/search?query=pilsen,Tienda Rappi: PAPER WORLD | Zona: Chicó / Chapinero / Zona Rosa
900480425_2126586641,Cerveza Corona 330ml Unidad,Corona,PAPER WORLD,Pilsen,Alcohol,N/A,330 ML,13000,13000,0%,39.40/ml,https://www.rappi.com.co/search?query=pilsen,Tienda Rappi: PAPER WORLD | Zona: Chicó / Chapinero / Zona Rosa
900480425_2126586327,Cerveza Coronita 210ml Six Pack,Cerveza,PAPER WORLD,Pilsen,Alcohol,N/A,210 ML,64800,64800,0%,308.58/ml,https://www.rappi.com.co/search?query=pilsen,Tienda Rappi: PAPER WORLD | Zona: Chicó / Chapinero / Zona Rosa
900480425_2126586350,Cerveza Coronita 210ml Unidad,Cerveza,PAPER WORLD,Pilsen,Alcohol,N/A,210 ML,12000,12000,0%,57.15/ml,https://www.rappi.com.co/search?query=pilsen,Tienda Rappi: PAPER WORLD | Zona: Chicó / Chapinero / Zona Rosa
900489869_2125406556,Andina Refajo con Manzana 310Ml x 6Und,Andina,Turbo,Andina,Alcohol,N/A,310 ML,13700,13700,0%,44.20/ml,https://www.rappi.com.co/search?query=andina,Tienda Rappi: Turbo (Turbo Panini Ya) | Zona: Chicó / Chapinero / Zona Rosa
900489869_2120782751,Stella Artois Pack Cerveza 6 x 300 mL,Stella Artois,Turbo,Andina,Alcohol,N/A,300 ML,27400,27400,0%,91.34/ml,https://www.rappi.com.co/search?query=andina,Tienda Rappi: Turbo (Turbo Panini Ya) | Zona: Chicó / Chapinero / Zona Rosa
900489869_2124840644,Redds Rosé Pack Cerveza 6 x 269 mL,Redds,Turbo,Andina,Alcohol,N/A,269 ML,23600,23600,0%,87.74/ml,https://www.rappi.com.co/search?query=andina,Tienda Rappi: Turbo (Turbo Panini Ya) | Zona: Chicó / Chapinero / Zona Rosa
900489869_2123819076,Cusqueña Cerveza Dorada,Cusqueña,Turbo,Andina,Alcohol,N/A,330 ML,32400,27540,15%,83.46/ml,https://www.rappi.com.co/search?query=andina,Tienda Rappi: Turbo (Turbo Panini Ya) | Zona: Chicó / Chapinero / Zona Rosa
900489869_2119964008,Stella Artois Cerveza en Lata,Stella Artois,Turbo,Stella artois,Alcohol,N/A,269 ML,22600,20340,10%,75.62/ml,https://www.rappi.com.co/search?query=stella%20artois,Tienda Rappi: Turbo (Turbo Panini Ya) | Zona: Chicó / Chapinero / Zona Rosa
900489869_2126010937,Combo Stella Artois Cerveza 6 Und + De Todito Snack Bbq 165 g,Stella Artois,Turbo,Stella artois,Alcohol,N/A,1 COMBO,37600,37600,0%,37600/combo,https://www.rappi.com.co/search?query=stella%20artois,Tienda Rappi: Turbo (Turbo Panini Ya) | Zona: Chicó / Chapinero / Zona Rosa
900434592_2120126811,Stella Artois Pack Cerveza 6 x 300 mL,Stella Artois,Oxxo,Stella artois,Alcohol,N/A,300 ML,28300,28300,0%,94.34/ml,https://www.rappi.com.co/search?query=stella%20artois,Tienda Rappi: Oxxo (Oxxo Super) | Zona: Chicó / Chapinero / Zona Rosa
900434592_2122920752,Stella Artois Cerveza,Stella Artois,Oxxo,Stella artois,Alcohol,N/A,300 ML,5200,5200,0%,17.34/ml,https://www.rappi.com.co/search?query=stella%20artois,Tienda Rappi: Oxxo (Oxxo Super) | Zona: Chicó / Chapinero / Zona Rosa
900423958_2123014654,Stella Artois Pack Cerveza 6 x 300 mL,Stella Artois,Jumbo,Stella artois,Alcohol,N/A,300 ML,25800,19890,23%,66.30/ml,https://www.rappi.com.co/search?query=stella%20artois,Tienda Rappi: Jumbo (Jumbo Mt Mascotas) | Zona: Chicó / Chapinero / Zona Rosa
900423958_2123014648,Stella Artois Cerveza,Stella Artois,Jumbo,Stella artois,Alcohol,N/A,300 ML,4500,4500,0%,15/ml,https://www.rappi.com.co/search?query=stella%20artois,Tienda Rappi: Jumbo (Jumbo Mt Mascotas) | Zona: Chicó / Chapinero / Zona Rosa
900238200_2120539105,Stella Artois Pack Cerveza 6 x 300 mL,Stella Artois,Farmatodo,Stella artois,Alcohol,N/A,300 ML,26650,26650,0%,88.84/ml,https://www.rappi.com.co/search?query=stella%20artois,Tienda Rappi: Farmatodo | Zona: Chicó / Chapinero / Zona Rosa
900379388_2123317358,Stella Artois Pack Cerveza 6 x 300 mL,Stella Artois,El Deskorche,Stella artois,Alcohol,N/A,300 ML,39000,37050,5%,123.50/ml,https://www.rappi.com.co/search?query=stella%20artois,Tienda Rappi: El Deskorche (El Deskorche Licores) | Zona: Chicó / Chapinero / Zona Rosa
900489869_2093608567,Aguila Cerveza Original Pack Lata,Aguila,Turbo,Budweiser,Alcohol,N/A,330 ML,22300,22300,0%,67.58/ml,https://www.rappi.com.co/search?query=budweiser,Tienda Rappi: Turbo (Turbo Panini Ya) | Zona: Chicó / Chapinero / Zona Rosa
900489869_2126484883,Combo Manitoba Mix Original + Aguila Cerveza Lata 6 Und,Aguila,Turbo,Budweiser,Alcohol,N/A,1 COMBO,37000,37000,0%,37000/combo,https://www.rappi.com.co/search?query=budweiser,Tienda Rappi: Turbo (Turbo Panini Ya) | Zona: Chicó / Chapinero / Zona Rosa
900273513_2120006924,Budweiser Cerveza,Budweiser,Cristal Palace,Budweiser,Alcohol,N/A,269 ML,5500,5500,0%,20.45/ml,https://www.rappi.com.co/search?query=budweiser,Tienda Rappi: Cristal Palace (Licores Cristal Palace) | Zona: Chicó / Chapinero / Zona Rosa
900478257_3851983,Cerveza corona bot. 355ml,Corona,Local Burger Granada - Turbo,Bogota beer company,Alcohol,N/A,1 UND,9500,9500,0%,9500.0,https://www.rappi.com.co/search?query=bogota%20beer%20company,Tienda Rappi: Local Burger Granada - Turbo (Local Burger - Turbo) | Zona: Chicó / Chapinero / Zona Rosa
900478257_3851951,Cerveza Club Colombia Dorada Lta 330ml,Club Colombia,Local Burger Granada - Turbo,Bogota beer company,Alcohol,N/A,1 UND,7500,7500,0%,7500.0,https://www.rappi.com.co/search?query=bogota%20beer%20company,Tienda Rappi: Local Burger Granada - Turbo (Local Burger - Turbo) | Zona: Chicó / Chapinero / Zona Rosa
900047528_1215622,Corona 330ml,Corona,Tienda Gourmet Club Colombia,Bogota beer company,Alcohol,N/A,1 UND,18000,18000,0%,18000.0,https://www.rappi.com.co/search?query=bogota%20beer%20company,Tienda Rappi: Tienda Gourmet Club Colombia | Zona: Chicó / Chapinero / Zona Rosa
900047528_1215598,Cerveza Poker 330Ml,Poker,Tienda Gourmet Club Colombia,Bogota beer company,Alcohol,N/A,1 UND,9000,9000,0%,9000.0,https://www.rappi.com.co/search?query=bogota%20beer%20company,Tienda Rappi: Tienda Gourmet Club Colombia | Zona: Chicó / Chapinero / Zona Rosa
900070573_4572616,Stella Artois,Stella Artois,Pizzeria Carpaneto,Bogota beer company,Alcohol,N/A,1 UND,15000,15000,0%,15000.0,https://www.rappi.com.co/search?query=bogota%20beer%20company,Tienda Rappi: Pizzeria Carpaneto | Zona: Chicó / Chapinero / Zona Rosa
900070573_4572615,Corona Corona,Corona,Pizzeria Carpaneto,Bogota beer company,Alcohol,N/A,1 UND,14000,14000,0%,14000.0,https://www.rappi.com.co/search?query=bogota%20beer%20company,Tienda Rappi: Pizzeria Carpaneto | Zona: Chicó / Chapinero / Zona Rosa
900423958_2125935308,Cusqueña Cerveza Trigo,Cusqueña,Jumbo,Cusqueña,Alcohol,N/A,330 ML,30990,30990,0%,93.91/ml,https://www.rappi.com.co/search?query=cusque%C3%B1a,Tienda Rappi: Jumbo (Jumbo Mt Mascotas) | Zona: Chicó / Chapinero / Zona Rosa
900489869_2093569066,Paulaner Cerveza Alemana Hefe Weissbier,Paulaner,Turbo,Erdinger,Alcohol,N/A,500 ML,21400,16050,25%,32.10/ml,https://www.rappi.com.co/search?query=erdinger,Tienda Rappi: Turbo (Turbo Panini Ya) | Zona: Chicó / Chapinero / Zona Rosa
900489869_2121155276,Águila Cerveza Sin Alcohol,Águila,Turbo,Erdinger,Alcohol,N/A,330 ML,10900,10900,0%,33.03/ml,https://www.rappi.com.co/search?query=erdinger,Tienda Rappi: Turbo (Turbo Panini Ya) | Zona: Chicó / Chapinero / Zona Rosa
900489869_2123107641,Miller Cerveza Lite,Miller,Turbo,Erdinger,Alcohol,N/A,310 ML,20400,20400,0%,65.81/ml,https://www.rappi.com.co/search?query=erdinger,Tienda Rappi: Turbo (Turbo Panini Ya) | Zona: Chicó / Chapinero / Zona Rosa
900489869_2093569350,Liefmans cerveza Fruitesse,Liefmans,Turbo,Erdinger,Alcohol,N/A,250 ML,15600,15600,0%,62.40/ml,https://www.rappi.com.co/search?query=erdinger,Tienda Rappi: Turbo (Turbo Panini Ya) | Zona: Chicó / Chapinero / Zona Rosa
900423958_2120471102,Erdinger Cerveza Weissbier,Erdinger,Jumbo,Erdinger,Alcohol,N/A,500 ML,16490,16490,0%,32.98/ml,https://www.rappi.com.co/search?query=erdinger,Tienda Rappi: Jumbo (Jumbo Mt Mascotas) | Zona: Chicó / Chapinero / Zona Rosa
900423958_2124705692,Erdinger Cerveza Rubia,Erdinger,Jumbo,Erdinger,Alcohol,N/A,500 ML,64990,64990,0%,129.98/ml,https://www.rappi.com.co/search?query=erdinger,Tienda Rappi: Jumbo (Jumbo Mt Mascotas) | Zona: Chicó / Chapinero / Zona Rosa
900423958_2123012995,Paulaner Cerveza Alemana Hefe Weissbier,Paulaner,Jumbo,Erdinger,Alcohol,N/A,500 ML,21790,21790,0%,43.58/ml,https://www.rappi.com.co/search?query=erdinger,Tienda Rappi: Jumbo (Jumbo Mt Mascotas) | Zona: Chicó / Chapinero / Zona Rosa
900423958_2124718572,Erdinger Cerveza Sin Alcohol,Erdinger,Jumbo,Erdinger,Alcohol,N/A,500 ML,16790,16790,0%,33.58/ml,https://www.rappi.com.co/search?query=erdinger,Tienda Rappi: Jumbo (Jumbo Mt Mascotas) | Zona: Chicó / Chapinero / Zona Rosa
900423958_2124781729,Cerveza Paulaner (500 Ml),Cerveza,Jumbo,Erdinger,Alcohol,N/A,500 ML,19790,19790,0%,39.58/ml,https://www.rappi.com.co/search?query=erdinger,Tienda Rappi: Jumbo (Jumbo Mt Mascotas) | Zona: Chicó / Chapinero / Zona Rosa
900423958_2120183232,Benediktiner Cerveza Weissbier,Benediktiner,Jumbo,Erdinger,Alcohol,N/A,500 ML,16490,16490,0%,32.98/ml,https://www.rappi.com.co/search?query=erdinger,Tienda Rappi: Jumbo (Jumbo Mt Mascotas) | Zona: Chicó / Chapinero / Zona Rosa
900423958_2119970243,Bitburger Cerveza Premium,Bitburger,Jumbo,Erdinger,Alcohol,N/A,500 ML,12290,12290,0%,24.58/ml,https://www.rappi.com.co/search?query=erdinger,Tienda Rappi: Jumbo (Jumbo Mt Mascotas) | Zona: Chicó / Chapinero / Zona Rosa
900423958_2121006337,Bitburger Cerveza Premium Pils,Bitburger,Jumbo,Erdinger,Alcohol,N/A,500 ML,14290,14290,0%,28.58/ml,https://www.rappi.com.co/search?query=erdinger,Tienda Rappi: Jumbo (Jumbo Mt Mascotas) | Zona: Chicó / Chapinero / Zona Rosa
900101308_2120003503,Erdinger Cerveza Weissbier,Erdinger,Licores JR,Erdinger,Alcohol,N/A,500 ML,16500,16500,0%,33/ml,https://www.rappi.com.co/search?query=erdinger,Tienda Rappi: Licores JR (Grupo Giraldo Home) | Zona: Chicó / Chapinero / Zona Rosa
900101308_2122238521,Erdinger Cerveza Alemana Urweisse,Erdinger,Licores JR,Erdinger,Alcohol,N/A,500 ML,16500,16500,0%,33/ml,https://www.rappi.com.co/search?query=erdinger,Tienda Rappi: Licores JR (Grupo Giraldo Home) | Zona: Chicó / Chapinero / Zona Rosa
900101308_2121335934,Paulaner Cerveza Alemana Hefe Weissbier,Paulaner,Licores JR,Erdinger,Alcohol,N/A,500 ML,17100,17100,0%,34.20/ml,https://www.rappi.com.co/search?query=erdinger,Tienda Rappi: Licores JR (Grupo Giraldo Home) | Zona: Chicó / Chapinero / Zona Rosa
900101308_2119993012,Paulaner Cerveza Weissbier,Paulaner,Licores JR,Erdinger,Alcohol,N/A,500 ML,14900,14900,0%,29.80/ml,https://www.rappi.com.co/search?query=erdinger,Tienda Rappi: Licores JR (Grupo Giraldo Home) | Zona: Chicó / Chapinero / Zona Rosa
900101308_2120018416,Paulaner Cerveza Dunkel Botella,Paulaner,Licores JR,Erdinger,Alcohol,N/A,500 ML,17100,17100,0%,34.20/ml,https://www.rappi.com.co/search?query=erdinger,Tienda Rappi: Licores JR (Grupo Giraldo Home) | Zona: Chicó / Chapinero / Zona Rosa
900101308_2120051141,Paulaner Cerveza Ale Weissbier en Lata,Paulaner,Licores JR,Erdinger,Alcohol,N/A,500 ML,15400,15400,0%,30.80/ml,https://www.rappi.com.co/search?query=erdinger,Tienda Rappi: Licores JR (Grupo Giraldo Home) | Zona: Chicó / Chapinero / Zona Rosa
900101308_2122238522,Erdinger Cerveza Negra Pikantus,Erdinger,Licores JR,Erdinger,Alcohol,N/A,500 ML,17500,17500,0%,35/ml,https://www.rappi.com.co/search?query=erdinger,Tienda Rappi: Licores JR (Grupo Giraldo Home) | Zona: Chicó / Chapinero / Zona Rosa
900101308_2120174428,Erdinger Cerveza Sin Alcohol,Erdinger,Licores JR,Erdinger,Alcohol,N/A,500 ML,14000,14000,0%,28/ml,https://www.rappi.com.co/search?query=erdinger,Tienda Rappi: Licores JR (Grupo Giraldo Home) | Zona: Chicó / Chapinero / Zona Rosa
900101308_2119815269,Hofbrau Cerveza Münchner Weisse en Botella,Hofbrau,Licores JR,Erdinger,Alcohol,N/A,500 ML,16500,16500,0%,33/ml,https://www.rappi.com.co/search?query=erdinger,Tienda Rappi: Licores JR (Grupo Giraldo Home) | Zona: Chicó / Chapinero / Zona Rosa
900101308_2122238563,Bitburger Cerveza Premium Pils,Bitburger,Licores JR,Erdinger,Alcohol,N/A,500 ML,11500,11500,0%,23/ml,https://www.rappi.com.co/search?query=erdinger,Tienda Rappi: Licores JR (Grupo Giraldo Home) | Zona: Chicó / Chapinero / Zona Rosa
900101308_2121348078,Weidmann Cerveza Super Strong en Lata,Weidmann,Licores JR,Erdinger,Alcohol,N/A,500 ML,12200,12200,0%,24.40/ml,https://www.rappi.com.co/search?query=erdinger,Tienda Rappi: Licores JR (Grupo Giraldo Home) | Zona: Chicó / Chapinero / Zona Rosa
900101308_2123186243,Kaufmann Cerveza Lata,Kaufmann,Licores JR,Erdinger,Alcohol,N/A,330 ML,1700,1700,0%,5.16/ml,https://www.rappi.com.co/search?query=erdinger,Tienda Rappi: Licores JR (Grupo Giraldo Home) | Zona: Chicó / Chapinero / Zona Rosa
900101308_2124683932,Hofbräu Dunkel Cerveza Munchen Negra Alemana,Hofbräu,Licores JR,Erdinger,Alcohol,N/A,500 ML,16500,16500,0%,33/ml,https://www.rappi.com.co/search?query=erdinger,Tienda Rappi: Licores JR (Grupo Giraldo Home) | Zona: Chicó / Chapinero / Zona Rosa
900101308_2122238513,Hofbräu Dunkel Cerveza Munchen Negra Alemana,Hofbräu,Licores JR,Erdinger,Alcohol,N/A,500 ML,16500,16500,0%,33/ml,https://www.rappi.com.co/search?query=erdinger,Tienda Rappi: Licores JR (Grupo Giraldo Home) | Zona: Chicó / Chapinero / Zona Rosa
900101308_2122238553,Czechvar Cerveza Lager Original,Czechvar,Licores JR,Erdinger,Alcohol,N/A,330 ML,8900,8900,0%,26.97/ml,https://www.rappi.com.co/search?query=erdinger,Tienda Rappi: Licores JR (Grupo Giraldo Home) | Zona: Chicó / Chapinero / Zona Rosa
900379388_2119881727,Cerveza Kaufmann - Six Pack Lata 330 Ml,Cerveza,El Deskorche,Erdinger,Alcohol,N/A,330 ML,18000,17100,5%,51.82/ml,https://www.rappi.com.co/search?query=erdinger,Tienda Rappi: El Deskorche (El Deskorche Licores) | Zona: Chicó / Chapinero / Zona Rosa
900489869_2126484886,Combo Manitoba Maní Chile Limón + Aguila Cerveza Lata 6 Und,Aguila,Turbo,Guinness,Alcohol,N/A,1 COMBO,35400,35400,0%,35400/combo,https://www.rappi.com.co/search?query=guinness,Tienda Rappi: Turbo (Turbo Panini Ya) | Zona: Chicó / Chapinero / Zona Rosa
900423958_2124798442,Redds Rosé Pack Cerveza 6 x 269 mL,Redds,Jumbo,Guinness,Alcohol,N/A,269 ML,22200,22200,0%,82.53/ml,https://www.rappi.com.co/search?query=guinness,Tienda Rappi: Jumbo (Jumbo Mt Mascotas) | Zona: Chicó / Chapinero / Zona Rosa
900423958_2123009654,Heineken Cerveza 0.0 Alcohol,Heineken,Jumbo,Guinness,Alcohol,N/A,250 ML,19650,19650,0%,78.60/ml,https://www.rappi.com.co/search?query=guinness,Tienda Rappi: Jumbo (Jumbo Mt Mascotas) | Zona: Chicó / Chapinero / Zona Rosa
900423958_2126807223,Cerveza Mitica Bnr300 X6 Liger,Cerveza,Jumbo,Guinness,Alcohol,N/A,1 UND,22000,22000,0%,22000/und,https://www.rappi.com.co/search?query=guinness,Tienda Rappi: Jumbo (Jumbo Mt Mascotas) | Zona: Chicó / Chapinero / Zona Rosa
900489869_2093820792,Blanco Del Valle Aguardiente Fiesta sin Azúcar,Blanco del Valle,Turbo,Aguardiente,Alcohol,N/A,750 ML,48900,48900,0%,65.20/ml,https://www.rappi.com.co/search?query=aguardiente,Tienda Rappi: Turbo (Turbo Panini Ya) | Zona: Chicó / Chapinero / Zona Rosa
900489869_2093569337,Blanco del Valle Aguardiente sin Azúcar,Blanco del Valle,Turbo,Aguardiente,Alcohol,N/A,750 ML,47600,47600,0%,63.47/ml,https://www.rappi.com.co/search?query=aguardiente,Tienda Rappi: Turbo (Turbo Panini Ya) | Zona: Chicó / Chapinero / Zona Rosa
900489869_2093881672,Blanco del Valle Aguardiente Blanco Fiesta sin Azúcar,Blanco del Valle,Turbo,Aguardiente,Alcohol,N/A,375 ML,26600,26600,0%,70.94/ml,https://www.rappi.com.co/search?query=aguardiente,Tienda Rappi: Turbo (Turbo Panini Ya) | Zona: Chicó / Chapinero / Zona Rosa
900489869_2121343293,Blanco del Valle Aguardiente sin Azúcar,Blanco del Valle,Turbo,Aguardiente,Alcohol,N/A,375 ML,25600,25600,0%,68.27/ml,https://www.rappi.com.co/search?query=aguardiente,Tienda Rappi: Turbo (Turbo Panini Ya) | Zona: Chicó / Chapinero / Zona Rosa
900489869_2122257071,Blanco del Valle Aguardiente Night,Blanco del Valle,Turbo,Aguardiente,Alcohol,N/A,750 ML,43500,43500,0%,58/ml,https://www.rappi.com.co/search?query=aguardiente,Tienda Rappi: Turbo (Turbo Panini Ya) | Zona: Chicó / Chapinero / Zona Rosa
900489869_2124487920,Del Valle Aguardiente Sin Azúcar,Del,Turbo,Aguardiente,Alcohol,N/A,750 ML,52900,52900,0%,70.54/ml,https://www.rappi.com.co/search?query=aguardiente,Tienda Rappi: Turbo (Turbo Panini Ya) | Zona: Chicó / Chapinero / Zona Rosa
900489869_2093937442,Blanco del Valle Aguardiente sin Azúcar,Blanco del Valle,Turbo,Aguardiente,Alcohol,N/A,1750 ML,105600,105600,0%,60.35/ml,https://www.rappi.com.co/search?query=aguardiente,Tienda Rappi: Turbo (Turbo Panini Ya) | Zona: Chicó / Chapinero / Zona Rosa
900489869_2121142870,Blanco del Valle Aguardiente Blanco Fiesta,Blanco del Valle,Turbo,Aguardiente,Alcohol,N/A,1.75 L,108600,108600,0%,62.06/ml,https://www.rappi.com.co/search?query=aguardiente,Tienda Rappi: Turbo (Turbo Panini Ya) | Zona: Chicó / Chapinero / Zona Rosa
900489869_2123167907,Smirnoff Spicy Tamarind 750 ml,Smirnoff,Turbo,Aguardiente,Alcohol,N/A,750 ML,52700,52700,0%,70.27/ml,https://www.rappi.com.co/search?query=aguardiente,Tienda Rappi: Turbo (Turbo Panini Ya) | Zona: Chicó / Chapinero / Zona Rosa
900489869_2124634155,Smirnoff Licor de Vodka Tamarindo Picante 1000 mL,Smirnoff,Turbo,Aguardiente,Alcohol,N/A,1000 ML,60100,60100,0%,60.10/ml,https://www.rappi.com.co/search?query=aguardiente,Tienda Rappi: Turbo (Turbo Panini Ya) | Zona: Chicó / Chapinero / Zona Rosa
900423958_2119686410,Aguardiente Antioqueño 24° sin Azúcar,Antioqueño,Jumbo,Aguardiente,Alcohol,N/A,375 ML,24390,24390,0%,65.04/ml,https://www.rappi.com.co/search?query=aguardiente,Tienda Rappi: Jumbo (Jumbo Mt Mascotas) | Zona: Chicó / Chapinero / Zona Rosa
900423958_2124699858,Aguardiente Antioqueño 24 Grados Amarillo (750 Ml),Antioqueño,Jumbo,Aguardiente,Alcohol,24°,750 ML,50390,37790,25%,50.39/ml,https://www.rappi.com.co/search?query=aguardiente,Tienda Rappi: Jumbo (Jumbo Mt Mascotas) | Zona: Chicó / Chapinero / Zona Rosa
900423958_2120100277,Aguardiente Antioqueño sin Azúcar 24°,Antioqueño,Jumbo,Aguardiente,Alcohol,N/A,750 ML,47590,47590,0%,63.46/ml,https://www.rappi.com.co/search?query=aguardiente,Tienda Rappi: Jumbo (Jumbo Mt Mascotas) | Zona: Chicó / Chapinero / Zona Rosa
900423958_2120402059,Amarillo de Manzanares Aguardiente Sin Azúcar,Amarillo de Manzanares,Jumbo,Aguardiente,Alcohol,N/A,750 ML,49800,49800,0%,66.40/ml,https://www.rappi.com.co/search?query=aguardiente,Tienda Rappi: Jumbo (Jumbo Mt Mascotas) | Zona: Chicó / Chapinero / Zona Rosa
900423958_2119878480,Antioqueño Aguardiente sin Azúcar,Antioqueño,Jumbo,Aguardiente,Alcohol,N/A,750 ML,49890,49890,0%,66.52/ml,https://www.rappi.com.co/search?query=aguardiente,Tienda Rappi: Jumbo (Jumbo Mt Mascotas) | Zona: Chicó / Chapinero / Zona Rosa
900423958_2120762175,Antioqueño Aguardiente sin Azúcar,Antioqueño,Jumbo,Aguardiente,Alcohol,N/A,1.05 L,62390,56150,10%,53.48/ml,https://www.rappi.com.co/search?query=aguardiente,Tienda Rappi: Jumbo (Jumbo Mt Mascotas) | Zona: Chicó / Chapinero / Zona Rosa
900423958_2120799204,Blanco del Valle Aguardiente Blanco Fiesta sin Azúcar,Blanco del Valle,Jumbo,Aguardiente,Alcohol,N/A,375 ML,25590,25590,0%,68.24/ml,https://www.rappi.com.co/search?query=aguardiente,Tienda Rappi: Jumbo (Jumbo Mt Mascotas) | Zona: Chicó / Chapinero / Zona Rosa
900423958_2120272312,Amarillo de Manzanares Aguardiente sin Azúcar,Amarillo de Manzanares,Jumbo,Aguardiente,Alcohol,N/A,375 ML,25810,24890,4%,66.38/ml,https://www.rappi.com.co/search?query=aguardiente,Tienda Rappi: Jumbo (Jumbo Mt Mascotas) | Zona: Chicó / Chapinero / Zona Rosa
900423958_2120889132,Blanco del Valle Aguardiente sin Azúcar,Blanco del Valle,Jumbo,Aguardiente,Alcohol,N/A,750 ML,45700,45700,0%,60.94/ml,https://www.rappi.com.co/search?query=aguardiente,Tienda Rappi: Jumbo (Jumbo Mt Mascotas) | Zona: Chicó / Chapinero / Zona Rosa
900423958_2122586114,Blanco del Valle Aguardiente sin Azúcar,Blanco del Valle,Jumbo,Aguardiente,Alcohol,N/A,375 ML,24890,24890,0%,66.38/ml,https://www.rappi.com.co/search?query=aguardiente,Tienda Rappi: Jumbo (Jumbo Mt Mascotas) | Zona: Chicó / Chapinero / Zona Rosa
900423958_2120014656,Blanco Del Valle Aguardiente Fiesta sin Azúcar,Blanco del Valle,Jumbo,Aguardiente,Alcohol,N/A,750 ML,47000,47000,0%,62.67/ml,https://www.rappi.com.co/search?query=aguardiente,Tienda Rappi: Jumbo (Jumbo Mt Mascotas) | Zona: Chicó / Chapinero / Zona Rosa
900423958_2120131071,Blanco del Valle Aguardiente Night,Blanco del Valle,Jumbo,Aguardiente,Alcohol,N/A,750 ML,41800,41800,0%,55.74/ml,https://www.rappi.com.co/search?query=aguardiente,Tienda Rappi: Jumbo (Jumbo Mt Mascotas) | Zona: Chicó / Chapinero / Zona Rosa
900423958_2124696235,Del Valle Aguardiente Sin Azúcar,Del,Jumbo,Aguardiente,Alcohol,N/A,750 ML,51390,51390,0%,68.52/ml,https://www.rappi.com.co/search?query=aguardiente,Tienda Rappi: Jumbo (Jumbo Mt Mascotas) | Zona: Chicó / Chapinero / Zona Rosa
900423958_2124705443,Aguardiente Amarillo (1500 Ml),Aguardiente,Jumbo,Aguardiente,Alcohol,N/A,1.5 L,105290,105290,0%,70.20/ml,https://www.rappi.com.co/search?query=aguardiente,Tienda Rappi: Jumbo (Jumbo Mt Mascotas) | Zona: Chicó / Chapinero / Zona Rosa
900423958_2120075341,Aguardiente Antioqueño sin Azúcar 375ml,Antioqueño,Jumbo,Aguardiente,Alcohol,N/A,375 ML,25650,25650,0%,68.40/ml,https://www.rappi.com.co/search?query=aguardiente,Tienda Rappi: Jumbo (Jumbo Mt Mascotas) | Zona: Chicó / Chapinero / Zona Rosa
900423958_2124697202,Aguardiente Amarillo (1000 Ml),Aguardiente,Jumbo,Aguardiente,Alcohol,N/A,1 L,69890,69890,0%,69.89/ml,https://www.rappi.com.co/search?query=aguardiente,Tienda Rappi: Jumbo (Jumbo Mt Mascotas) | Zona: Chicó / Chapinero / Zona Rosa
900423958_2124700626,Del Valle Aguardiente Amarillo Sin Azúcar,Del,Jumbo,Aguardiente,Alcohol,N/A,750 ML,51490,51490,0%,68.66/ml,https://www.rappi.com.co/search?query=aguardiente,Tienda Rappi: Jumbo (Jumbo Mt Mascotas) | Zona: Chicó / Chapinero / Zona Rosa
900430450_2126135437,Aguardiente Antioqueño 24° sin Azúcar,Antioqueño,El Mini Súper Cali,Aguardiente,Alcohol,N/A,375 ML,65000,65000,0%,173.34/ml,https://www.rappi.com.co/search?query=aguardiente,Tienda Rappi: El Mini Súper Cali (El Minisuper) | Zona: Chicó / Chapinero / Zona Rosa
900430450_2126135453,Aguardiente Antioqueño Aguardiente Tradicional,Antioqueño,El Mini Súper Cali,Aguardiente,Alcohol,N/A,375 ML,6500,6500,0%,17.34/ml,https://www.rappi.com.co/search?query=aguardiente,Tienda Rappi: El Mini Súper Cali (El Minisuper) | Zona: Chicó / Chapinero / Zona Rosa
900430450_2126135450,Antioqueño Aguardiente sin Azúcar,Antioqueño,El Mini Súper Cali,Aguardiente,Alcohol,N/A,750 ML,65000,65000,0%,86.67/ml,https://www.rappi.com.co/search?query=aguardiente,Tienda Rappi: El Mini Súper Cali (El Minisuper) | Zona: Chicó / Chapinero / Zona Rosa
900430450_2125067875,Blanco del Valle Aguardiente sin Azúcar,Blanco del Valle,El Mini Súper Cali,Aguardiente,Alcohol,N/A,750 ML,60000,60000,0%,80/ml,https://www.rappi.com.co/search?query=aguardiente,Tienda Rappi: El Mini Súper Cali (El Minisuper) | Zona: Chicó / Chapinero / Zona Rosa
900430450_2125067995,Blanco del Valle Aguardiente Blanco Fiesta sin Azúcar,Blanco del Valle,El Mini Súper Cali,Aguardiente,Alcohol,N/A,375 ML,33500,33500,0%,89.34/ml,https://www.rappi.com.co/search?query=aguardiente,Tienda Rappi: El Mini Súper Cali (El Minisuper) | Zona: Chicó / Chapinero / Zona Rosa
900430450_2125067982,Blanco del Valle Aguardiente sin Azúcar,Blanco del Valle,El Mini Súper Cali,Aguardiente,Alcohol,N/A,375 ML,33500,33500,0%,89.34/ml,https://www.rappi.com.co/search?query=aguardiente,Tienda Rappi: El Mini Súper Cali (El Minisuper) | Zona: Chicó / Chapinero / Zona Rosa
900430450_2125067980,Blanco Del Valle Aguardiente Fiesta sin Azúcar,Blanco del Valle,El Mini Súper Cali,Aguardiente,Alcohol,N/A,750 ML,60000,60000,0%,80/ml,https://www.rappi.com.co/search?query=aguardiente,Tienda Rappi: El Mini Súper Cali (El Minisuper) | Zona: Chicó / Chapinero / Zona Rosa
900430450_2125050543,Del Valle Aguardiente Amarillo Sin Azúcar,Del,El Mini Súper Cali,Aguardiente,Alcohol,N/A,750 ML,60000,60000,0%,80/ml,https://www.rappi.com.co/search?query=aguardiente,Tienda Rappi: El Mini Súper Cali (El Minisuper) | Zona: Chicó / Chapinero / Zona Rosa
900101308_2122304149,Aguardiente Antioqueño sin Azúcar 24°,Antioqueño,Licores JR,Aguardiente,Alcohol,N/A,750 ML,46800,46800,0%,62.40/ml,https://www.rappi.com.co/search?query=aguardiente,Tienda Rappi: Licores JR (Grupo Giraldo Home) | Zona: Chicó / Chapinero / Zona Rosa
900101308_2122304158,Antioqueño Aguardiente sin Azúcar,Antioqueño,Licores JR,Aguardiente,Alcohol,N/A,750 ML,49500,49500,0%,66/ml,https://www.rappi.com.co/search?query=aguardiente,Tienda Rappi: Licores JR (Grupo Giraldo Home) | Zona: Chicó / Chapinero / Zona Rosa
900101308_2122304156,Antioqueño Aguardiente Sin Azúcar,Antioqueño,Licores JR,Aguardiente,Alcohol,N/A,1750 ML,98900,98900,0%,56.52/ml,https://www.rappi.com.co/search?query=aguardiente,Tienda Rappi: Licores JR (Grupo Giraldo Home) | Zona: Chicó / Chapinero / Zona Rosa
900101308_2119992206,Blanco del Valle Aguardiente Blanco Fiesta sin Azúcar,Blanco del Valle,Licores JR,Aguardiente,Alcohol,N/A,375 ML,26100,26100,0%,69.60/ml,https://www.rappi.com.co/search?query=aguardiente,Tienda Rappi: Licores JR (Grupo Giraldo Home) | Zona: Chicó / Chapinero / Zona Rosa
900101308_2121322994,Blanco del Valle Aguardiente sin Azúcar,Blanco del Valle,Licores JR,Aguardiente,Alcohol,N/A,750 ML,47200,47200,0%,62.94/ml,https://www.rappi.com.co/search?query=aguardiente,Tienda Rappi: Licores JR (Grupo Giraldo Home) | Zona: Chicó / Chapinero / Zona Rosa
900101308_2121308820,Blanco del Valle Aguardiente sin Azúcar,Blanco del Valle,Licores JR,Aguardiente,Alcohol,N/A,375 ML,25400,25400,0%,67.74/ml,https://www.rappi.com.co/search?query=aguardiente,Tienda Rappi: Licores JR (Grupo Giraldo Home) | Zona: Chicó / Chapinero / Zona Rosa
900101308_2122304155,Antioqueño Aguardiente sin Azúcar,Antioqueño,Licores JR,Aguardiente,Alcohol,N/A,2000 ML,119500,119500,0%,59.75/ml,https://www.rappi.com.co/search?query=aguardiente,Tienda Rappi: Licores JR (Grupo Giraldo Home) | Zona: Chicó / Chapinero / Zona Rosa
900101308_2122304147,Aguardiente Antioqueño 24° sin Azúcar Tapa Verde,Antioqueño,Licores JR,Aguardiente,Alcohol,N/A,1000 ML,58600,58600,0%,58.60/ml,https://www.rappi.com.co/search?query=aguardiente,Tienda Rappi: Licores JR (Grupo Giraldo Home) | Zona: Chicó / Chapinero / Zona Rosa
900101308_2120878382,Blanco Del Valle Aguardiente Fiesta sin Azúcar,Blanco del Valle,Licores JR,Aguardiente,Alcohol,N/A,750 ML,48400,48400,0%,64.54/ml,https://www.rappi.com.co/search?query=aguardiente,Tienda Rappi: Licores JR (Grupo Giraldo Home) | Zona: Chicó / Chapinero / Zona Rosa
900101308_2121323032,Blanco del Valle Aguardiente sin Azúcar,Blanco del Valle,Licores JR,Aguardiente,Alcohol,N/A,1750 ML,104300,104300,0%,59.60/ml,https://www.rappi.com.co/search?query=aguardiente,Tienda Rappi: Licores JR (Grupo Giraldo Home) | Zona: Chicó / Chapinero / Zona Rosa
900101308_2122304152,Antioqueño Aguardiente sin Azúcar 1000 ml,Antioqueño,Licores JR,Aguardiente,Alcohol,N/A,1000 ML,63400,63400,0%,63.40/ml,https://www.rappi.com.co/search?query=aguardiente,Tienda Rappi: Licores JR (Grupo Giraldo Home) | Zona: Chicó / Chapinero / Zona Rosa
900101308_2121896040,Del Valle Aguardiente Balnco sin Azúcar,Del,Licores JR,Aguardiente,Alcohol,N/A,375 ML,25400,25400,0%,67.74/ml,https://www.rappi.com.co/search?query=aguardiente,Tienda Rappi: Licores JR (Grupo Giraldo Home) | Zona: Chicó / Chapinero / Zona Rosa
900101308_2122300231,Aguardiente Antioqueño sin Azúcar 375ml,Antioqueño,Licores JR,Aguardiente,Alcohol,N/A,375 ML,26000,26000,0%,69.34/ml,https://www.rappi.com.co/search?query=aguardiente,Tienda Rappi: Licores JR (Grupo Giraldo Home) | Zona: Chicó / Chapinero / Zona Rosa
900101308_2123789692,Del Valle Aguardiente Sin Azúcar,Del,Licores JR,Aguardiente,Alcohol,N/A,750 ML,52500,52500,0%,70/ml,https://www.rappi.com.co/search?query=aguardiente,Tienda Rappi: Licores JR (Grupo Giraldo Home) | Zona: Chicó / Chapinero / Zona Rosa
900101308_2126145642,Aguardiente Blanco Del Valle Night 750ml,Blanco del Valle,Licores JR,Aguardiente,Alcohol,N/A,750 ML,43200,43200,0%,57.60/ml,https://www.rappi.com.co/search?query=aguardiente,Tienda Rappi: Licores JR (Grupo Giraldo Home) | Zona: Chicó / Chapinero / Zona Rosa
900101308_2123790122,Del Valle Aguardiente Amarillo Sin Azúcar,Del,Licores JR,Aguardiente,Alcohol,N/A,750 ML,52500,52500,0%,70/ml,https://www.rappi.com.co/search?query=aguardiente,Tienda Rappi: Licores JR (Grupo Giraldo Home) | Zona: Chicó / Chapinero / Zona Rosa
900479515_2126164194,Aguardiente Antioqueño 24° sin Azúcar,Antioqueño,LICORES EL BORRACHITO,Aguardiente,Alcohol,N/A,375 ML,38000,38000,0%,101.34/ml,https://www.rappi.com.co/search?query=aguardiente,Tienda Rappi: LICORES EL BORRACHITO | Zona: Chicó / Chapinero / Zona Rosa
900479515_2126164196,Antioqueño Aguardiente sin Azúcar,Antioqueño,LICORES EL BORRACHITO,Aguardiente,Alcohol,N/A,750 ML,75000,75000,0%,100/ml,https://www.rappi.com.co/search?query=aguardiente,Tienda Rappi: LICORES EL BORRACHITO | Zona: Chicó / Chapinero / Zona Rosa
900479515_2126164193,Aguardiente Antioqueño sin Azúcar 24°,Antioqueño,LICORES EL BORRACHITO,Aguardiente,Alcohol,N/A,750 ML,73000,73000,0%,97.34/ml,https://www.rappi.com.co/search?query=aguardiente,Tienda Rappi: LICORES EL BORRACHITO | Zona: Chicó / Chapinero / Zona Rosa
900479515_2126164190,Blanco del Valle Aguardiente Blanco Fiesta sin Azúcar,Blanco del Valle,LICORES EL BORRACHITO,Aguardiente,Alcohol,N/A,375 ML,35000,35000,0%,93.34/ml,https://www.rappi.com.co/search?query=aguardiente,Tienda Rappi: LICORES EL BORRACHITO | Zona: Chicó / Chapinero / Zona Rosa
900479515_2126164192,Blanco Del Valle Aguardiente Fiesta sin Azúcar,Blanco del Valle,LICORES EL BORRACHITO,Aguardiente,Alcohol,N/A,750 ML,60000,60000,0%,80/ml,https://www.rappi.com.co/search?query=aguardiente,Tienda Rappi: LICORES EL BORRACHITO | Zona: Chicó / Chapinero / Zona Rosa
900479515_2126164187,Blanco del Valle Aguardiente sin Azúcar,Blanco del Valle,LICORES EL BORRACHITO,Aguardiente,Alcohol,N/A,750 ML,60000,60000,0%,80/ml,https://www.rappi.com.co/search?query=aguardiente,Tienda Rappi: LICORES EL BORRACHITO | Zona: Chicó / Chapinero / Zona Rosa
900479515_2126164188,Blanco del Valle Aguardiente sin Azúcar,Blanco del Valle,LICORES EL BORRACHITO,Aguardiente,Alcohol,N/A,375 ML,35000,35000,0%,93.34/ml,https://www.rappi.com.co/search?query=aguardiente,Tienda Rappi: LICORES EL BORRACHITO | Zona: Chicó / Chapinero / Zona Rosa
900479515_2126164189,Blanco del Valle Aguardiente sin Azúcar,Blanco del Valle,LICORES EL BORRACHITO,Aguardiente,Alcohol,N/A,1750 ML,135000,135000,0%,77.15/ml,https://www.rappi.com.co/search?query=aguardiente,Tienda Rappi: LICORES EL BORRACHITO | Zona: Chicó / Chapinero / Zona Rosa
900479515_2126164198,Amarillo de Manzanares Aguardiente Sin Azúcar,Amarillo de Manzanares,LICORES EL BORRACHITO,Aguardiente,Alcohol,N/A,750 ML,76000,76000,0%,101.34/ml,https://www.rappi.com.co/search?query=aguardiente,Tienda Rappi: LICORES EL BORRACHITO | Zona: Chicó / Chapinero / Zona Rosa
900479515_2126164191,Blanco del Valle Aguardiente Blanco Fiesta,Blanco del Valle,LICORES EL BORRACHITO,Aguardiente,Alcohol,N/A,1.75 L,135000,135000,0%,77.15/ml,https://www.rappi.com.co/search?query=aguardiente,Tienda Rappi: LICORES EL BORRACHITO | Zona: Chicó / Chapinero / Zona Rosa
900479515_2126164197,Amarillo de Manzanares Aguardiente sin Azúcar,Amarillo de Manzanares,LICORES EL BORRACHITO,Aguardiente,Alcohol,N/A,375 ML,40000,40000,0%,106.67/ml,https://www.rappi.com.co/search?query=aguardiente,Tienda Rappi: LICORES EL BORRACHITO | Zona: Chicó / Chapinero / Zona Rosa
900479515_2126164195,Aguardiente Antioqueño sin Azúcar 375ml,Antioqueño,LICORES EL BORRACHITO,Aguardiente,Alcohol,N/A,375 ML,42000,42000,0%,112/ml,https://www.rappi.com.co/search?query=aguardiente,Tienda Rappi: LICORES EL BORRACHITO | Zona: Chicó / Chapinero / Zona Rosa
900489869_2126489439,Combo Smirnoff Spicy Tamarind + Cerveza Michelob Ultra 6 Und,Michelob,Turbo,Antioqueño,Alcohol,N/A,1 COMBO,70500,70500,0%,70500/combo,https://www.rappi.com.co/search?query=antioque%C3%B1o,Tienda Rappi: Turbo (Turbo Panini Ya) | Zona: Chicó / Chapinero / Zona Rosa
900432662_2126540238,Aguardiente Del Valle Tapa Roja,Aguardiente,QUICKMART,Néctar rojo,Alcohol,N/A,1 UND,51000,51000,0%,51000/und,https://www.rappi.com.co/search?query=n%C3%A9ctar%20rojo,Tienda Rappi: QUICKMART | Zona: Chicó / Chapinero / Zona Rosa
900432662_2126540243,Aguardiente Tapa Roja Caneca,Aguardiente,QUICKMART,Néctar rojo,Alcohol,N/A,1 UND,30000,30000,0%,30000/und,https://www.rappi.com.co/search?query=n%C3%A9ctar%20rojo,Tienda Rappi: QUICKMART | Zona: Chicó / Chapinero / Zona Rosa
900487042_2126471218,Amarillo de Manzanares Aguardiente Sin Azúcar,Amarillo de Manzanares,TuCompraYa,Néctar rojo,Alcohol,N/A,750 ML,75000,75000,0%,100/ml,https://www.rappi.com.co/search?query=n%C3%A9ctar%20rojo,Tienda Rappi: TuCompraYa | Zona: Chicó / Chapinero / Zona Rosa
900487042_2126703525,Aguardiente Amarillo De Manzanares 50ml,Amarillo de Manzanares,TuCompraYa,Néctar rojo,Alcohol,N/A,50 ML,6900,6900,0%,138/ml,https://www.rappi.com.co/search?query=n%C3%A9ctar%20rojo,Tienda Rappi: TuCompraYa | Zona: Chicó / Chapinero / Zona Rosa
900487042_2126703503,Amarillo de Manzanares Aguardiente sin Azúcar,Amarillo de Manzanares,TuCompraYa,Néctar rojo,Alcohol,N/A,375 ML,40000,40000,0%,106.67/ml,https://www.rappi.com.co/search?query=n%C3%A9ctar%20rojo,Tienda Rappi: TuCompraYa | Zona: Chicó / Chapinero / Zona Rosa
900427177_2124898678,Ancheta Aguardiente Ra,Ancheta,Flores Celeste Cali Vipasa,Néctar rojo,Alcohol,N/A,1 UND,178000,178000,0%,178000/und,https://www.rappi.com.co/search?query=n%C3%A9ctar%20rojo,Tienda Rappi: Flores Celeste Cali Vipasa (FLORES CELESTE) | Zona: Chicó / Chapinero / Zona Rosa
900386942_2120706510,Blanco del Valle Aguardiente Blanco Fiesta sin Azúcar,Blanco del Valle,La Rebaja,Aguardiente llanero,Alcohol,N/A,375 ML,27100,27100,0%,72.27/ml,https://www.rappi.com.co/search?query=aguardiente%20llanero,Tienda Rappi: La Rebaja (Drogueria La Rebaja Farma Bebes) | Zona: Chicó / Chapinero / Zona Rosa
900386942_2120706296,Blanco Del Valle Aguardiente Fiesta sin Azúcar,Blanco del Valle,La Rebaja,Aguardiente llanero,Alcohol,N/A,750 ML,52000,52000,0%,69.34/ml,https://www.rappi.com.co/search?query=aguardiente%20llanero,Tienda Rappi: La Rebaja (Drogueria La Rebaja Farma Bebes) | Zona: Chicó / Chapinero / Zona Rosa
900386942_2091667922,Blanco del Valle Aguardiente Sin Azucar,Blanco del Valle,La Rebaja,Aguardiente llanero,Alcohol,N/A,1500 ML,109100,109100,0%,72.74/ml,https://www.rappi.com.co/search?query=aguardiente%20llanero,Tienda Rappi: La Rebaja (Drogueria La Rebaja Farma Bebes) | Zona: Chicó / Chapinero / Zona Rosa
900386942_2120706257,Blanco del Valle Aguardiente Blanco Fiesta,Blanco del Valle,La Rebaja,Aguardiente llanero,Alcohol,N/A,1.75 L,101000,101000,0%,57.72/ml,https://www.rappi.com.co/search?query=aguardiente%20llanero,Tienda Rappi: La Rebaja (Drogueria La Rebaja Farma Bebes) | Zona: Chicó / Chapinero / Zona Rosa
900101308_2122304153,Caucano Aguardiente Tradicional,Caucano,Licores JR,Aguardiente caucano,Alcohol,N/A,375 ML,23200,23200,0%,61.87/ml,https://www.rappi.com.co/search?query=aguardiente%20caucano,Tienda Rappi: Licores JR (Grupo Giraldo Home) | Zona: Chicó / Chapinero / Zona Rosa
900101308_2122304261,Caucano Aguardiente Tradicional,Caucano,Licores JR,Aguardiente caucano,Alcohol,N/A,750 ML,43600,43600,0%,58.14/ml,https://www.rappi.com.co/search?query=aguardiente%20caucano,Tienda Rappi: Licores JR (Grupo Giraldo Home) | Zona: Chicó / Chapinero / Zona Rosa
900165860_2093395955,Ron Viejo De Caldas Ron Tradicional,Viejo de Caldas,Turbo,Ron,Alcohol,N/A,375 ML,30800,26180,15%,69.82/ml,https://www.rappi.com.co/search?query=ron,Tienda Rappi: Turbo (Turbo Fresh) | Zona: Chicó / Chapinero / Zona Rosa
900165860_2093569196,Ron Viejo de Caldas Gran Reserva Especial 15 Años,Viejo de Caldas,Turbo,Ron,Alcohol,N/A,750 ML,137600,116960,15%,155.95/ml,https://www.rappi.com.co/search?query=ron,Tienda Rappi: Turbo (Turbo Fresh) | Zona: Chicó / Chapinero / Zona Rosa
900165860_2093395678,Ron Viejo de Caldas Carta de Oro Añejo 8 Años 750 mL,Viejo de Caldas,Turbo,Ron,Alcohol,N/A,750 ML,107100,91035,15%,121.38/ml,https://www.rappi.com.co/search?query=ron,Tienda Rappi: Turbo (Turbo Fresh) | Zona: Chicó / Chapinero / Zona Rosa
900165860_2120894695,Ron Quimbaya Gold,Ron,Turbo,Ron,Alcohol,N/A,700 ML,70800,70800,0%,101.15/ml,https://www.rappi.com.co/search?query=ron,Tienda Rappi: Turbo (Turbo Fresh) | Zona: Chicó / Chapinero / Zona Rosa
900165860_2093618692,Ron Medellín Extra Añejo 12 años,Ron Medellín,Turbo,Ron,Alcohol,N/A,750 ML,117200,117200,0%,156.27/ml,https://www.rappi.com.co/search?query=ron,Tienda Rappi: Turbo (Turbo Fresh) | Zona: Chicó / Chapinero / Zona Rosa
900430450_2125068008,Ron Viejo de Caldas Ron Dorado Tradicional,Viejo de Caldas,El Mini Súper Cali,Ron,Alcohol,N/A,750 ML,65000,65000,0%,86.67/ml,https://www.rappi.com.co/search?query=ron,Tienda Rappi: El Mini Súper Cali (El Minisuper) | Zona: Chicó / Chapinero / Zona Rosa
900430450_2125067997,Ron Viejo De Caldas Ron Tradicional,Viejo de Caldas,El Mini Súper Cali,Ron,Alcohol,N/A,375 ML,45000,45000,0%,120/ml,https://www.rappi.com.co/search?query=ron,Tienda Rappi: El Mini Súper Cali (El Minisuper) | Zona: Chicó / Chapinero / Zona Rosa
900430450_2125068005,Ron Viejo de Caldas Ron Esencial,Viejo de Caldas,El Mini Súper Cali,Ron,Alcohol,N/A,375 ML,27000,27000,0%,72/ml,https://www.rappi.com.co/search?query=ron,Tienda Rappi: El Mini Súper Cali (El Minisuper) | Zona: Chicó / Chapinero / Zona Rosa
900430450_2125068001,Ron Viejo De Caldas Ron 5 Secretos,Viejo de Caldas,El Mini Súper Cali,Ron,Alcohol,N/A,375 ML,45000,45000,0%,120/ml,https://www.rappi.com.co/search?query=ron,Tienda Rappi: El Mini Súper Cali (El Minisuper) | Zona: Chicó / Chapinero / Zona Rosa
900386942_2091667320,Ron Viejo de Caldas Ron Dorado Tradicional,Viejo de Caldas,La Rebaja,Ron,Alcohol,N/A,750 ML,54000,54000,0%,72/ml,https://www.rappi.com.co/search?query=ron,Tienda Rappi: La Rebaja (Drogueria La Rebaja Farma Bebes) | Zona: Chicó / Chapinero / Zona Rosa
900386942_2091667557,Ron Viejo de Caldas Ron Tradicional,Viejo de Caldas,La Rebaja,Ron,Alcohol,N/A,1750 ML,127400,127400,0%,72.80/ml,https://www.rappi.com.co/search?query=ron,Tienda Rappi: La Rebaja (Drogueria La Rebaja Farma Bebes) | Zona: Chicó / Chapinero / Zona Rosa
900410057_2123191540,Ron Viejo De Caldas Ron Tradicional,Viejo de Caldas,La Fe Autoservicio,Ron,Alcohol,N/A,375 ML,42100,42100,0%,112.27/ml,https://www.rappi.com.co/search?query=ron,Tienda Rappi: La Fe Autoservicio | Zona: Chicó / Chapinero / Zona Rosa
900410057_2123191543,Ron Viejo de Caldas Ron Tradicional,Viejo de Caldas,La Fe Autoservicio,Ron,Alcohol,N/A,1750 ML,166700,166700,0%,95.26/ml,https://www.rappi.com.co/search?query=ron,Tienda Rappi: La Fe Autoservicio | Zona: Chicó / Chapinero / Zona Rosa
900410057_2123191534,Ron Viejo de Caldas Ron Esencial,Viejo de Caldas,La Fe Autoservicio,Ron,Alcohol,N/A,375 ML,42100,42100,0%,112.27/ml,https://www.rappi.com.co/search?query=ron,Tienda Rappi: La Fe Autoservicio | Zona: Chicó / Chapinero / Zona Rosa
900410057_2123191541,Ron Viejo de Caldas Gran Reserva Especial 15 Años,Viejo de Caldas,La Fe Autoservicio,Ron,Alcohol,N/A,750 ML,176000,176000,0%,234.67/ml,https://www.rappi.com.co/search?query=ron,Tienda Rappi: La Fe Autoservicio | Zona: Chicó / Chapinero / Zona Rosa
900410057_2123191545,Ron Viejo de Caldas Ron Añejo 8 Años Carta de Oro,Viejo de Caldas,La Fe Autoservicio,Ron,Alcohol,N/A,375 ML,71400,71400,0%,190.40/ml,https://www.rappi.com.co/search?query=ron,Tienda Rappi: La Fe Autoservicio | Zona: Chicó / Chapinero / Zona Rosa
900410057_2123191538,Ron Viejo de Caldas Licor Esencial Colombia 750 mL,Viejo de Caldas,La Fe Autoservicio,Ron,Alcohol,N/A,750 ML,66500,66500,0%,88.67/ml,https://www.rappi.com.co/search?query=ron,Tienda Rappi: La Fe Autoservicio | Zona: Chicó / Chapinero / Zona Rosa
900434592_2121198436,Ron Viejo de Caldas Ron Dorado Tradicional,Viejo de Caldas,Oxxo,Ron,Alcohol,N/A,750 ML,62900,62900,0%,83.87/ml,https://www.rappi.com.co/search?query=ron,Tienda Rappi: Oxxo (Oxxo Super) | Zona: Chicó / Chapinero / Zona Rosa
900434592_2121198819,Ron Viejo De Caldas Ron Tradicional,Viejo de Caldas,Oxxo,Ron,Alcohol,N/A,375 ML,31900,31900,0%,85.07/ml,https://www.rappi.com.co/search?query=ron,Tienda Rappi: Oxxo (Oxxo Super) | Zona: Chicó / Chapinero / Zona Rosa
900434592_2122950714,Ron Viejo de Caldas Carta de Oro Añejo 8 Años 750 mL,Viejo de Caldas,Oxxo,Viejo de caldas,Alcohol,N/A,750 ML,109900,109900,0%,146.54/ml,https://www.rappi.com.co/search?query=viejo%20de%20caldas,Tienda Rappi: Oxxo (Oxxo Super) | Zona: Chicó / Chapinero / Zona Rosa
900386942_2091668637,Zacapa Ron 23 Centenario,Zacapa,La Rebaja,Zacapa,Alcohol,N/A,700 ML,291700,291700,0%,416.72/ml,https://www.rappi.com.co/search?query=zacapa,Tienda Rappi: La Rebaja (Drogueria La Rebaja Farma Bebes) | Zona: Chicó / Chapinero / Zona Rosa
900101308_2120878390,Zacapa Ron 23 Centenario,Zacapa,Licores JR,Zacapa,Alcohol,N/A,700 ML,298000,298000,0%,425.72/ml,https://www.rappi.com.co/search?query=zacapa,Tienda Rappi: Licores JR (Grupo Giraldo Home) | Zona: Chicó / Chapinero / Zona Rosa
900101308_2121024116,Havana Club 3 Años,Havana Club,Licores JR,Havana club,Alcohol,N/A,750 ML,82200,82200,0%,109.60/ml,https://www.rappi.com.co/search?query=havana%20club,Tienda Rappi: Licores JR (Grupo Giraldo Home) | Zona: Chicó / Chapinero / Zona Rosa
900101308_2119944369,Havana Club Añejo Especial,Havana Club,Licores JR,Havana club,Alcohol,N/A,750 ML,77600,77600,0%,103.47/ml,https://www.rappi.com.co/search?query=havana%20club,Tienda Rappi: Licores JR (Grupo Giraldo Home) | Zona: Chicó / Chapinero / Zona Rosa
900101308_2123150877,Ron Cayo Grande Club Anejo Bot 700 Ml,Ron,Licores JR,Havana club,Alcohol,N/A,700 ML,39600,39600,0%,56.58/ml,https://www.rappi.com.co/search?query=havana%20club,Tienda Rappi: Licores JR (Grupo Giraldo Home) | Zona: Chicó / Chapinero / Zona Rosa
900423958_2121107009,Ron Medellín Ron Añejo 3 Años,Ron Medellín,Jumbo,Havana club,Alcohol,N/A,750 ML,50300,45270,10%,60.36/ml,https://www.rappi.com.co/search?query=havana%20club,Tienda Rappi: Jumbo (Jumbo Mt Mascotas) | Zona: Chicó / Chapinero / Zona Rosa
900423958_2119723853,Ron Viejo de Caldas Roble Blanco,Viejo de Caldas,Jumbo,Havana club,Alcohol,N/A,750 ML,46990,46990,0%,62.66/ml,https://www.rappi.com.co/search?query=havana%20club,Tienda Rappi: Jumbo (Jumbo Mt Mascotas) | Zona: Chicó / Chapinero / Zona Rosa
900423958_2120239994,Ron Viejo De Caldas Ron 5 Secretos,Viejo de Caldas,Jumbo,Havana club,Alcohol,N/A,375 ML,33690,33690,0%,89.84/ml,https://www.rappi.com.co/search?query=havana%20club,Tienda Rappi: Jumbo (Jumbo Mt Mascotas) | Zona: Chicó / Chapinero / Zona Rosa
900423958_2120390991,Ron Viejo de Caldas Carta de Oro Añejo 8 Años 750 mL,Viejo de Caldas,Jumbo,Havana club,Alcohol,N/A,750 ML,93790,93790,0%,125.06/ml,https://www.rappi.com.co/search?query=havana%20club,Tienda Rappi: Jumbo (Jumbo Mt Mascotas) | Zona: Chicó / Chapinero / Zona Rosa
900423958_2120209134,Ron Medellín Ron Extra Añejo 5 Años sin Azúcar,Ron Medellín,Jumbo,Havana club,Alcohol,N/A,750 ML,66090,56180,15%,74.91/ml,https://www.rappi.com.co/search?query=havana%20club,Tienda Rappi: Jumbo (Jumbo Mt Mascotas) | Zona: Chicó / Chapinero / Zona Rosa
900379388_2125954627,Ron Medellín Ron Añejo 3 Años,Ron Medellín,El Deskorche,Havana club,Alcohol,N/A,750 ML,58000,55100,5%,73.47/ml,https://www.rappi.com.co/search?query=havana%20club,Tienda Rappi: El Deskorche (El Deskorche Licores) | Zona: Chicó / Chapinero / Zona Rosa
900489869_2124441854,Ron Bacardi Limon (700 Ml),Ron,Turbo,Bacardi,Alcohol,N/A,700 ML,57100,51390,10%,73.42/ml,https://www.rappi.com.co/search?query=bacardi,Tienda Rappi: Turbo (Turbo Panini Ya) | Zona: Chicó / Chapinero / Zona Rosa
900489869_2121771076,Bacardí Ron Mojito,Bacardí,Turbo,Bacardi,Alcohol,N/A,750 ML,57100,57100,0%,76.14/ml,https://www.rappi.com.co/search?query=bacardi,Tienda Rappi: Turbo (Turbo Panini Ya) | Zona: Chicó / Chapinero / Zona Rosa
900489869_2124441857,Ron Bacardi Superior (700 Ml),Ron,Turbo,Bacardi,Alcohol,N/A,700 ML,69700,69700,0%,99.58/ml,https://www.rappi.com.co/search?query=bacardi,Tienda Rappi: Turbo (Turbo Panini Ya) | Zona: Chicó / Chapinero / Zona Rosa
900489869_2123222254,Bacardi Ron Hurracane 750 mL,Bacardi,Turbo,Bacardi,Alcohol,N/A,750 ML,57100,57100,0%,76.14/ml,https://www.rappi.com.co/search?query=bacardi,Tienda Rappi: Turbo (Turbo Panini Ya) | Zona: Chicó / Chapinero / Zona Rosa
900489869_2124863682,Bacardi Ron Mandarina,Bacardi,Turbo,Bacardi,Alcohol,N/A,700 ML,57100,51390,10%,73.42/ml,https://www.rappi.com.co/search?query=bacardi,Tienda Rappi: Turbo (Turbo Panini Ya) | Zona: Chicó / Chapinero / Zona Rosa
900489869_2093395678,Ron Viejo de Caldas Carta de Oro Añejo 8 Años 750 mL,Viejo de Caldas,Turbo,Bacardi,Alcohol,N/A,750 ML,107100,91035,15%,121.38/ml,https://www.rappi.com.co/search?query=bacardi,Tienda Rappi: Turbo (Turbo Panini Ya) | Zona: Chicó / Chapinero / Zona Rosa
900489869_2093774781,Ron Medellín Extra Añejo,Ron Medellín,Turbo,Bacardi,Alcohol,N/A,375 ML,35500,35500,0%,94.67/ml,https://www.rappi.com.co/search?query=bacardi,Tienda Rappi: Turbo (Turbo Panini Ya) | Zona: Chicó / Chapinero / Zona Rosa
900489869_2093569196,Ron Viejo de Caldas Gran Reserva Especial 15 Años,Viejo de Caldas,Turbo,Bacardi,Alcohol,N/A,750 ML,137600,116960,15%,155.95/ml,https://www.rappi.com.co/search?query=bacardi,Tienda Rappi: Turbo (Turbo Panini Ya) | Zona: Chicó / Chapinero / Zona Rosa
900423958_2124696184,Ron Bacardi Limon (700 Ml),Ron,Jumbo,Bacardi,Alcohol,N/A,700 ML,54990,54990,0%,78.56/ml,https://www.rappi.com.co/search?query=bacardi,Tienda Rappi: Jumbo (Jumbo Mt Mascotas) | Zona: Chicó / Chapinero / Zona Rosa
900423958_2124697116,Ron Bacardi Superior (700 Ml),Ron,Jumbo,Bacardi,Alcohol,N/A,700 ML,67990,67990,0%,97.13/ml,https://www.rappi.com.co/search?query=bacardi,Tienda Rappi: Jumbo (Jumbo Mt Mascotas) | Zona: Chicó / Chapinero / Zona Rosa
900423958_2120808218,Bacardí Ron Mojito,Bacardí,Jumbo,Bacardi,Alcohol,N/A,750 ML,54990,54990,0%,73.32/ml,https://www.rappi.com.co/search?query=bacardi,Tienda Rappi: Jumbo (Jumbo Mt Mascotas) | Zona: Chicó / Chapinero / Zona Rosa
900423958_2124696187,Ron Bacardi Añejo (700 Ml),Ron,Jumbo,Bacardi,Alcohol,N/A,700 ML,67990,67990,0%,97.13/ml,https://www.rappi.com.co/search?query=bacardi,Tienda Rappi: Jumbo (Jumbo Mt Mascotas) | Zona: Chicó / Chapinero / Zona Rosa
900423958_2122971182,Bacardi Ron Bahama Mama 750 mL,Bacardi,Jumbo,Bacardi,Alcohol,N/A,750 ML,54990,54990,0%,73.32/ml,https://www.rappi.com.co/search?query=bacardi,Tienda Rappi: Jumbo (Jumbo Mt Mascotas) | Zona: Chicó / Chapinero / Zona Rosa
900434592_2124417659,Ron Bacardi Limon (700 Ml),Ron,Oxxo,Bacardi,Alcohol,N/A,700 ML,58900,47100,20%,67.29/ml,https://www.rappi.com.co/search?query=bacardi,Tienda Rappi: Oxxo (Oxxo Super) | Zona: Chicó / Chapinero / Zona Rosa
900434592_2123317549,Bacardi Ron Hurracane 750 mL,Bacardi,Oxxo,Bacardi,Alcohol,N/A,750 ML,58900,50050,15%,66.74/ml,https://www.rappi.com.co/search?query=bacardi,Tienda Rappi: Oxxo (Oxxo Super) | Zona: Chicó / Chapinero / Zona Rosa
900434592_2124785261,Bacardi Ron Mandarina,Bacardi,Oxxo,Bacardi,Alcohol,N/A,700 ML,58900,47100,20%,67.29/ml,https://www.rappi.com.co/search?query=bacardi,Tienda Rappi: Oxxo (Oxxo Super) | Zona: Chicó / Chapinero / Zona Rosa
900434592_2124417790,Ron Bacardi Añejo (700 Ml),Ron,Oxxo,Bacardi,Alcohol,N/A,700 ML,64900,51900,20%,74.15/ml,https://www.rappi.com.co/search?query=bacardi,Tienda Rappi: Oxxo (Oxxo Super) | Zona: Chicó / Chapinero / Zona Rosa
900434592_2121691037,Bacardi Ron Añejo 750 mL,Bacardi,Oxxo,Bacardi,Alcohol,N/A,750 ML,63900,63900,0%,85.20/ml,https://www.rappi.com.co/search?query=bacardi,Tienda Rappi: Oxxo (Oxxo Super) | Zona: Chicó / Chapinero / Zona Rosa
900434592_2120932896,Bacardi Ron Añejo 200 mL,Bacardi,Oxxo,Bacardi,Alcohol,N/A,200 ML,25900,20695,20%,103.50/ml,https://www.rappi.com.co/search?query=bacardi,Tienda Rappi: Oxxo (Oxxo Super) | Zona: Chicó / Chapinero / Zona Rosa
900434592_2123317578,Bacardi Ron Zombie 750 mL,Bacardi,Oxxo,Bacardi,Alcohol,N/A,750 ML,58900,50050,15%,66.74/ml,https://www.rappi.com.co/search?query=bacardi,Tienda Rappi: Oxxo (Oxxo Super) | Zona: Chicó / Chapinero / Zona Rosa
900101308_2120538504,Bacardi Ron Limón 375 mL,Bacardi,Licores JR,Bacardi,Alcohol,N/A,375 ML,32120,32120,0%,85.66/ml,https://www.rappi.com.co/search?query=bacardi,Tienda Rappi: Licores JR (Grupo Giraldo Home) | Zona: Chicó / Chapinero / Zona Rosa
900101308_2120361749,Ron Bacardi Superior 1750 Ml,Ron,Licores JR,Bacardi,Alcohol,N/A,1.75 L,125900,125900,0%,71.95/ml,https://www.rappi.com.co/search?query=bacardi,Tienda Rappi: Licores JR (Grupo Giraldo Home) | Zona: Chicó / Chapinero / Zona Rosa
900101308_2120283515,Bacardi Ron Superior 375 mL,Bacardi,Licores JR,Bacardi,Alcohol,N/A,375 ML,34900,34900,0%,93.07/ml,https://www.rappi.com.co/search?query=bacardi,Tienda Rappi: Licores JR (Grupo Giraldo Home) | Zona: Chicó / Chapinero / Zona Rosa
900101308_2120201130,Bacardi Ron Reserva 8 Años 750 mL,Bacardi,Licores JR,Bacardi,Alcohol,N/A,750 ML,138000,138000,0%,184/ml,https://www.rappi.com.co/search?query=bacardi,Tienda Rappi: Licores JR (Grupo Giraldo Home) | Zona: Chicó / Chapinero / Zona Rosa
900379388_2122745735,Bacardi Ron Superior,Bacardi,El Deskorche,Bacardi,Alcohol,N/A,750 ML,74900,71155,5%,94.88/ml,https://www.rappi.com.co/search?query=bacardi,Tienda Rappi: El Deskorche (El Deskorche Licores) | Zona: Chicó / Chapinero / Zona Rosa
900489869_2093569106,La Hechicera Ron,La Hechicera,Turbo,La hechicera,Alcohol,N/A,700 ML,246400,246400,0%,352/ml,https://www.rappi.com.co/search?query=la%20hechicera,Tienda Rappi: Turbo (Turbo Panini Ya) | Zona: Chicó / Chapinero / Zona Rosa
900489869_2120894695,Ron Quimbaya Gold,Ron,Turbo,La hechicera,Alcohol,N/A,700 ML,70800,70800,0%,101.15/ml,https://www.rappi.com.co/search?query=la%20hechicera,Tienda Rappi: Turbo (Turbo Panini Ya) | Zona: Chicó / Chapinero / Zona Rosa
900101308_2123189564,La Hechicera Ron,La Hechicera,Licores JR,La hechicera,Alcohol,N/A,700 ML,232900,199130,14%,284.48/ml,https://www.rappi.com.co/search?query=la%20hechicera,Tienda Rappi: Licores JR (Grupo Giraldo Home) | Zona: Chicó / Chapinero / Zona Rosa
900101308_2120744152,Diplomático Ron Planas Blanco Extra Añejo,Diplomático,Licores JR,Ron diplomático,Alcohol,N/A,700 ML,118700,118700,0%,169.58/ml,https://www.rappi.com.co/search?query=ron%20diplom%C3%A1tico,Tienda Rappi: Licores JR (Grupo Giraldo Home) | Zona: Chicó / Chapinero / Zona Rosa
900489869_2093618737,Buchanans Deluxe whisky escocés 12 años 1000 ml,Buchanans,Turbo,Whisky,Alcohol,N/A,1 L,236000,236000,0%,236/ml,https://www.rappi.com.co/search?query=whisky,Tienda Rappi: Turbo (Turbo Panini Ya) | Zona: Chicó / Chapinero / Zona Rosa
900489869_2121155191,Buchanans Deluxe whisky escocés 12 años 750 ml,Buchanans,Turbo,Whisky,Alcohol,N/A,750 ML,187100,187100,0%,249.47/ml,https://www.rappi.com.co/search?query=whisky,Tienda Rappi: Turbo (Turbo Panini Ya) | Zona: Chicó / Chapinero / Zona Rosa
900489869_2093395577,Old Parr Whisky Premium Escocés 12 Años,Old Parr,Turbo,Whisky,Alcohol,N/A,750 ML,162200,162200,0%,216.27/ml,https://www.rappi.com.co/search?query=whisky,Tienda Rappi: Turbo (Turbo Panini Ya) | Zona: Chicó / Chapinero / Zona Rosa
900489869_2093608445,Buchanan's Deluxe whisky escocés 12 años 375 ml,Buchanan's,Turbo,Whisky,Alcohol,N/A,375 ML,103900,103900,0%,277.07/ml,https://www.rappi.com.co/search?query=whisky,Tienda Rappi: Turbo (Turbo Panini Ya) | Zona: Chicó / Chapinero / Zona Rosa
900489869_2126848644,Combo Old Parr Whisky Premium + Selvati Piña Deshidratada,Old Parr,Turbo,Whisky,Alcohol,N/A,1 COMBO,177100,177100,0%,177100/combo,https://www.rappi.com.co/search?query=whisky,Tienda Rappi: Turbo (Turbo Panini Ya) | Zona: Chicó / Chapinero / Zona Rosa
900489869_2126848642,Combo Old Parr Whisky Premium + Selvati Naranja Deshidratada,Old Parr,Turbo,Whisky,Alcohol,N/A,1 COMBO,177100,177100,0%,177100/combo,https://www.rappi.com.co/search?query=whisky,Tienda Rappi: Turbo (Turbo Panini Ya) | Zona: Chicó / Chapinero / Zona Rosa
900489869_2126848645,Combo Old Parr Whisky Premium + Selvati Coco Deshidratado,Old Parr,Turbo,Whisky,Alcohol,N/A,1 COMBO,177100,177100,0%,177100/combo,https://www.rappi.com.co/search?query=whisky,Tienda Rappi: Turbo (Turbo Panini Ya) | Zona: Chicó / Chapinero / Zona Rosa
900489869_2126848630,Combo Buchanans Whisky Deluxe + Selvati Naranja Deshidratada,Combo,Turbo,Whisky,Alcohol,N/A,1 COMBO,202000,202000,0%,202000/combo,https://www.rappi.com.co/search?query=whisky,Tienda Rappi: Turbo (Turbo Panini Ya) | Zona: Chicó / Chapinero / Zona Rosa
900489869_2126848631,Combo Buchanans Whisky Deluxe + Selvati Manzana Roja,Combo,Turbo,Whisky,Alcohol,N/A,1 COMBO,202000,202000,0%,202000/combo,https://www.rappi.com.co/search?query=whisky,Tienda Rappi: Turbo (Turbo Panini Ya) | Zona: Chicó / Chapinero / Zona Rosa
900489869_2093618729,Buchanan's Reserve 18 años 750ML,Buchanan's,Turbo,Whisky,Alcohol,N/A,750 ML,427700,427700,0%,570.27/ml,https://www.rappi.com.co/search?query=whisky,Tienda Rappi: Turbo (Turbo Panini Ya) | Zona: Chicó / Chapinero / Zona Rosa
900434592_2121199009,Buchanans Deluxe whisky escocés 12 años 750 ml,Buchanans,Oxxo,Whisky,Alcohol,N/A,750 ML,184900,157150,15%,209.54/ml,https://www.rappi.com.co/search?query=whisky,Tienda Rappi: Oxxo (Oxxo Super) | Zona: Chicó / Chapinero / Zona Rosa
900434592_2120597086,Buchanan's Deluxe whisky escocés 12 años 375 ml,Buchanan's,Oxxo,Whisky,Alcohol,N/A,375 ML,102900,102900,0%,274.40/ml,https://www.rappi.com.co/search?query=whisky,Tienda Rappi: Oxxo (Oxxo Super) | Zona: Chicó / Chapinero / Zona Rosa
900434592_2120596518,Old Parr Whisky Premium Escocés 12 Años,Old Parr,Oxxo,Whisky,Alcohol,N/A,750 ML,164000,164000,0%,218.67/ml,https://www.rappi.com.co/search?query=whisky,Tienda Rappi: Oxxo (Oxxo Super) | Zona: Chicó / Chapinero / Zona Rosa
900423958_2121108410,Buchanans Deluxe whisky escocés 12 años 1000 ml,Buchanans,Jumbo,Whisky,Alcohol,N/A,1 L,226890,226890,0%,226.89/ml,https://www.rappi.com.co/search?query=whisky,Tienda Rappi: Jumbo (Jumbo Mt Mascotas) | Zona: Chicó / Chapinero / Zona Rosa
900423958_2120098692,Old Parr Whisky Premium Escocés 12 Años,Old Parr,Jumbo,Whisky,Alcohol,N/A,750 ML,155890,155890,0%,207.86/ml,https://www.rappi.com.co/search?query=whisky,Tienda Rappi: Jumbo (Jumbo Mt Mascotas) | Zona: Chicó / Chapinero / Zona Rosa
900423958_2120071282,Grand Old Parr 12 Años Whisky Escocés Blended Scotch Premium,Old Parr,Jumbo,Whisky,Alcohol,N/A,1000 ML,196890,196890,0%,196.89/ml,https://www.rappi.com.co/search?query=whisky,Tienda Rappi: Jumbo (Jumbo Mt Mascotas) | Zona: Chicó / Chapinero / Zona Rosa
900423958_2122877090,Buchanan's Reserve 18 años 750ML,Buchanan's,Jumbo,Whisky,Alcohol,N/A,750 ML,358790,358790,0%,478.39/ml,https://www.rappi.com.co/search?query=whisky,Tienda Rappi: Jumbo (Jumbo Mt Mascotas) | Zona: Chicó / Chapinero / Zona Rosa
900479515_2126733077,Buchanans Deluxe whisky escocés 12 años 1000 ml,Buchanans,LICORES EL BORRACHITO,Whisky,Alcohol,N/A,1 L,270000,270000,0%,270/ml,https://www.rappi.com.co/search?query=whisky,Tienda Rappi: LICORES EL BORRACHITO | Zona: Chicó / Chapinero / Zona Rosa
900479515_2126164087,Old Parr Whisky Premium Escocés 12 Años,Old Parr,LICORES EL BORRACHITO,Whisky,Alcohol,N/A,750 ML,170000,170000,0%,226.67/ml,https://www.rappi.com.co/search?query=whisky,Tienda Rappi: LICORES EL BORRACHITO | Zona: Chicó / Chapinero / Zona Rosa
900479515_2126164091,Buchanan's Deluxe whisky escocés 12 años 375 ml,Buchanan's,LICORES EL BORRACHITO,Whisky,Alcohol,N/A,375 ML,130000,130000,0%,346.67/ml,https://www.rappi.com.co/search?query=whisky,Tienda Rappi: LICORES EL BORRACHITO | Zona: Chicó / Chapinero / Zona Rosa
900479515_2126164089,Old Parr 12 Años whisky escocés 500 ml,Old Parr,LICORES EL BORRACHITO,Whisky,Alcohol,N/A,500 ML,145000,145000,0%,290/ml,https://www.rappi.com.co/search?query=whisky,Tienda Rappi: LICORES EL BORRACHITO | Zona: Chicó / Chapinero / Zona Rosa
900479515_2126164088,Buchanan's Deluxe whisky escocés 12 años 750 ml,Buchanan's,LICORES EL BORRACHITO,Whisky,Alcohol,N/A,750 ML,190000,190000,0%,253.34/ml,https://www.rappi.com.co/search?query=whisky,Tienda Rappi: LICORES EL BORRACHITO | Zona: Chicó / Chapinero / Zona Rosa
900101308_2120878394,Old Parr Whisky Premium Escocés 12 Años,Old Parr,Licores JR,Whisky,Alcohol,N/A,750 ML,147800,147800,0%,197.07/ml,https://www.rappi.com.co/search?query=whisky,Tienda Rappi: Licores JR (Grupo Giraldo Home) | Zona: Chicó / Chapinero / Zona Rosa
900101308_2120878375,Buchanan's Whisky Blended Scotch Deluxe 12 Años,Buchanan's,Licores JR,Whisky,Alcohol,N/A,750 ML,168400,168400,0%,224.54/ml,https://www.rappi.com.co/search?query=whisky,Tienda Rappi: Licores JR (Grupo Giraldo Home) | Zona: Chicó / Chapinero / Zona Rosa
900101308_2120878381,Buchanan's Reserve 18 años 750ML,Buchanan's,Licores JR,Whisky,Alcohol,N/A,750 ML,408700,408700,0%,544.94/ml,https://www.rappi.com.co/search?query=whisky,Tienda Rappi: Licores JR (Grupo Giraldo Home) | Zona: Chicó / Chapinero / Zona Rosa
900489869_2093395403,Buchanan's Whisky Master,Buchanan's,Turbo,Buchanans,Alcohol,N/A,750 ML,215200,215200,0%,286.94/ml,https://www.rappi.com.co/search?query=buchanans,Tienda Rappi: Turbo (Turbo Panini Ya) | Zona: Chicó / Chapinero / Zona Rosa
900489869_2121122928,Buchanan's Master Whisky Blended Scotch,Buchanan's,Turbo,Buchanans,Alcohol,N/A,1000 ML,261000,261000,0%,261/ml,https://www.rappi.com.co/search?query=buchanans,Tienda Rappi: Turbo (Turbo Panini Ya) | Zona: Chicó / Chapinero / Zona Rosa
900489869_2126848638,Combo Buchanan's Whisky + Selvati Manzana Roja,Buchanan's,Turbo,Buchanans,Alcohol,N/A,1 COMBO,230100,230100,0%,230100/combo,https://www.rappi.com.co/search?query=buchanans,Tienda Rappi: Turbo (Turbo Panini Ya) | Zona: Chicó / Chapinero / Zona Rosa
900489869_2126848636,Combo Buchanan's Whisky Master + Selvati Naranja Deshidratada,Buchanan's,Turbo,Buchanans,Alcohol,N/A,1 COMBO,230100,230100,0%,230100/combo,https://www.rappi.com.co/search?query=buchanans,Tienda Rappi: Turbo (Turbo Panini Ya) | Zona: Chicó / Chapinero / Zona Rosa
900489869_2126489435,Combo Buchanan's Deluxe 750 mL + Cerveza Michelob Ultra 6 Und,Michelob,Turbo,Buchanans,Alcohol,N/A,1 COMBO,204900,204900,0%,204900/combo,https://www.rappi.com.co/search?query=buchanans,Tienda Rappi: Turbo (Turbo Panini Ya) | Zona: Chicó / Chapinero / Zona Rosa
900489869_2126848635,Combo Buchanans Whisky Deluxe + Selvati Coco Deshidratado,Combo,Turbo,Buchanans,Alcohol,N/A,1 COMBO,202000,202000,0%,202000/combo,https://www.rappi.com.co/search?query=buchanans,Tienda Rappi: Turbo (Turbo Panini Ya) | Zona: Chicó / Chapinero / Zona Rosa
900489869_2126848640,Combo Buchanan's Whisky Master + Selvati Coco Deshidratado,Buchanan's,Turbo,Buchanans,Alcohol,N/A,1 COMBO,230100,230100,0%,230100/combo,https://www.rappi.com.co/search?query=buchanans,Tienda Rappi: Turbo (Turbo Panini Ya) | Zona: Chicó / Chapinero / Zona Rosa
900434592_2120597001,Buchanan's Whisky Master,Buchanan's,Oxxo,Buchanans,Alcohol,N/A,750 ML,209900,178400,15%,237.87/ml,https://www.rappi.com.co/search?query=buchanans,Tienda Rappi: Oxxo (Oxxo Super) | Zona: Chicó / Chapinero / Zona Rosa
900479515_2126733076,Buchanan's Whisky Master,Buchanan's,LICORES EL BORRACHITO,Buchanans,Alcohol,N/A,750 ML,240000,240000,0%,320/ml,https://www.rappi.com.co/search?query=buchanans,Tienda Rappi: LICORES EL BORRACHITO | Zona: Chicó / Chapinero / Zona Rosa
900101308_2120878374,Buchanan's Whisky Master,Buchanan's,Licores JR,Buchanans,Alcohol,N/A,750 ML,196600,196600,0%,262.14/ml,https://www.rappi.com.co/search?query=buchanans,Tienda Rappi: Licores JR (Grupo Giraldo Home) | Zona: Chicó / Chapinero / Zona Rosa
900423958_2119847729,Buchanan's Whisky Master,Buchanan's,Jumbo,Buchanans,Alcohol,N/A,750 ML,206900,206900,0%,275.87/ml,https://www.rappi.com.co/search?query=buchanans,Tienda Rappi: Jumbo (Jumbo Mt Mascotas) | Zona: Chicó / Chapinero / Zona Rosa
900165860_2093395577,Old Parr Whisky Premium Escocés 12 Años,Old Parr,Turbo,Old parr,Alcohol,N/A,750 ML,162200,162200,0%,216.27/ml,https://www.rappi.com.co/search?query=old%20parr,Tienda Rappi: Turbo (Turbo Fresh) | Zona: Chicó / Chapinero / Zona Rosa
900165860_2093608444,Grand Old Parr 12 Años Whisky Escocés Blended Scotch Premium,Old Parr,Turbo,Old parr,Alcohol,N/A,1000 ML,204800,204800,0%,204.80/ml,https://www.rappi.com.co/search?query=old%20parr,Tienda Rappi: Turbo (Turbo Fresh) | Zona: Chicó / Chapinero / Zona Rosa
900165860_2126848644,Combo Old Parr Whisky Premium + Selvati Piña Deshidratada,Old Parr,Turbo,Old parr,Alcohol,N/A,1 COMBO,177100,177100,0%,177100/combo,https://www.rappi.com.co/search?query=old%20parr,Tienda Rappi: Turbo (Turbo Fresh) | Zona: Chicó / Chapinero / Zona Rosa
900165860_2126848642,Combo Old Parr Whisky Premium + Selvati Naranja Deshidratada,Old Parr,Turbo,Old parr,Alcohol,N/A,1 COMBO,177100,177100,0%,177100/combo,https://www.rappi.com.co/search?query=old%20parr,Tienda Rappi: Turbo (Turbo Fresh) | Zona: Chicó / Chapinero / Zona Rosa
900165860_2126848645,Combo Old Parr Whisky Premium + Selvati Coco Deshidratado,Old Parr,Turbo,Old parr,Alcohol,N/A,1 COMBO,177100,177100,0%,177100/combo,https://www.rappi.com.co/search?query=old%20parr,Tienda Rappi: Turbo (Turbo Fresh) | Zona: Chicó / Chapinero / Zona Rosa
900165860_2126848655,Combo Grand Old Parr Whisky + Selvati Naranja Deshidratada,Old Parr,Turbo,Old parr,Alcohol,N/A,1 COMBO,219700,219700,0%,219700/combo,https://www.rappi.com.co/search?query=old%20parr,Tienda Rappi: Turbo (Turbo Fresh) | Zona: Chicó / Chapinero / Zona Rosa
900165860_2093618695,Old Parr 12 Años whisky escocés 500 ml,Old Parr,Turbo,Old parr,Alcohol,N/A,500 ML,110100,110100,0%,220.20/ml,https://www.rappi.com.co/search?query=old%20parr,Tienda Rappi: Turbo (Turbo Fresh) | Zona: Chicó / Chapinero / Zona Rosa
900165860_2126848657,Combo Grand Old Parr Whisky + Selvati Manzana Roja,Old Parr,Turbo,Old parr,Alcohol,N/A,1 COMBO,219700,219700,0%,219700/combo,https://www.rappi.com.co/search?query=old%20parr,Tienda Rappi: Turbo (Turbo Fresh) | Zona: Chicó / Chapinero / Zona Rosa
900165860_2126848658,Combo Grand Old Parr Whisky + Selvati Coco Deshidratado,Old Parr,Turbo,Old parr,Alcohol,N/A,1 COMBO,219700,219700,0%,219700/combo,https://www.rappi.com.co/search?query=old%20parr,Tienda Rappi: Turbo (Turbo Fresh) | Zona: Chicó / Chapinero / Zona Rosa
900165860_2125185460,Combo Old Parr Whisky 12 Años + Coronita Extra Cerveza 6 Und,Old Parr,Turbo,Old parr,Alcohol,N/A,1 COMBO,182400,158690,13%,158688/combo,https://www.rappi.com.co/search?query=old%20parr,Tienda Rappi: Turbo (Turbo Fresh) | Zona: Chicó / Chapinero / Zona Rosa
900165860_2121144159,Whisky Old Parr 18 Años,Old Parr,Turbo,Old parr,Alcohol,N/A,750 ML,402200,402200,0%,536.27/ml,https://www.rappi.com.co/search?query=old%20parr,Tienda Rappi: Turbo (Turbo Fresh) | Zona: Chicó / Chapinero / Zona Rosa
900165860_2093618737,Buchanans Deluxe whisky escocés 12 años 1000 ml,Buchanans,Turbo,Old parr,Alcohol,N/A,1 L,236000,236000,0%,236/ml,https://www.rappi.com.co/search?query=old%20parr,Tienda Rappi: Turbo (Turbo Fresh) | Zona: Chicó / Chapinero / Zona Rosa
900165860_2126848651,Combo The Glenlivet Whisky + Selvati Piña Deshidratada,Combo,Turbo,Old parr,Alcohol,N/A,1 COMBO,218600,218600,0%,218600/combo,https://www.rappi.com.co/search?query=old%20parr,Tienda Rappi: Turbo (Turbo Fresh) | Zona: Chicó / Chapinero / Zona Rosa
900165860_2093608445,Buchanan's Deluxe whisky escocés 12 años 375 ml,Buchanan's,Turbo,Old parr,Alcohol,N/A,375 ML,103900,103900,0%,277.07/ml,https://www.rappi.com.co/search?query=old%20parr,Tienda Rappi: Turbo (Turbo Fresh) | Zona: Chicó / Chapinero / Zona Rosa
900165860_2126848653,Combo The Glenlivet 12 Whisky Escocés + Selvati Manzana Roja,Combo,Turbo,Old parr,Alcohol,N/A,1 COMBO,218600,218600,0%,218600/combo,https://www.rappi.com.co/search?query=old%20parr,Tienda Rappi: Turbo (Turbo Fresh) | Zona: Chicó / Chapinero / Zona Rosa
900165860_2121687908,Ballantine's Finest Whisky,Ballantine's,Turbo,Johnnie walker,Alcohol,N/A,700 ML,76900,76900,0%,109.86/ml,https://www.rappi.com.co/search?query=johnnie%20walker,Tienda Rappi: Turbo (Turbo Fresh) | Zona: Chicó / Chapinero / Zona Rosa
900165860_2121350603,The Glenlivet 12 Whisky Escocés,The,Turbo,Johnnie walker,Alcohol,N/A,700 ML,203700,203700,0%,291/ml,https://www.rappi.com.co/search?query=johnnie%20walker,Tienda Rappi: Turbo (Turbo Fresh) | Zona: Chicó / Chapinero / Zona Rosa
900165860_2093395916,Johnnie Walker Whisky Red Label Blended Scotch,Johnnie Walker,Turbo,Johnnie walker,Alcohol,N/A,1000 ML,103900,103900,0%,103.90/ml,https://www.rappi.com.co/search?query=johnnie%20walker,Tienda Rappi: Turbo (Turbo Fresh) | Zona: Chicó / Chapinero / Zona Rosa
900165860_2093526963,Johnnie Walker Whisky Black Label,Johnnie Walker,Turbo,Johnnie walker,Alcohol,N/A,700 ML,165200,165200,0%,236/ml,https://www.rappi.com.co/search?query=johnnie%20walker,Tienda Rappi: Turbo (Turbo Fresh) | Zona: Chicó / Chapinero / Zona Rosa
900165860_2093526962,Johnnie Walker Whisky Escocés Double Black,Johnnie Walker,Turbo,Johnnie walker,Alcohol,N/A,700 ML,199300,199300,0%,284.72/ml,https://www.rappi.com.co/search?query=johnnie%20walker,Tienda Rappi: Turbo (Turbo Fresh) | Zona: Chicó / Chapinero / Zona Rosa
900165860_2126848646,Combo The Glenlivet Founders Whisky + Selvati Manzana Roja,Combo,Turbo,Johnnie walker,Alcohol,N/A,1 COMBO,200000,200000,0%,200000/combo,https://www.rappi.com.co/search?query=johnnie%20walker,Tienda Rappi: Turbo (Turbo Fresh) | Zona: Chicó / Chapinero / Zona Rosa
900165860_2125605739,combo Jack & Coke Whisky Jack Daniels 700 mL+ Gaseosa Coca-Cola Original 1.5L,combo,Turbo,Johnnie walker,Alcohol,N/A,1 COMBO,147600,147600,0%,147600/combo,https://www.rappi.com.co/search?query=johnnie%20walker,Tienda Rappi: Turbo (Turbo Fresh) | Zona: Chicó / Chapinero / Zona Rosa
900165860_2126848647,Combo The Glenlivet Whisky + Selvati Naranja Deshidratada,Combo,Turbo,Johnnie walker,Alcohol,N/A,1 COMBO,200000,200000,0%,200000/combo,https://www.rappi.com.co/search?query=johnnie%20walker,Tienda Rappi: Turbo (Turbo Fresh) | Zona: Chicó / Chapinero / Zona Rosa
900165860_2093395752,Chivas Regal 12 Años Whisky,Chivas Regal,Turbo,Johnnie walker,Alcohol,N/A,700 ML,161100,161100,0%,230.15/ml,https://www.rappi.com.co/search?query=johnnie%20walker,Tienda Rappi: Turbo (Turbo Fresh) | Zona: Chicó / Chapinero / Zona Rosa
900165860_2125605741,combo Jack & Coke Zero Whisky Jack Daniels 700 mL+ Coca-Cola Gaseosa Zero 1.5 L,combo,Turbo,Johnnie walker,Alcohol,N/A,1 COMBO,147300,147300,0%,147300/combo,https://www.rappi.com.co/search?query=johnnie%20walker,Tienda Rappi: Turbo (Turbo Fresh) | Zona: Chicó / Chapinero / Zona Rosa
900165860_2093395574,Jameson Irish Whiskey,Jameson,Turbo,Johnnie walker,Alcohol,N/A,700 ML,135100,135100,0%,193/ml,https://www.rappi.com.co/search?query=johnnie%20walker,Tienda Rappi: Turbo (Turbo Fresh) | Zona: Chicó / Chapinero / Zona Rosa
900434592_2120597331,Johnnie Walker Whisky Escocés Red Label,Johnnie Walker,Oxxo,Johnnie walker,Alcohol,N/A,375 ML,55500,55500,0%,148/ml,https://www.rappi.com.co/search?query=johnnie%20walker,Tienda Rappi: Oxxo (Oxxo Super) | Zona: Chicó / Chapinero / Zona Rosa
900434592_2121200755,Johnnie Walker Whisky Black Label,Johnnie Walker,Oxxo,Johnnie walker,Alcohol,N/A,700 ML,172000,172000,0%,245.72/ml,https://www.rappi.com.co/search?query=johnnie%20walker,Tienda Rappi: Oxxo (Oxxo Super) | Zona: Chicó / Chapinero / Zona Rosa
900101308_2120878389,Johnnie Walker Whisky Red Label,Johnnie Walker,Licores JR,Johnnie walker,Alcohol,N/A,700 ML,72600,72600,0%,103.72/ml,https://www.rappi.com.co/search?query=johnnie%20walker,Tienda Rappi: Licores JR (Grupo Giraldo Home) | Zona: Chicó / Chapinero / Zona Rosa
900101308_2120878395,Johnnie Walker Whisky Black Label,Johnnie Walker,Licores JR,Johnnie walker,Alcohol,N/A,700 ML,154100,154100,0%,220.15/ml,https://www.rappi.com.co/search?query=johnnie%20walker,Tienda Rappi: Licores JR (Grupo Giraldo Home) | Zona: Chicó / Chapinero / Zona Rosa
900101308_2125292268,Whisky Jack Daniels 700 mL,Whisky,Licores JR,Johnnie walker,Alcohol,N/A,700 ML,123700,123700,0%,176.72/ml,https://www.rappi.com.co/search?query=johnnie%20walker,Tienda Rappi: Licores JR (Grupo Giraldo Home) | Zona: Chicó / Chapinero / Zona Rosa
900101308_2120089798,Whisky Jack Daniels Apple 700 mL,Whisky,Licores JR,Johnnie walker,Alcohol,N/A,700 ML,123700,123700,0%,176.72/ml,https://www.rappi.com.co/search?query=johnnie%20walker,Tienda Rappi: Licores JR (Grupo Giraldo Home) | Zona: Chicó / Chapinero / Zona Rosa
900101308_2120183409,Passport Whisky,Passport,Licores JR,Johnnie walker,Alcohol,N/A,700 ML,54800,54800,0%,78.29/ml,https://www.rappi.com.co/search?query=johnnie%20walker,Tienda Rappi: Licores JR (Grupo Giraldo Home) | Zona: Chicó / Chapinero / Zona Rosa
900423958_2121167849,Johnnie Walker Whisky Red Label Blended Scotch,Johnnie Walker,Jumbo,Johnnie walker,Alcohol,N/A,1000 ML,99890,99890,0%,99.89/ml,https://www.rappi.com.co/search?query=johnnie%20walker,Tienda Rappi: Jumbo (Jumbo Mt Mascotas) | Zona: Chicó / Chapinero / Zona Rosa
900423958_2122178862,Johnnie Walker Whisky Black Label,Johnnie Walker,Jumbo,Johnnie walker,Alcohol,N/A,700 ML,158790,158790,0%,226.85/ml,https://www.rappi.com.co/search?query=johnnie%20walker,Tienda Rappi: Jumbo (Jumbo Mt Mascotas) | Zona: Chicó / Chapinero / Zona Rosa
900423958_2121118975,Black and White whisky escocés 8 años 1000 ml,Black,Jumbo,Johnnie walker,Alcohol,N/A,1 L,79790,79790,0%,79.79/ml,https://www.rappi.com.co/search?query=johnnie%20walker,Tienda Rappi: Jumbo (Jumbo Mt Mascotas) | Zona: Chicó / Chapinero / Zona Rosa
900423958_2121914846,Glenfiddich Whisky 12 Años Single Malt,Glenfiddich,Jumbo,Johnnie walker,Alcohol,N/A,750 ML,234990,234990,0%,313.32/ml,https://www.rappi.com.co/search?query=johnnie%20walker,Tienda Rappi: Jumbo (Jumbo Mt Mascotas) | Zona: Chicó / Chapinero / Zona Rosa
900379388_2124525167,Johnnie Walker Whisky Red Label,Johnnie Walker,El Deskorche,Johnnie walker,Alcohol,N/A,700 ML,96000,96000,0%,137.15/ml,https://www.rappi.com.co/search?query=johnnie%20walker,Tienda Rappi: El Deskorche (El Deskorche Licores) | Zona: Chicó / Chapinero / Zona Rosa
900489869_2123574981,Johnnie Walker Whisky Premium Black Label,Johnnie Walker,Turbo,Black label,Alcohol,N/A,1000 ML,208500,208500,0%,208.50/ml,https://www.rappi.com.co/search?query=black%20label,Tienda Rappi: Turbo (Turbo Panini Ya) | Zona: Chicó / Chapinero / Zona Rosa
900489869_2093395916,Johnnie Walker Whisky Red Label Blended Scotch,Johnnie Walker,Turbo,Black label,Alcohol,N/A,1000 ML,103900,103900,0%,103.90/ml,https://www.rappi.com.co/search?query=black%20label,Tienda Rappi: Turbo (Turbo Panini Ya) | Zona: Chicó / Chapinero / Zona Rosa
900489869_2093526962,Johnnie Walker Whisky Escocés Double Black,Johnnie Walker,Turbo,Black label,Alcohol,N/A,700 ML,199300,199300,0%,284.72/ml,https://www.rappi.com.co/search?query=black%20label,Tienda Rappi: Turbo (Turbo Panini Ya) | Zona: Chicó / Chapinero / Zona Rosa
900489869_2126848646,Combo The Glenlivet Founders Whisky + Selvati Manzana Roja,Combo,Turbo,Black label,Alcohol,N/A,1 COMBO,200000,200000,0%,200000/combo,https://www.rappi.com.co/search?query=black%20label,Tienda Rappi: Turbo (Turbo Panini Ya) | Zona: Chicó / Chapinero / Zona Rosa
900480425_2126321093,Whisky Jac Daniels 50ml Con Mostacho,Whisky,PAPER WORLD,Black label,Alcohol,N/A,50 ML,33600,33600,0%,672/ml,https://www.rappi.com.co/search?query=black%20label,Tienda Rappi: PAPER WORLD | Zona: Chicó / Chapinero / Zona Rosa
900480425_2126321111,Whisky Jack Daniels 50ml,Whisky,PAPER WORLD,Black label,Alcohol,N/A,50 ML,32500,32500,0%,650/ml,https://www.rappi.com.co/search?query=black%20label,Tienda Rappi: PAPER WORLD | Zona: Chicó / Chapinero / Zona Rosa
900480425_2126321140,Whisky Chivas Regal 50ml,Chivas Regal,PAPER WORLD,Black label,Alcohol,N/A,50 ML,44500,44500,0%,890/ml,https://www.rappi.com.co/search?query=black%20label,Tienda Rappi: PAPER WORLD | Zona: Chicó / Chapinero / Zona Rosa
900479823_2126321092,Whisky Jack Daniels 50ml Con Mostacho,Whisky,PUNTO 360,Black label,Alcohol,N/A,50 ML,33600,33600,0%,672/ml,https://www.rappi.com.co/search?query=black%20label,Tienda Rappi: PUNTO 360 | Zona: Chicó / Chapinero / Zona Rosa
900479823_2126321138,Whisky Chivas Regal 50ml,Chivas Regal,PUNTO 360,Black label,Alcohol,N/A,50 ML,44500,44500,0%,890/ml,https://www.rappi.com.co/search?query=black%20label,Tienda Rappi: PUNTO 360 | Zona: Chicó / Chapinero / Zona Rosa
900479823_2126321109,Whisky Jack Daniels 50ml,Whisky,PUNTO 360,Black label,Alcohol,N/A,50 ML,32500,32500,0%,650/ml,https://www.rappi.com.co/search?query=black%20label,Tienda Rappi: PUNTO 360 | Zona: Chicó / Chapinero / Zona Rosa
900165860_2093395620,The Highland Supreme Whisky Escocés Mezclado,The,Turbo,Double black,Alcohol,N/A,750 ML,116500,116500,0%,155.34/ml,https://www.rappi.com.co/search?query=double%20black,Tienda Rappi: Turbo (Turbo Fresh) | Zona: Chicó / Chapinero / Zona Rosa
900165860_2121155238,Chivas Extra 13 Sherry Whisky,Chivas,Turbo,Chivas regal,Alcohol,N/A,700 ML,185100,185100,0%,264.43/ml,https://www.rappi.com.co/search?query=chivas%20regal,Tienda Rappi: Turbo (Turbo Fresh) | Zona: Chicó / Chapinero / Zona Rosa
900165860_2121155191,Buchanans Deluxe whisky escocés 12 años 750 ml,Buchanans,Turbo,Chivas regal,Alcohol,N/A,750 ML,187100,187100,0%,249.47/ml,https://www.rappi.com.co/search?query=chivas%20regal,Tienda Rappi: Turbo (Turbo Fresh) | Zona: Chicó / Chapinero / Zona Rosa
900417176_2126321135,Whisky Chivas Regal 50ml,Chivas Regal,ROSA MORENA PAPELERIA FIESTAS Y VARIEDADES,Chivas regal,Alcohol,N/A,50 ML,44500,44500,0%,890/ml,https://www.rappi.com.co/search?query=chivas%20regal,Tienda Rappi: ROSA MORENA PAPELERIA FIESTAS Y VARIEDADES | Zona: Chicó / Chapinero / Zona Rosa
900417176_2126321129,Whisky Chivas Regal 50ml Con Mostacho,Chivas Regal,ROSA MORENA PAPELERIA FIESTAS Y VARIEDADES,Chivas regal,Alcohol,N/A,50 ML,46000,46000,0%,920/ml,https://www.rappi.com.co/search?query=chivas%20regal,Tienda Rappi: ROSA MORENA PAPELERIA FIESTAS Y VARIEDADES | Zona: Chicó / Chapinero / Zona Rosa
900101308_2120136991,Chivas Regal Extra Whisky Escocés 12 Años,Chivas Regal,Licores JR,Chivas regal,Alcohol,N/A,1 L,184500,184500,0%,184.50/ml,https://www.rappi.com.co/search?query=chivas%20regal,Tienda Rappi: Licores JR (Grupo Giraldo Home) | Zona: Chicó / Chapinero / Zona Rosa
900101308_2121322959,Chivas Regal 12 Años Whisky,Chivas Regal,Licores JR,Chivas regal,Alcohol,N/A,700 ML,146900,134415,8%,192.02/ml,https://www.rappi.com.co/search?query=chivas%20regal,Tienda Rappi: Licores JR (Grupo Giraldo Home) | Zona: Chicó / Chapinero / Zona Rosa
900101308_2120261524,Chivas Regal Whisky 12 Años,Chivas Regal,Licores JR,Chivas regal,Alcohol,N/A,375 ML,85200,85200,0%,227.20/ml,https://www.rappi.com.co/search?query=chivas%20regal,Tienda Rappi: Licores JR (Grupo Giraldo Home) | Zona: Chicó / Chapinero / Zona Rosa
900101308_2120050496,Chivas Regal Extra 13 años Whisky 375 ml,Chivas Regal,Licores JR,Chivas regal,Alcohol,N/A,375 ML,89900,89900,0%,239.74/ml,https://www.rappi.com.co/search?query=chivas%20regal,Tienda Rappi: Licores JR (Grupo Giraldo Home) | Zona: Chicó / Chapinero / Zona Rosa
900101308_2119995150,Chivas Regal Extra 13 años Whisky 200 ml,Chivas Regal,Licores JR,Chivas regal,Alcohol,N/A,200 ML,51700,51700,0%,258.50/ml,https://www.rappi.com.co/search?query=chivas%20regal,Tienda Rappi: Licores JR (Grupo Giraldo Home) | Zona: Chicó / Chapinero / Zona Rosa
900101308_2120358973,Chivas Regal Whisky 12 Años,Chivas Regal,Licores JR,Chivas regal,Alcohol,N/A,200 ML,44900,44900,0%,224.50/ml,https://www.rappi.com.co/search?query=chivas%20regal,Tienda Rappi: Licores JR (Grupo Giraldo Home) | Zona: Chicó / Chapinero / Zona Rosa
900101308_2119717326,Chivas Regal 12 años Whisky 1750 ml,Chivas Regal,Licores JR,Chivas regal,Alcohol,N/A,1.75 L,291500,291500,0%,166.58/ml,https://www.rappi.com.co/search?query=chivas%20regal,Tienda Rappi: Licores JR (Grupo Giraldo Home) | Zona: Chicó / Chapinero / Zona Rosa
900101308_2120039129,Chivas Regal Whisky 18 Años,Chivas Regal,Licores JR,Chivas regal,Alcohol,N/A,700 ML,392900,392900,0%,561.29/ml,https://www.rappi.com.co/search?query=chivas%20regal,Tienda Rappi: Licores JR (Grupo Giraldo Home) | Zona: Chicó / Chapinero / Zona Rosa
900101308_2119676283,Chivas Extra 13 Tequila Whisky,Chivas,Licores JR,Chivas regal,Alcohol,N/A,700 ML,183900,183900,0%,262.72/ml,https://www.rappi.com.co/search?query=chivas%20regal,Tienda Rappi: Licores JR (Grupo Giraldo Home) | Zona: Chicó / Chapinero / Zona Rosa
900101308_2119680850,Chivas Regal 18 años Whisky 200 ml,Chivas Regal,Licores JR,Chivas regal,Alcohol,N/A,200 ML,121000,121000,0%,605/ml,https://www.rappi.com.co/search?query=chivas%20regal,Tienda Rappi: Licores JR (Grupo Giraldo Home) | Zona: Chicó / Chapinero / Zona Rosa
900101308_2120008117,Chivas Regal 18 años Whisky 50 ml,Chivas Regal,Licores JR,Chivas regal,Alcohol,N/A,50 ML,39000,39000,0%,780/ml,https://www.rappi.com.co/search?query=chivas%20regal,Tienda Rappi: Licores JR (Grupo Giraldo Home) | Zona: Chicó / Chapinero / Zona Rosa
900101308_2120072069,Chivas Extra 13 Sherry Whisky,Chivas,Licores JR,Chivas regal,Alcohol,N/A,700 ML,169000,169000,0%,241.43/ml,https://www.rappi.com.co/search?query=chivas%20regal,Tienda Rappi: Licores JR (Grupo Giraldo Home) | Zona: Chicó / Chapinero / Zona Rosa
900101308_2119706435,Chivas Regal Whisky Mizunara,Chivas Regal,Licores JR,Chivas regal,Alcohol,N/A,700 ML,282600,282600,0%,403.72/ml,https://www.rappi.com.co/search?query=chivas%20regal,Tienda Rappi: Licores JR (Grupo Giraldo Home) | Zona: Chicó / Chapinero / Zona Rosa
900101308_2122238506,Glenfiddich Whisky 12 Años Single Malt 750 Ml,Glenfiddich,Licores JR,Chivas regal,Alcohol,N/A,750 ML,211900,211900,0%,282.54/ml,https://www.rappi.com.co/search?query=chivas%20regal,Tienda Rappi: Licores JR (Grupo Giraldo Home) | Zona: Chicó / Chapinero / Zona Rosa
900434592_2121201096,Chivas Regal 12 Años Whisky,Chivas Regal,Oxxo,Chivas regal,Alcohol,N/A,700 ML,153900,107700,30%,153.86/ml,https://www.rappi.com.co/search?query=chivas%20regal,Tienda Rappi: Oxxo (Oxxo Super) | Zona: Chicó / Chapinero / Zona Rosa
900434592_2121198217,Chivas Extra 13 Sherry Whisky,Chivas,Oxxo,Chivas regal,Alcohol,N/A,700 ML,175900,123100,30%,175.86/ml,https://www.rappi.com.co/search?query=chivas%20regal,Tienda Rappi: Oxxo (Oxxo Super) | Zona: Chicó / Chapinero / Zona Rosa
900437490_2126321136,Whisky Chivas Regal 50ml,Chivas Regal,BYG PAPELERIA FIESTAS Y VARIEDADES,Chivas regal,Alcohol,N/A,50 ML,44500,44500,0%,890/ml,https://www.rappi.com.co/search?query=chivas%20regal,Tienda Rappi: BYG PAPELERIA FIESTAS Y VARIEDADES (PAPELERIA FIESTAS Y VARIEDADES BYM) | Zona: Chicó / Chapinero / Zona Rosa
900437490_2126321130,Whisky Chivas Regal 50ml Con Mostacho,Chivas Regal,BYG PAPELERIA FIESTAS Y VARIEDADES,Chivas regal,Alcohol,N/A,50 ML,46000,46000,0%,920/ml,https://www.rappi.com.co/search?query=chivas%20regal,Tienda Rappi: BYG PAPELERIA FIESTAS Y VARIEDADES (PAPELERIA FIESTAS Y VARIEDADES BYM) | Zona: Chicó / Chapinero / Zona Rosa
900437490_2126321089,Whisky Jack Daniels 50ml Con Mostacho,Whisky,BYG PAPELERIA FIESTAS Y VARIEDADES,Chivas regal,Alcohol,N/A,50 ML,33600,33600,0%,672/ml,https://www.rappi.com.co/search?query=chivas%20regal,Tienda Rappi: BYG PAPELERIA FIESTAS Y VARIEDADES (PAPELERIA FIESTAS Y VARIEDADES BYM) | Zona: Chicó / Chapinero / Zona Rosa
900165860_2122013209,Whisky Jack Daniels 700 mL,Whisky,Turbo,Jack daniels,Alcohol,N/A,700 ML,140100,119085,15%,170.13/ml,https://www.rappi.com.co/search?query=jack%20daniels,Tienda Rappi: Turbo (Turbo Fresh) | Zona: Chicó / Chapinero / Zona Rosa
900165860_2122051399,Whisky Jack Daniels Honey 700 mL,Whisky,Turbo,Jack daniels,Alcohol,N/A,700 ML,140100,119085,15%,170.13/ml,https://www.rappi.com.co/search?query=jack%20daniels,Tienda Rappi: Turbo (Turbo Fresh) | Zona: Chicó / Chapinero / Zona Rosa
900165860_2120630457,Whisky Jack Daniels Apple 700 mL,Whisky,Turbo,Jack daniels,Alcohol,N/A,700 ML,140000,112000,20%,160/ml,https://www.rappi.com.co/search?query=jack%20daniels,Tienda Rappi: Turbo (Turbo Fresh) | Zona: Chicó / Chapinero / Zona Rosa
900165860_2123574948,Whisky Jack Daniels Fire 700 mL,Whisky,Turbo,Jack daniels,Alcohol,N/A,700 ML,140000,112000,20%,160/ml,https://www.rappi.com.co/search?query=jack%20daniels,Tienda Rappi: Turbo (Turbo Fresh) | Zona: Chicó / Chapinero / Zona Rosa
900165860_2124030226,Whiskey Jack Daniel´s No.7 1.0 L,Whiskey,Turbo,Jack daniels,Alcohol,N/A,1 L,207100,165680,20%,165.68/ml,https://www.rappi.com.co/search?query=jack%20daniels,Tienda Rappi: Turbo (Turbo Fresh) | Zona: Chicó / Chapinero / Zona Rosa
900101308_2119685671,Whisky Jack Daniels Honey 700 mL,Whisky,Licores JR,Jack daniels,Alcohol,N/A,700 ML,123700,123700,0%,176.72/ml,https://www.rappi.com.co/search?query=jack%20daniels,Tienda Rappi: Licores JR (Grupo Giraldo Home) | Zona: Chicó / Chapinero / Zona Rosa
900101308_2120134991,Jack Daniel's Whisky Tennessee,Jack Daniel's,Licores JR,Jack daniels,Alcohol,N/A,50 ML,11000,11000,0%,220/ml,https://www.rappi.com.co/search?query=jack%20daniels,Tienda Rappi: Licores JR (Grupo Giraldo Home) | Zona: Chicó / Chapinero / Zona Rosa
900101308_2120099082,Whisky Jack Daniels 375 mL,Whisky,Licores JR,Jack daniels,Alcohol,N/A,375 ML,70100,70100,0%,186.94/ml,https://www.rappi.com.co/search?query=jack%20daniels,Tienda Rappi: Licores JR (Grupo Giraldo Home) | Zona: Chicó / Chapinero / Zona Rosa
900101308_2119723895,Whisky Jack Daniels Single Barrel 700 mL,Whisky,Licores JR,Jack daniels,Alcohol,N/A,700 ML,265700,265700,0%,379.58/ml,https://www.rappi.com.co/search?query=jack%20daniels,Tienda Rappi: Licores JR (Grupo Giraldo Home) | Zona: Chicó / Chapinero / Zona Rosa
900401757_2120743342,Whisky Jack Daniels Honey 750ml,Whisky,Los Gemelos Premium Store,Jack daniels,Alcohol,N/A,750 ML,150000,150000,0%,200/ml,https://www.rappi.com.co/search?query=jack%20daniels,Tienda Rappi: Los Gemelos Premium Store (los gemelos de la 44 sas) | Zona: Chicó / Chapinero / Zona Rosa
900401757_2120040542,Whisky Jack Daniels Apple 750ml,Whisky,Los Gemelos Premium Store,Jack daniels,Alcohol,N/A,750 ML,150000,150000,0%,200/ml,https://www.rappi.com.co/search?query=jack%20daniels,Tienda Rappi: Los Gemelos Premium Store (los gemelos de la 44 sas) | Zona: Chicó / Chapinero / Zona Rosa
900401757_2119973771,Whisky Jack Daniels 750ml,Whisky,Los Gemelos Premium Store,Jack daniels,Alcohol,N/A,750 ML,125000,125000,0%,166.67/ml,https://www.rappi.com.co/search?query=jack%20daniels,Tienda Rappi: Los Gemelos Premium Store (los gemelos de la 44 sas) | Zona: Chicó / Chapinero / Zona Rosa
900401757_2120095607,Whisky Jack Daniels Fire 750ml,Whisky,Los Gemelos Premium Store,Jack daniels,Alcohol,N/A,750 ML,150000,150000,0%,200/ml,https://www.rappi.com.co/search?query=jack%20daniels,Tienda Rappi: Los Gemelos Premium Store (los gemelos de la 44 sas) | Zona: Chicó / Chapinero / Zona Rosa
900434592_2122607869,Whisky Jack Daniels Apple 700 mL,Whisky,Oxxo,Jack daniels,Alcohol,N/A,700 ML,134900,134900,0%,192.72/ml,https://www.rappi.com.co/search?query=jack%20daniels,Tienda Rappi: Oxxo (Oxxo Super) | Zona: Chicó / Chapinero / Zona Rosa
900423958_2120916917,Whisky Jack Daniels 700 mL,Whisky,Jumbo,Jack daniels,Alcohol,N/A,700 ML,134700,134700,0%,192.43/ml,https://www.rappi.com.co/search?query=jack%20daniels,Tienda Rappi: Jumbo (Jumbo Mt Mascotas) | Zona: Chicó / Chapinero / Zona Rosa
900165860_2126671299,Glenfiddich Whisky 12 yo,Glenfiddich,Turbo,Glenfiddich,Alcohol,N/A,700 ML,226500,226500,0%,323.58/ml,https://www.rappi.com.co/search?query=glenfiddich,Tienda Rappi: Turbo (Turbo Fresh) | Zona: Chicó / Chapinero / Zona Rosa
900165860_2126848649,Combo The Glenlivet Founders Whisky + Selvati Piña Deshidratada,Combo,Turbo,Glenfiddich,Alcohol,N/A,1 COMBO,200000,200000,0%,200000/combo,https://www.rappi.com.co/search?query=glenfiddich,Tienda Rappi: Turbo (Turbo Fresh) | Zona: Chicó / Chapinero / Zona Rosa
900165860_2126848654,Combo The Glenlivet Whisky + Selvati Coco Deshidratado,Combo,Turbo,Glenfiddich,Alcohol,N/A,1 COMBO,218600,218600,0%,218600/combo,https://www.rappi.com.co/search?query=glenfiddich,Tienda Rappi: Turbo (Turbo Fresh) | Zona: Chicó / Chapinero / Zona Rosa
900165860_2093569145,The Singleton Whisky Escoces de Malta 12 Años,Singleton,Turbo,Glenfiddich,Alcohol,N/A,700 ML,190400,190400,0%,272/ml,https://www.rappi.com.co/search?query=glenfiddich,Tienda Rappi: Turbo (Turbo Fresh) | Zona: Chicó / Chapinero / Zona Rosa
900101308_2120054298,Glenfiddich Whisky 18 Años Single Malt 750 Ml,Glenfiddich,Licores JR,Glenfiddich,Alcohol,N/A,750 ML,585600,585600,0%,780.80/ml,https://www.rappi.com.co/search?query=glenfiddich,Tienda Rappi: Licores JR (Grupo Giraldo Home) | Zona: Chicó / Chapinero / Zona Rosa
900101308_2122238504,The Balvenie 12 Años Single Malt Scotch Whisky 750 Ml,The,Licores JR,Glenfiddich,Alcohol,N/A,750 ML,587200,587200,0%,782.94/ml,https://www.rappi.com.co/search?query=glenfiddich,Tienda Rappi: Licores JR (Grupo Giraldo Home) | Zona: Chicó / Chapinero / Zona Rosa
900101308_2119966565,The Glenlivet 12 Whisky Escocés,The,Licores JR,Glenfiddich,Alcohol,N/A,700 ML,200100,182090,9%,260.13/ml,https://www.rappi.com.co/search?query=glenfiddich,Tienda Rappi: Licores JR (Grupo Giraldo Home) | Zona: Chicó / Chapinero / Zona Rosa
900101308_2120801964,Macallan Whisky Double Cask 18 Years,Macallan,Licores JR,Glenfiddich,Alcohol,N/A,700 ML,2108500,2108500,0%,3012.15/ml,https://www.rappi.com.co/search?query=glenfiddich,Tienda Rappi: Licores JR (Grupo Giraldo Home) | Zona: Chicó / Chapinero / Zona Rosa
900101308_2119998050,The Glenlivet 15 Años Whisky,The,Licores JR,Glenfiddich,Alcohol,N/A,700 ML,333100,333100,0%,475.86/ml,https://www.rappi.com.co/search?query=glenfiddich,Tienda Rappi: Licores JR (Grupo Giraldo Home) | Zona: Chicó / Chapinero / Zona Rosa
900101308_2120152526,Macallan Whisky Rare Cask,Macallan,Licores JR,Glenfiddich,Alcohol,N/A,700 ML,2009400,2009400,0%,2870.58/ml,https://www.rappi.com.co/search?query=glenfiddich,Tienda Rappi: Licores JR (Grupo Giraldo Home) | Zona: Chicó / Chapinero / Zona Rosa
900101308_2123153893,Whisky Glensilver Bot 700 Ml,Whisky,Licores JR,Glenfiddich,Alcohol,N/A,700 ML,62900,62900,0%,89.86/ml,https://www.rappi.com.co/search?query=glenfiddich,Tienda Rappi: Licores JR (Grupo Giraldo Home) | Zona: Chicó / Chapinero / Zona Rosa
900101308_2123167894,Whisky Glensilver Can 350 Ml,Whisky,Licores JR,Glenfiddich,Alcohol,N/A,350 ML,31900,31900,0%,91.15/ml,https://www.rappi.com.co/search?query=glenfiddich,Tienda Rappi: Licores JR (Grupo Giraldo Home) | Zona: Chicó / Chapinero / Zona Rosa
900401757_2120155374,Whisky Old Parr 18 Años 750ml,Old Parr,Los Gemelos Premium Store,Glenfiddich,Alcohol,N/A,750 ML,425000,425000,0%,566.67/ml,https://www.rappi.com.co/search?query=glenfiddich,Tienda Rappi: Los Gemelos Premium Store (los gemelos de la 44 sas) | Zona: Chicó / Chapinero / Zona Rosa
900401757_2121116523,Whisky Old Par 12 Años 750ml,Whisky,Los Gemelos Premium Store,Glenfiddich,Alcohol,N/A,750 ML,175000,175000,0%,233.34/ml,https://www.rappi.com.co/search?query=glenfiddich,Tienda Rappi: Los Gemelos Premium Store (los gemelos de la 44 sas) | Zona: Chicó / Chapinero / Zona Rosa
900401757_2120017188,Whisky Buchanans 12 Años 750ml,Whisky,Los Gemelos Premium Store,Glenfiddich,Alcohol,N/A,750 ML,195000,195000,0%,260/ml,https://www.rappi.com.co/search?query=glenfiddich,Tienda Rappi: Los Gemelos Premium Store (los gemelos de la 44 sas) | Zona: Chicó / Chapinero / Zona Rosa
900430450_2125088527,Old Parr Whisky Premium Escocés 12 Años,Old Parr,El Mini Súper Cali,Glenfiddich,Alcohol,N/A,750 ML,175000,175000,0%,233.34/ml,https://www.rappi.com.co/search?query=glenfiddich,Tienda Rappi: El Mini Súper Cali (El Minisuper) | Zona: Chicó / Chapinero / Zona Rosa
900489869_2126848653,Combo The Glenlivet 12 Whisky Escocés + Selvati Manzana Roja,Combo,Turbo,Macallan,Alcohol,N/A,1 COMBO,218600,218600,0%,218600/combo,https://www.rappi.com.co/search?query=macallan,Tienda Rappi: Turbo (Turbo Panini Ya) | Zona: Chicó / Chapinero / Zona Rosa
900489869_2121350603,The Glenlivet 12 Whisky Escocés,The,Turbo,Macallan,Alcohol,N/A,700 ML,203700,203700,0%,291/ml,https://www.rappi.com.co/search?query=macallan,Tienda Rappi: Turbo (Turbo Panini Ya) | Zona: Chicó / Chapinero / Zona Rosa
900489869_2126848651,Combo The Glenlivet Whisky + Selvati Piña Deshidratada,Combo,Turbo,Macallan,Alcohol,N/A,1 COMBO,218600,218600,0%,218600/combo,https://www.rappi.com.co/search?query=macallan,Tienda Rappi: Turbo (Turbo Panini Ya) | Zona: Chicó / Chapinero / Zona Rosa
900489869_2126848647,Combo The Glenlivet Whisky + Selvati Naranja Deshidratada,Combo,Turbo,Macallan,Alcohol,N/A,1 COMBO,200000,200000,0%,200000/combo,https://www.rappi.com.co/search?query=macallan,Tienda Rappi: Turbo (Turbo Panini Ya) | Zona: Chicó / Chapinero / Zona Rosa
900489869_2126848649,Combo The Glenlivet Founders Whisky + Selvati Piña Deshidratada,Combo,Turbo,Macallan,Alcohol,N/A,1 COMBO,200000,200000,0%,200000/combo,https://www.rappi.com.co/search?query=macallan,Tienda Rappi: Turbo (Turbo Panini Ya) | Zona: Chicó / Chapinero / Zona Rosa
900489869_2126671299,Glenfiddich Whisky 12 yo,Glenfiddich,Turbo,Macallan,Alcohol,N/A,700 ML,226500,226500,0%,323.58/ml,https://www.rappi.com.co/search?query=macallan,Tienda Rappi: Turbo (Turbo Panini Ya) | Zona: Chicó / Chapinero / Zona Rosa
900489869_2121155238,Chivas Extra 13 Sherry Whisky,Chivas,Turbo,Macallan,Alcohol,N/A,700 ML,185100,185100,0%,264.43/ml,https://www.rappi.com.co/search?query=macallan,Tienda Rappi: Turbo (Turbo Panini Ya) | Zona: Chicó / Chapinero / Zona Rosa
900029632_1087643,Cerveza Aguila Light Lta 330ml,Aguila,Fritanga Buen Frito,Macallan,Alcohol,N/A,1 UND,8500,8500,0%,8500.0,https://www.rappi.com.co/search?query=macallan,Tienda Rappi: Fritanga Buen Frito | Zona: Chicó / Chapinero / Zona Rosa
900101308_2124418834,Macallan Whisky Double Cask,Macallan,Licores JR,Macallan,Alcohol,N/A,700 ML,381600,381600,0%,545.15/ml,https://www.rappi.com.co/search?query=macallan,Tienda Rappi: Licores JR (Grupo Giraldo Home) | Zona: Chicó / Chapinero / Zona Rosa
900101308_2119993605,Macallan Whisky Double Cask 15 Years,Macallan,Licores JR,Macallan,Alcohol,N/A,700 ML,828400,828400,0%,1183.43/ml,https://www.rappi.com.co/search?query=macallan,Tienda Rappi: Licores JR (Grupo Giraldo Home) | Zona: Chicó / Chapinero / Zona Rosa
900101308_2125882523,Whisky Glenlivet Captains Reserve,Whisky,Licores JR,Macallan,Alcohol,N/A,700 ML,219300,219300,0%,313.29/ml,https://www.rappi.com.co/search?query=macallan,Tienda Rappi: Licores JR (Grupo Giraldo Home) | Zona: Chicó / Chapinero / Zona Rosa
900023163_1134666,Corona 330 ml,Corona,Empanaditas Obelisco,Macallan,Alcohol,N/A,1 UND,14000,14000,0%,14000.0,https://www.rappi.com.co/search?query=macallan,Tienda Rappi: Empanaditas Obelisco | Zona: Chicó / Chapinero / Zona Rosa
900423958_2121553349,Chivas Extra 13 Tequila Whisky,Chivas,Jumbo,Macallan,Alcohol,N/A,700 ML,203990,142790,30%,203.99/ml,https://www.rappi.com.co/search?query=macallan,Tienda Rappi: Jumbo (Jumbo Mt Mascotas) | Zona: Chicó / Chapinero / Zona Rosa
900165860_2093526982,The Glenlivet Founders Whisky,The,Turbo,Singleton,Alcohol,N/A,700 ML,185100,185100,0%,264.43/ml,https://www.rappi.com.co/search?query=singleton,Tienda Rappi: Turbo (Turbo Fresh) | Zona: Chicó / Chapinero / Zona Rosa
900165860_2126848630,Combo Buchanans Whisky Deluxe + Selvati Naranja Deshidratada,Combo,Turbo,Singleton,Alcohol,N/A,1 COMBO,202000,202000,0%,202000/combo,https://www.rappi.com.co/search?query=singleton,Tienda Rappi: Turbo (Turbo Fresh) | Zona: Chicó / Chapinero / Zona Rosa
900165860_2126848636,Combo Buchanan's Whisky Master + Selvati Naranja Deshidratada,Buchanan's,Turbo,Singleton,Alcohol,N/A,1 COMBO,230100,230100,0%,230100/combo,https://www.rappi.com.co/search?query=singleton,Tienda Rappi: Turbo (Turbo Fresh) | Zona: Chicó / Chapinero / Zona Rosa
900165860_2122998106,The Glenlivet Caribbean Reserve Whisky,The,Turbo,Singleton,Alcohol,N/A,700 ML,186100,186100,0%,265.86/ml,https://www.rappi.com.co/search?query=singleton,Tienda Rappi: Turbo (Turbo Fresh) | Zona: Chicó / Chapinero / Zona Rosa
900101308_2120016480,The Glenlivet Founders Whisky,The,Licores JR,Singleton,Alcohol,N/A,700 ML,168900,143565,15%,205.10/ml,https://www.rappi.com.co/search?query=singleton,Tienda Rappi: Licores JR (Grupo Giraldo Home) | Zona: Chicó / Chapinero / Zona Rosa
900101308_2120000382,Something Special Whisky,Something,Licores JR,Singleton,Alcohol,N/A,750 ML,73500,73500,0%,98/ml,https://www.rappi.com.co/search?query=singleton,Tienda Rappi: Licores JR (Grupo Giraldo Home) | Zona: Chicó / Chapinero / Zona Rosa
900101308_2120058767,Something Special Whisky,Something,Licores JR,Singleton,Alcohol,N/A,1 L,93300,93300,0%,93.30/ml,https://www.rappi.com.co/search?query=singleton,Tienda Rappi: Licores JR (Grupo Giraldo Home) | Zona: Chicó / Chapinero / Zona Rosa
900101308_2123189592,The Glenlivet Caribbean Reserve Whisky,The,Licores JR,Singleton,Alcohol,N/A,700 ML,177800,142775,20%,203.97/ml,https://www.rappi.com.co/search?query=singleton,Tienda Rappi: Licores JR (Grupo Giraldo Home) | Zona: Chicó / Chapinero / Zona Rosa
900101308_2120090173,Ballantine's Finest Whisky,Ballantine's,Licores JR,Singleton,Alcohol,N/A,700 ML,69500,69500,0%,99.29/ml,https://www.rappi.com.co/search?query=singleton,Tienda Rappi: Licores JR (Grupo Giraldo Home) | Zona: Chicó / Chapinero / Zona Rosa
900101308_2125256399,Whisky Kurayoshi Pura Malta 700ml,Whisky,Licores JR,Singleton,Alcohol,N/A,700 ML,803500,803500,0%,1147.86/ml,https://www.rappi.com.co/search?query=singleton,Tienda Rappi: Licores JR (Grupo Giraldo Home) | Zona: Chicó / Chapinero / Zona Rosa
900101308_2120700704,Ballantine's Finest Whisky,Ballantine's,Licores JR,Singleton,Alcohol,N/A,200 ML,24900,24900,0%,124.50/ml,https://www.rappi.com.co/search?query=singleton,Tienda Rappi: Licores JR (Grupo Giraldo Home) | Zona: Chicó / Chapinero / Zona Rosa
900101308_2119857251,Ballantine's Finest Whisky,Ballantine's,Licores JR,Singleton,Alcohol,N/A,1 L,88900,88900,0%,88.90/ml,https://www.rappi.com.co/search?query=singleton,Tienda Rappi: Licores JR (Grupo Giraldo Home) | Zona: Chicó / Chapinero / Zona Rosa
900401757_2120010152,Whisky Something Special 750ml,Whisky,Los Gemelos Premium Store,Singleton,Alcohol,N/A,750 ML,80000,80000,0%,106.67/ml,https://www.rappi.com.co/search?query=singleton,Tienda Rappi: Los Gemelos Premium Store (los gemelos de la 44 sas) | Zona: Chicó / Chapinero / Zona Rosa
900434592_2123920454,Ballantine's Finest Whisky,Ballantine's,Oxxo,Singleton,Alcohol,N/A,700 ML,79900,67900,15%,97/ml,https://www.rappi.com.co/search?query=singleton,Tienda Rappi: Oxxo (Oxxo Super) | Zona: Chicó / Chapinero / Zona Rosa
900489869_2093395574,Jameson Irish Whiskey,Jameson,Turbo,Jameson,Alcohol,N/A,700 ML,135100,135100,0%,193/ml,https://www.rappi.com.co/search?query=jameson,Tienda Rappi: Turbo (Turbo Panini Ya) | Zona: Chicó / Chapinero / Zona Rosa
900489869_2093526982,The Glenlivet Founders Whisky,The,Turbo,Jameson,Alcohol,N/A,700 ML,185100,185100,0%,264.43/ml,https://www.rappi.com.co/search?query=jameson,Tienda Rappi: Turbo (Turbo Panini Ya) | Zona: Chicó / Chapinero / Zona Rosa
900489869_2122998106,The Glenlivet Caribbean Reserve Whisky,The,Turbo,Jameson,Alcohol,N/A,700 ML,186100,186100,0%,265.86/ml,https://www.rappi.com.co/search?query=jameson,Tienda Rappi: Turbo (Turbo Panini Ya) | Zona: Chicó / Chapinero / Zona Rosa
900489869_2121687908,Ballantine's Finest Whisky,Ballantine's,Turbo,Jameson,Alcohol,N/A,700 ML,76900,76900,0%,109.86/ml,https://www.rappi.com.co/search?query=jameson,Tienda Rappi: Turbo (Turbo Panini Ya) | Zona: Chicó / Chapinero / Zona Rosa
900426812_3340306,Cerveza Sol 330 ml,Cerveza,Martín Birriería Av Sexta - Turbo,Jameson,Alcohol,N/A,1 UND,9500,9500,0%,9500.0,https://www.rappi.com.co/search?query=jameson,Tienda Rappi: Martín Birriería Av Sexta - Turbo (Martín Birriería - Turbo) | Zona: Chicó / Chapinero / Zona Rosa
900101308_2120081051,Jameson Irish Whiskey,Jameson,Licores JR,Jameson,Alcohol,N/A,700 ML,122700,122700,0%,175.29/ml,https://www.rappi.com.co/search?query=jameson,Tienda Rappi: Licores JR (Grupo Giraldo Home) | Zona: Chicó / Chapinero / Zona Rosa
900101308_2120162026,Jameson Irish Whiskey,Jameson,Licores JR,Jameson,Alcohol,N/A,350 ML,68900,68900,0%,196.86/ml,https://www.rappi.com.co/search?query=jameson,Tienda Rappi: Licores JR (Grupo Giraldo Home) | Zona: Chicó / Chapinero / Zona Rosa
900441493_2124955313,Baileys Original Whisky Bailey,Baileys,Floristeria Maria Y Cia Vipasa Cali,Ballantines,Alcohol,N/A,750 ML,95000,95000,0%,126.67/ml,https://www.rappi.com.co/search?query=ballantines,Tienda Rappi: Floristeria Maria Y Cia Vipasa Cali (FLORERIA MARIA Y CIA VIPASA CALI) | Zona: Chicó / Chapinero / Zona Rosa
900423958_2119967943,Ballantine's Finest Whisky,Ballantine's,Jumbo,Ballantines,Alcohol,N/A,700 ML,76990,60990,21%,87.13/ml,https://www.rappi.com.co/search?query=ballantines,Tienda Rappi: Jumbo (Jumbo Mt Mascotas) | Zona: Chicó / Chapinero / Zona Rosa
900423958_2119992119,Grant's Whisky Escocés Blended Triple Wood,Grant's,Jumbo,Grants,Alcohol,N/A,1 L,100990,100990,0%,100.99/ml,https://www.rappi.com.co/search?query=grants,Tienda Rappi: Jumbo (Jumbo Mt Mascotas) | Zona: Chicó / Chapinero / Zona Rosa
900423958_2120019127,Grants Whisky Escocés Triple Wood,Grants,Jumbo,Grants,Alcohol,N/A,1.75 ML,169900,169900,0%,97085.72/ml,https://www.rappi.com.co/search?query=grants,Tienda Rappi: Jumbo (Jumbo Mt Mascotas) | Zona: Chicó / Chapinero / Zona Rosa
900423958_2121112132,Grants Whisky Escocés Triple Wood,Grants,Jumbo,Grants,Alcohol,N/A,700 ML,75900,75900,0%,108.43/ml,https://www.rappi.com.co/search?query=grants,Tienda Rappi: Jumbo (Jumbo Mt Mascotas) | Zona: Chicó / Chapinero / Zona Rosa
900434592_2119834608,Grants Whisky Escocés Triple Wood,Grants,Oxxo,Grants,Alcohol,N/A,700 ML,75900,60700,20%,86.72/ml,https://www.rappi.com.co/search?query=grants,Tienda Rappi: Oxxo (Oxxo Super) | Zona: Chicó / Chapinero / Zona Rosa
900101308_2122238555,Grants Whisky Escocés Triple Wood,Grants,Licores JR,Grants,Alcohol,N/A,700 ML,69300,69300,0%,99/ml,https://www.rappi.com.co/search?query=grants,Tienda Rappi: Licores JR (Grupo Giraldo Home) | Zona: Chicó / Chapinero / Zona Rosa
900165860_2093569260,Monkey Shoulder Whisky Blended Malt,Monkey,Turbo,Monkey shoulder,Alcohol,N/A,700 ML,181100,126770,30%,181.10/ml,https://www.rappi.com.co/search?query=monkey%20shoulder,Tienda Rappi: Turbo (Turbo Fresh) | Zona: Chicó / Chapinero / Zona Rosa
900101308_2122238598,Monkey Shoulder Whisky Blended Malt,Monkey,Licores JR,Monkey shoulder,Alcohol,N/A,700 ML,160400,160400,0%,229.15/ml,https://www.rappi.com.co/search?query=monkey%20shoulder,Tienda Rappi: Licores JR (Grupo Giraldo Home) | Zona: Chicó / Chapinero / Zona Rosa
900489869_2093395988,Jose Cuervo Tequila Especial Reposado,Jose,Turbo,Tequila,Alcohol,N/A,750 ML,103600,82880,20%,110.51/ml,https://www.rappi.com.co/search?query=tequila,Tienda Rappi: Turbo (Turbo Panini Ya) | Zona: Chicó / Chapinero / Zona Rosa
900489869_2093569360,Jose Cuervo Tequila Especial Reposado,Jose,Turbo,Tequila,Alcohol,N/A,375 ML,62700,50160,20%,133.76/ml,https://www.rappi.com.co/search?query=tequila,Tienda Rappi: Turbo (Turbo Panini Ya) | Zona: Chicó / Chapinero / Zona Rosa
900489869_2126848600,Combo Jose Cuervo Tequila Reposado + Selvati Mango Deshidra #8E41,Combo,Turbo,Tequila,Alcohol,N/A,1 COMBO,118500,118500,0%,118500/combo,https://www.rappi.com.co/search?query=tequila,Tienda Rappi: Turbo (Turbo Panini Ya) | Zona: Chicó / Chapinero / Zona Rosa
900489869_2126848596,Combo Jose Cuervo Tequila Especial Reposado + Selvati Mango,Combo,Turbo,Tequila,Alcohol,N/A,1 COMBO,118500,118500,0%,118500/combo,https://www.rappi.com.co/search?query=tequila,Tienda Rappi: Turbo (Turbo Panini Ya) | Zona: Chicó / Chapinero / Zona Rosa
900489869_2126817717,Tequila Jose Cuervo Esp Silver*,Tequila,Turbo,Tequila,Alcohol,N/A,750 ML,110800,88640,20%,118.19/ml,https://www.rappi.com.co/search?query=tequila,Tienda Rappi: Turbo (Turbo Panini Ya) | Zona: Chicó / Chapinero / Zona Rosa
900489869_2093395754,Jose Cuervo Tequila Blanco Silver,Jose,Turbo,Tequila,Alcohol,N/A,750 ML,107700,107700,0%,143.60/ml,https://www.rappi.com.co/search?query=tequila,Tienda Rappi: Turbo (Turbo Panini Ya) | Zona: Chicó / Chapinero / Zona Rosa
900489869_2126848598,Combo Jose Cuervo Tequila + Frutakis Uchuva,Combo,Turbo,Tequila,Alcohol,N/A,1 COMBO,118400,118400,0%,118400/combo,https://www.rappi.com.co/search?query=tequila,Tienda Rappi: Turbo (Turbo Panini Ya) | Zona: Chicó / Chapinero / Zona Rosa
900489869_2126002478,Combo Jose Cuervo Tequila Reposado + Tajín Salsa Chile Limón,Combo,Turbo,Tequila,Alcohol,N/A,1 COMBO,120400,120400,0%,120400/combo,https://www.rappi.com.co/search?query=tequila,Tienda Rappi: Turbo (Turbo Panini Ya) | Zona: Chicó / Chapinero / Zona Rosa
900489869_2126002477,Combo Jose Cuervo Tequila Blanco + Tajín Salsa Chile Limón,Combo,Turbo,Tequila,Alcohol,N/A,1 COMBO,124500,124500,0%,124500/combo,https://www.rappi.com.co/search?query=tequila,Tienda Rappi: Turbo (Turbo Panini Ya) | Zona: Chicó / Chapinero / Zona Rosa
900489869_2126002479,Combo Jose Cuervo Tequila + Tajín Salsa Chile Limón,Combo,Turbo,Tequila,Alcohol,N/A,1 COMBO,79500,79500,0%,79500/combo,https://www.rappi.com.co/search?query=tequila,Tienda Rappi: Turbo (Turbo Panini Ya) | Zona: Chicó / Chapinero / Zona Rosa
900489869_2126848591,Combo Patrón Tequila Silver + Selvati Mango Deshidratado,Patrón,Turbo,Tequila,Alcohol,N/A,1 COMBO,269100,269100,0%,269100/combo,https://www.rappi.com.co/search?query=tequila,Tienda Rappi: Turbo (Turbo Panini Ya) | Zona: Chicó / Chapinero / Zona Rosa
900489869_2126848594,Combo Patrón Tequila Silver + Selvati Fruta Deshidratada,Patrón,Turbo,Tequila,Alcohol,N/A,1 COMBO,269950,269950,0%,269950/combo,https://www.rappi.com.co/search?query=tequila,Tienda Rappi: Turbo (Turbo Panini Ya) | Zona: Chicó / Chapinero / Zona Rosa
900489869_2126848592,Combo Patrón Tequila Silver + Frutakis Uchuva Deshidratada,Patrón,Turbo,Tequila,Alcohol,N/A,1 COMBO,269000,269000,0%,269000/combo,https://www.rappi.com.co/search?query=tequila,Tienda Rappi: Turbo (Turbo Panini Ya) | Zona: Chicó / Chapinero / Zona Rosa
900489869_2122762592,Patrón Tequila Reposado,Patrón,Turbo,Tequila,Alcohol,N/A,700 ML,298000,238400,20%,340.58/ml,https://www.rappi.com.co/search?query=tequila,Tienda Rappi: Turbo (Turbo Panini Ya) | Zona: Chicó / Chapinero / Zona Rosa
900489869_2126848590,Combo Patrón Tequila Silver + Selvati Mango Biche Deshidratado,Patrón,Turbo,Tequila,Alcohol,N/A,1 COMBO,269100,269100,0%,269100/combo,https://www.rappi.com.co/search?query=tequila,Tienda Rappi: Turbo (Turbo Panini Ya) | Zona: Chicó / Chapinero / Zona Rosa
900489869_2093569101,Patrón Tequila Silver,Patrón,Turbo,Tequila,Alcohol,N/A,700 ML,254200,203360,20%,290.52/ml,https://www.rappi.com.co/search?query=tequila,Tienda Rappi: Turbo (Turbo Panini Ya) | Zona: Chicó / Chapinero / Zona Rosa
900489869_2123546644,Patron Tequila Cristalino,Patron,Turbo,Tequila,Alcohol,N/A,700 ML,404100,323280,20%,461.83/ml,https://www.rappi.com.co/search?query=tequila,Tienda Rappi: Turbo (Turbo Panini Ya) | Zona: Chicó / Chapinero / Zona Rosa
900457753_2091667633,Jose Cuervo Tequila Especial Reposado,Jose,La Rebaja,Tequila,Alcohol,N/A,750 ML,95200,95200,0%,126.94/ml,https://www.rappi.com.co/search?query=tequila,Tienda Rappi: La Rebaja (La Rebaja Licores) | Zona: Chicó / Chapinero / Zona Rosa
900457753_2091668241,Jose Cuervo Tequila Especial Reposado,Jose,La Rebaja,Tequila,Alcohol,N/A,375 ML,56500,56500,0%,150.67/ml,https://www.rappi.com.co/search?query=tequila,Tienda Rappi: La Rebaja (La Rebaja Licores) | Zona: Chicó / Chapinero / Zona Rosa
900457753_2091669155,Jose Cuervo Tequila Tradicional,Jose,La Rebaja,Tequila,Alcohol,N/A,750 ML,120300,120300,0%,160.40/ml,https://www.rappi.com.co/search?query=tequila,Tienda Rappi: La Rebaja (La Rebaja Licores) | Zona: Chicó / Chapinero / Zona Rosa
900101308_2124439197,Jose Cuervo Tequila Especial Reposado,Jose,Licores JR,Tequila,Alcohol,N/A,750 ML,81300,81300,0%,108.40/ml,https://www.rappi.com.co/search?query=tequila,Tienda Rappi: Licores JR (Grupo Giraldo Home) | Zona: Chicó / Chapinero / Zona Rosa
900434592_2120597443,Jose Cuervo Tequila Especial Reposado,Jose,Oxxo,Tequila,Alcohol,N/A,750 ML,99900,99900,0%,133.20/ml,https://www.rappi.com.co/search?query=tequila,Tienda Rappi: Oxxo (Oxxo Super) | Zona: Chicó / Chapinero / Zona Rosa
900423958_2126713505,Tequila Jose Cuervo Esp Silver*,Tequila,Jumbo,Tequila,Alcohol,N/A,750 ML,102990,82390,20%,109.86/ml,https://www.rappi.com.co/search?query=tequila,Tienda Rappi: Jumbo (Jumbo Mt Mascotas) | Zona: Chicó / Chapinero / Zona Rosa
900165860_2124887724,Combo Don Julio Tequila Blanco + Carulla Zumo + Refisal Sal,Don Julio,Turbo,Don julio,Alcohol,N/A,1 COMBO,270800,270800,0%,270800/combo,https://www.rappi.com.co/search?query=don%20julio,Tienda Rappi: Turbo (Turbo Fresh) | Zona: Chicó / Chapinero / Zona Rosa
900165860_2093395645,Don Julio 70 Tequila Cristalino Añejo,Don Julio,Turbo,Don julio,Alcohol,N/A,700 ML,415900,415900,0%,594.15/ml,https://www.rappi.com.co/search?query=don%20julio,Tienda Rappi: Turbo (Turbo Fresh) | Zona: Chicó / Chapinero / Zona Rosa
900165860_2121071572,Don Julio Tequila Blanco,Don Julio,Turbo,Don julio,Alcohol,N/A,700 ML,256800,256800,0%,366.86/ml,https://www.rappi.com.co/search?query=don%20julio,Tienda Rappi: Turbo (Turbo Fresh) | Zona: Chicó / Chapinero / Zona Rosa
900165860_2125274259,Combo Don Julio Tequila + Mil 976 Agua Tónica + Carulla + Sal,Don Julio,Turbo,Don julio,Alcohol,N/A,1 COMBO,299400,299400,0%,299400/combo,https://www.rappi.com.co/search?query=don%20julio,Tienda Rappi: Turbo (Turbo Fresh) | Zona: Chicó / Chapinero / Zona Rosa
900165860_2126848578,Combo Don Julio Tequila + Frutakis Uchuva,Don Julio,Turbo,Don julio,Alcohol,N/A,1 COMBO,430700,430700,0%,430700/combo,https://www.rappi.com.co/search?query=don%20julio,Tienda Rappi: Turbo (Turbo Fresh) | Zona: Chicó / Chapinero / Zona Rosa
900165860_2126848579,Combo Don Julio Tequila + Selvati Naranja,Don Julio,Turbo,Don julio,Alcohol,N/A,1 COMBO,430800,430800,0%,430800/combo,https://www.rappi.com.co/search?query=don%20julio,Tienda Rappi: Turbo (Turbo Fresh) | Zona: Chicó / Chapinero / Zona Rosa
900165860_2126273618,Don Julio Tequila Blanco,Don Julio,Turbo,Don julio,Alcohol,N/A,375 ML,135100,135100,0%,360.27/ml,https://www.rappi.com.co/search?query=don%20julio,Tienda Rappi: Turbo (Turbo Fresh) | Zona: Chicó / Chapinero / Zona Rosa
900165860_2126848577,Combo Don Julio 70 Tequila Cristalino Añejo + Selvati Mango,Don Julio,Turbo,Don julio,Alcohol,N/A,1 COMBO,430800,430800,0%,430800/combo,https://www.rappi.com.co/search?query=don%20julio,Tienda Rappi: Turbo (Turbo Fresh) | Zona: Chicó / Chapinero / Zona Rosa
900165860_2126848582,Combo Don Julio Tequila Cristalino + Selvati Mango Deshidra #0264,Don Julio,Turbo,Don julio,Alcohol,N/A,1 COMBO,430800,430800,0%,430800/combo,https://www.rappi.com.co/search?query=don%20julio,Tienda Rappi: Turbo (Turbo Fresh) | Zona: Chicó / Chapinero / Zona Rosa
900165860_2126848585,Combo Don Julio Tequila Blanco + Frutakis Uchuva Deshidratada,Don Julio,Turbo,Don julio,Alcohol,N/A,1 COMBO,271600,271600,0%,271600/combo,https://www.rappi.com.co/search?query=don%20julio,Tienda Rappi: Turbo (Turbo Fresh) | Zona: Chicó / Chapinero / Zona Rosa
900165860_2126848587,Combo Don Julio Tequila Blanco + Selvati Limón Tahití,Don Julio,Turbo,Don julio,Alcohol,N/A,1 COMBO,271700,271700,0%,271700/combo,https://www.rappi.com.co/search?query=don%20julio,Tienda Rappi: Turbo (Turbo Fresh) | Zona: Chicó / Chapinero / Zona Rosa
900165860_2125274256,Combo Don Julio Tequila Blanco + Mil 976 Agua Tónica Toronja,Don Julio,Turbo,Don julio,Alcohol,N/A,1 COMBO,284800,284800,0%,284800/combo,https://www.rappi.com.co/search?query=don%20julio,Tienda Rappi: Turbo (Turbo Fresh) | Zona: Chicó / Chapinero / Zona Rosa
900165860_2126848583,Combo Don Julio Tequila Blanco + Selvati Mango Biche,Don Julio,Turbo,Don julio,Alcohol,N/A,1 COMBO,271700,271700,0%,271700/combo,https://www.rappi.com.co/search?query=don%20julio,Tienda Rappi: Turbo (Turbo Fresh) | Zona: Chicó / Chapinero / Zona Rosa
900165860_2123546644,Patron Tequila Cristalino,Patron,Turbo,Don julio,Alcohol,N/A,700 ML,404100,323280,20%,461.83/ml,https://www.rappi.com.co/search?query=don%20julio,Tienda Rappi: Turbo (Turbo Fresh) | Zona: Chicó / Chapinero / Zona Rosa
900165860_2126848598,Combo Jose Cuervo Tequila + Frutakis Uchuva,Combo,Turbo,Don julio,Alcohol,N/A,1 COMBO,118400,118400,0%,118400/combo,https://www.rappi.com.co/search?query=don%20julio,Tienda Rappi: Turbo (Turbo Fresh) | Zona: Chicó / Chapinero / Zona Rosa
900165860_2121688384,Tequila Jimador Cristalino 700 mL 35°,Tequila,Turbo,Don julio,Alcohol,N/A,700 ML,196800,157440,20%,224.92/ml,https://www.rappi.com.co/search?query=don%20julio,Tienda Rappi: Turbo (Turbo Fresh) | Zona: Chicó / Chapinero / Zona Rosa
900479515_2126164058,Don Julio 70 Tequila Cristalino Añejo,Don Julio,LICORES EL BORRACHITO,Don julio,Alcohol,N/A,700 ML,475000,475000,0%,678.58/ml,https://www.rappi.com.co/search?query=don%20julio,Tienda Rappi: LICORES EL BORRACHITO | Zona: Chicó / Chapinero / Zona Rosa
900423958_2121492641,Don Julio Tequila Blanco,Don Julio,Jumbo,Don julio,Alcohol,N/A,700 ML,246890,246890,0%,352.70/ml,https://www.rappi.com.co/search?query=don%20julio,Tienda Rappi: Jumbo (Jumbo Mt Mascotas) | Zona: Chicó / Chapinero / Zona Rosa
900101308_2124900151,Don Julio Tequila Blanco,Don Julio,Licores JR,Don julio,Alcohol,N/A,700 ML,233400,233400,0%,333.43/ml,https://www.rappi.com.co/search?query=don%20julio,Tienda Rappi: Licores JR (Grupo Giraldo Home) | Zona: Chicó / Chapinero / Zona Rosa
900401757_2120162287,Tequila Donjulio 70 Añejo 750ml,Tequila,Los Gemelos Premium Store,Don julio,Alcohol,N/A,750 ML,450000,450000,0%,600/ml,https://www.rappi.com.co/search?query=don%20julio,Tienda Rappi: Los Gemelos Premium Store (los gemelos de la 44 sas) | Zona: Chicó / Chapinero / Zona Rosa
900165860_2125229957,Combo Don Julio 70 Tequila Cristalino + Stella Artois 6 Und,Stella Artois,Turbo,Don julio 70,Alcohol,N/A,1 COMBO,443300,443300,0%,443300/combo,https://www.rappi.com.co/search?query=don%20julio%2070,Tienda Rappi: Turbo (Turbo Fresh) | Zona: Chicó / Chapinero / Zona Rosa
900165860_2126831904,Combo Stella Artois Cerveza Pack + Don Julio Tequila Blanco,Stella Artois,Turbo,Don julio 70,Alcohol,N/A,1 COMBO,284200,252940,11%,252938/combo,https://www.rappi.com.co/search?query=don%20julio%2070,Tienda Rappi: Turbo (Turbo Fresh) | Zona: Chicó / Chapinero / Zona Rosa
900479515_2126164057,Don Julio Tequila Añejo,Don Julio,LICORES EL BORRACHITO,Don julio 70,Alcohol,N/A,700 ML,390000,390000,0%,557.15/ml,https://www.rappi.com.co/search?query=don%20julio%2070,Tienda Rappi: LICORES EL BORRACHITO | Zona: Chicó / Chapinero / Zona Rosa
900479515_2126164054,Don Julio Tequila Reposado Reservado 100% Agave,Don Julio,LICORES EL BORRACHITO,Don julio 70,Alcohol,N/A,700 ML,350000,350000,0%,500/ml,https://www.rappi.com.co/search?query=don%20julio%2070,Tienda Rappi: LICORES EL BORRACHITO | Zona: Chicó / Chapinero / Zona Rosa
900479515_2126164061,Don Julio Tequila 1942 Añejo,Don Julio,LICORES EL BORRACHITO,Don julio 70,Alcohol,N/A,750 ML,1700000,1700000,0%,2266.67/ml,https://www.rappi.com.co/search?query=don%20julio%2070,Tienda Rappi: LICORES EL BORRACHITO | Zona: Chicó / Chapinero / Zona Rosa
900479515_2126164056,Don Julio Tequila Blanco,Don Julio,LICORES EL BORRACHITO,Don julio 70,Alcohol,N/A,700 ML,285000,285000,0%,407.15/ml,https://www.rappi.com.co/search?query=don%20julio%2070,Tienda Rappi: LICORES EL BORRACHITO | Zona: Chicó / Chapinero / Zona Rosa
900401757_2119706533,Tequila Don Julio Silver 700ml,Don Julio,Los Gemelos Premium Store,Don julio 70,Alcohol,N/A,700 ML,265000,265000,0%,378.58/ml,https://www.rappi.com.co/search?query=don%20julio%2070,Tienda Rappi: Los Gemelos Premium Store (los gemelos de la 44 sas) | Zona: Chicó / Chapinero / Zona Rosa
900401757_2121712650,Tequila Don Julio Añejo 700 Ml,Don Julio,Los Gemelos Premium Store,Don julio 70,Alcohol,N/A,700 ML,360000,360000,0%,514.29/ml,https://www.rappi.com.co/search?query=don%20julio%2070,Tienda Rappi: Los Gemelos Premium Store (los gemelos de la 44 sas) | Zona: Chicó / Chapinero / Zona Rosa
900401757_2120053237,Tequila Don Julio Reposado 700ml,Don Julio,Los Gemelos Premium Store,Don julio 70,Alcohol,N/A,700 ML,325000,325000,0%,464.29/ml,https://www.rappi.com.co/search?query=don%20julio%2070,Tienda Rappi: Los Gemelos Premium Store (los gemelos de la 44 sas) | Zona: Chicó / Chapinero / Zona Rosa
900101308_2120042047,Tequila Patron Silver 700 Ml,Tequila,Licores JR,Don julio 70,Alcohol,N/A,700 ML,216000,216000,0%,308.58/ml,https://www.rappi.com.co/search?query=don%20julio%2070,Tienda Rappi: Licores JR (Grupo Giraldo Home) | Zona: Chicó / Chapinero / Zona Rosa
900489869_2122278297,Tequila Jimador Reposado 700 mL 35°,Tequila,Turbo,Jose cuervo,Alcohol,N/A,700 ML,123000,104550,15%,149.36/ml,https://www.rappi.com.co/search?query=jose%20cuervo,Tienda Rappi: Turbo (Turbo Panini Ya) | Zona: Chicó / Chapinero / Zona Rosa
900423958_2120211795,Jose Cuervo Tequila Tradicional,Jose,Jumbo,Jose cuervo,Alcohol,N/A,750 ML,119990,95990,20%,127.99/ml,https://www.rappi.com.co/search?query=jose%20cuervo,Tienda Rappi: Jumbo (Jumbo Mt Mascotas) | Zona: Chicó / Chapinero / Zona Rosa
900489869_2121688384,Tequila Jimador Cristalino 700 mL 35°,Tequila,Turbo,Patron,Alcohol,N/A,700 ML,196800,157440,20%,224.92/ml,https://www.rappi.com.co/search?query=patron,Tienda Rappi: Turbo (Turbo Panini Ya) | Zona: Chicó / Chapinero / Zona Rosa
900165860_2093569165,1800 Tequila Reserva Silver,1800,Turbo,1800,Alcohol,N/A,750 ML,247700,198160,20%,264.22/ml,https://www.rappi.com.co/search?query=1800,Tienda Rappi: Turbo (Turbo Fresh) | Zona: Chicó / Chapinero / Zona Rosa
900165860_2122278297,Tequila Jimador Reposado 700 mL 35°,Tequila,Turbo,1800,Alcohol,N/A,700 ML,123000,104550,15%,149.36/ml,https://www.rappi.com.co/search?query=1800,Tienda Rappi: Turbo (Turbo Fresh) | Zona: Chicó / Chapinero / Zona Rosa
900165860_2121643095,Gran Centenario Tequila Plata,Gran,Turbo,1800,Alcohol,N/A,700 ML,109800,87840,20%,125.49/ml,https://www.rappi.com.co/search?query=1800,Tienda Rappi: Turbo (Turbo Fresh) | Zona: Chicó / Chapinero / Zona Rosa
900165860_2123574972,Tequila Jimador Blanco 700 mL 35°,Tequila,Turbo,1800,Alcohol,N/A,700 ML,111600,94860,15%,135.52/ml,https://www.rappi.com.co/search?query=1800,Tienda Rappi: Turbo (Turbo Fresh) | Zona: Chicó / Chapinero / Zona Rosa
900165860_2121643126,Gran Centenario Tequila Reposado,Gran,Turbo,1800,Alcohol,N/A,700 ML,114600,91680,20%,130.98/ml,https://www.rappi.com.co/search?query=1800,Tienda Rappi: Turbo (Turbo Fresh) | Zona: Chicó / Chapinero / Zona Rosa
900165860_2123920059,Olmeca Altos Plata Tequila,Olmeca,Turbo,1800,Alcohol,N/A,700 ML,221500,221500,0%,316.43/ml,https://www.rappi.com.co/search?query=1800,Tienda Rappi: Turbo (Turbo Fresh) | Zona: Chicó / Chapinero / Zona Rosa
900165860_2093569101,Patrón Tequila Silver,Patrón,Turbo,1800,Alcohol,N/A,700 ML,254200,203360,20%,290.52/ml,https://www.rappi.com.co/search?query=1800,Tienda Rappi: Turbo (Turbo Fresh) | Zona: Chicó / Chapinero / Zona Rosa
900165860_2126848600,Combo Jose Cuervo Tequila Reposado + Selvati Mango Deshidra #8E41,Combo,Turbo,1800,Alcohol,N/A,1 COMBO,118500,118500,0%,118500/combo,https://www.rappi.com.co/search?query=1800,Tienda Rappi: Turbo (Turbo Fresh) | Zona: Chicó / Chapinero / Zona Rosa
900165860_2126848602,Combo Tequila Jimador Blanco 700 mL 35° + Selvati Mango,Combo,Turbo,1800,Alcohol,N/A,1 COMBO,126500,126500,0%,126500/combo,https://www.rappi.com.co/search?query=1800,Tienda Rappi: Turbo (Turbo Fresh) | Zona: Chicó / Chapinero / Zona Rosa
900165860_2122762592,Patrón Tequila Reposado,Patrón,Turbo,1800,Alcohol,N/A,700 ML,298000,238400,20%,340.58/ml,https://www.rappi.com.co/search?query=1800,Tienda Rappi: Turbo (Turbo Fresh) | Zona: Chicó / Chapinero / Zona Rosa
900165860_2126848601,Combo Tequila Jimador Blanco 700 mL + Selvati Mango Biche,Combo,Turbo,1800,Alcohol,N/A,1 COMBO,126500,126500,0%,126500/combo,https://www.rappi.com.co/search?query=1800,Tienda Rappi: Turbo (Turbo Fresh) | Zona: Chicó / Chapinero / Zona Rosa
900479515_2126164060,1800 Tequila Cristalino Botella,1800,LICORES EL BORRACHITO,1800,Alcohol,N/A,700 ML,410000,410000,0%,585.72/ml,https://www.rappi.com.co/search?query=1800,Tienda Rappi: LICORES EL BORRACHITO | Zona: Chicó / Chapinero / Zona Rosa
900479515_2126199613,1800 Tequila Reserva Silver,1800,LICORES EL BORRACHITO,1800,Alcohol,N/A,750 ML,260000,260000,0%,346.67/ml,https://www.rappi.com.co/search?query=1800,Tienda Rappi: LICORES EL BORRACHITO | Zona: Chicó / Chapinero / Zona Rosa
900479515_2126164059,Tequila 1800 Reposado Botella 750 Ml,1800,LICORES EL BORRACHITO,1800,Alcohol,N/A,750 ML,290000,290000,0%,386.67/ml,https://www.rappi.com.co/search?query=1800,Tienda Rappi: LICORES EL BORRACHITO | Zona: Chicó / Chapinero / Zona Rosa
900479515_2126164065,1800 Tequila Añejo,1800,LICORES EL BORRACHITO,1800,Alcohol,N/A,750 ML,330000,330000,0%,440/ml,https://www.rappi.com.co/search?query=1800,Tienda Rappi: LICORES EL BORRACHITO | Zona: Chicó / Chapinero / Zona Rosa
900457753_2091669156,1800 Tequila Reserva Silver,1800,La Rebaja,1800,Alcohol,N/A,750 ML,194800,194800,0%,259.74/ml,https://www.rappi.com.co/search?query=1800,Tienda Rappi: La Rebaja (La Rebaja Licores) | Zona: Chicó / Chapinero / Zona Rosa
900489869_2123574972,Tequila Jimador Blanco 700 mL 35°,Tequila,Turbo,Herradura,Alcohol,N/A,700 ML,111600,94860,15%,135.52/ml,https://www.rappi.com.co/search?query=herradura,Tienda Rappi: Turbo (Turbo Panini Ya) | Zona: Chicó / Chapinero / Zona Rosa
900489869_2121643126,Gran Centenario Tequila Reposado,Gran,Turbo,Herradura,Alcohol,N/A,700 ML,114600,91680,20%,130.98/ml,https://www.rappi.com.co/search?query=herradura,Tienda Rappi: Turbo (Turbo Panini Ya) | Zona: Chicó / Chapinero / Zona Rosa
900489869_2121643095,Gran Centenario Tequila Plata,Gran,Turbo,Herradura,Alcohol,N/A,700 ML,109800,87840,20%,125.49/ml,https://www.rappi.com.co/search?query=herradura,Tienda Rappi: Turbo (Turbo Panini Ya) | Zona: Chicó / Chapinero / Zona Rosa
900489869_2126848602,Combo Tequila Jimador Blanco 700 mL 35° + Selvati Mango,Combo,Turbo,Herradura,Alcohol,N/A,1 COMBO,126500,126500,0%,126500/combo,https://www.rappi.com.co/search?query=herradura,Tienda Rappi: Turbo (Turbo Panini Ya) | Zona: Chicó / Chapinero / Zona Rosa
900489869_2126848601,Combo Tequila Jimador Blanco 700 mL + Selvati Mango Biche,Combo,Turbo,Herradura,Alcohol,N/A,1 COMBO,126500,126500,0%,126500/combo,https://www.rappi.com.co/search?query=herradura,Tienda Rappi: Turbo (Turbo Panini Ya) | Zona: Chicó / Chapinero / Zona Rosa
900489869_2123920059,Olmeca Altos Plata Tequila,Olmeca,Turbo,Herradura,Alcohol,N/A,700 ML,221500,221500,0%,316.43/ml,https://www.rappi.com.co/search?query=herradura,Tienda Rappi: Turbo (Turbo Panini Ya) | Zona: Chicó / Chapinero / Zona Rosa
900101308_2120062424,Tequila Herradura Ultra 750 mL,Herradura,Licores JR,Herradura,Alcohol,N/A,750 ML,303200,303200,0%,404.27/ml,https://www.rappi.com.co/search?query=herradura,Tienda Rappi: Licores JR (Grupo Giraldo Home) | Zona: Chicó / Chapinero / Zona Rosa
900101308_2120060112,Herradura Tequila Añejo,Herradura,Licores JR,Herradura,Alcohol,N/A,750 ML,258700,258700,0%,344.94/ml,https://www.rappi.com.co/search?query=herradura,Tienda Rappi: Licores JR (Grupo Giraldo Home) | Zona: Chicó / Chapinero / Zona Rosa
900101308_2120009925,Patron Tequila Añejo 700 mL,Patron,Licores JR,Herradura,Alcohol,N/A,700 ML,287200,287200,0%,410.29/ml,https://www.rappi.com.co/search?query=herradura,Tienda Rappi: Licores JR (Grupo Giraldo Home) | Zona: Chicó / Chapinero / Zona Rosa
900101308_2121305594,Tequila Jimador Reposado 700 mL 35°,Tequila,Licores JR,Herradura,Alcohol,N/A,700 ML,105700,105700,0%,151/ml,https://www.rappi.com.co/search?query=herradura,Tienda Rappi: Licores JR (Grupo Giraldo Home) | Zona: Chicó / Chapinero / Zona Rosa
900101308_2123169247,Tequila Tres Sombreros Silver Bot 700 Ml,Tequila,Licores JR,Herradura,Alcohol,N/A,700 ML,65700,65700,0%,93.86/ml,https://www.rappi.com.co/search?query=herradura,Tienda Rappi: Licores JR (Grupo Giraldo Home) | Zona: Chicó / Chapinero / Zona Rosa
900101308_2120247409,Tequila Jimador Blanco 700 mL 35°,Tequila,Licores JR,Herradura,Alcohol,N/A,700 ML,104700,104700,0%,149.58/ml,https://www.rappi.com.co/search?query=herradura,Tienda Rappi: Licores JR (Grupo Giraldo Home) | Zona: Chicó / Chapinero / Zona Rosa
900101308_2125044077,Tequila Corralejo Reposado,Tequila,Licores JR,Herradura,Alcohol,N/A,750 ML,297400,297400,0%,396.54/ml,https://www.rappi.com.co/search?query=herradura,Tienda Rappi: Licores JR (Grupo Giraldo Home) | Zona: Chicó / Chapinero / Zona Rosa
900401757_2119687147,Tequila Patron Reposado 700ml,Tequila,Los Gemelos Premium Store,Herradura,Alcohol,N/A,700 ML,250000,250000,0%,357.15/ml,https://www.rappi.com.co/search?query=herradura,Tienda Rappi: Los Gemelos Premium Store (los gemelos de la 44 sas) | Zona: Chicó / Chapinero / Zona Rosa
900401757_2120050664,Tequila Patron Blanco 700ml,Tequila,Los Gemelos Premium Store,Herradura,Alcohol,N/A,700 ML,220000,220000,0%,314.29/ml,https://www.rappi.com.co/search?query=herradura,Tienda Rappi: Los Gemelos Premium Store (los gemelos de la 44 sas) | Zona: Chicó / Chapinero / Zona Rosa
900401757_2122765895,Tequila Patron Añejo 700ml,Tequila,Los Gemelos Premium Store,Herradura,Alcohol,N/A,700 ML,310000,310000,0%,442.86/ml,https://www.rappi.com.co/search?query=herradura,Tienda Rappi: Los Gemelos Premium Store (los gemelos de la 44 sas) | Zona: Chicó / Chapinero / Zona Rosa
900401757_2120150425,Tequila Jimador Reposado 750ml,Tequila,Los Gemelos Premium Store,Herradura,Alcohol,N/A,750 ML,130000,130000,0%,173.34/ml,https://www.rappi.com.co/search?query=herradura,Tienda Rappi: Los Gemelos Premium Store (los gemelos de la 44 sas) | Zona: Chicó / Chapinero / Zona Rosa
900401757_2120955763,Tequila Jimador Reposado 375ml,Tequila,Los Gemelos Premium Store,Herradura,Alcohol,N/A,375 ML,75000,75000,0%,200/ml,https://www.rappi.com.co/search?query=herradura,Tienda Rappi: Los Gemelos Premium Store (los gemelos de la 44 sas) | Zona: Chicó / Chapinero / Zona Rosa
900423958_2124722382,Tequila Jimador Reposado 700 mL 35°,Tequila,Jumbo,Herradura,Alcohol,N/A,700 ML,120990,120990,0%,172.85/ml,https://www.rappi.com.co/search?query=herradura,Tienda Rappi: Jumbo (Jumbo Mt Mascotas) | Zona: Chicó / Chapinero / Zona Rosa
900423958_2120405067,Tequila Jimador Blanco 700 mL 35°,Tequila,Jumbo,Herradura,Alcohol,N/A,700 ML,116990,116990,0%,167.13/ml,https://www.rappi.com.co/search?query=herradura,Tienda Rappi: Jumbo (Jumbo Mt Mascotas) | Zona: Chicó / Chapinero / Zona Rosa
900489869_2121771069,Olmeca Silver Tequila,Olmeca,Turbo,Olmeca,Alcohol,N/A,700 ML,103900,103900,0%,148.43/ml,https://www.rappi.com.co/search?query=olmeca,Tienda Rappi: Turbo (Turbo Panini Ya) | Zona: Chicó / Chapinero / Zona Rosa
900489869_2093395410,Olmeca Tequila Reposado,Olmeca,Turbo,Olmeca,Alcohol,N/A,700 ML,99600,99600,0%,142.29/ml,https://www.rappi.com.co/search?query=olmeca,Tienda Rappi: Turbo (Turbo Panini Ya) | Zona: Chicó / Chapinero / Zona Rosa
900489869_2123819203,Olmeca Altos Reposado Tequila,Olmeca,Turbo,Olmeca,Alcohol,N/A,700 ML,259900,259900,0%,371.29/ml,https://www.rappi.com.co/search?query=olmeca,Tienda Rappi: Turbo (Turbo Panini Ya) | Zona: Chicó / Chapinero / Zona Rosa
900101308_2119851423,Olmeca Silver Tequila,Olmeca,Licores JR,Olmeca,Alcohol,N/A,700 ML,89700,89700,0%,128.15/ml,https://www.rappi.com.co/search?query=olmeca,Tienda Rappi: Licores JR (Grupo Giraldo Home) | Zona: Chicó / Chapinero / Zona Rosa
900101308_2122931042,Olmeca Reposado Tequila,Olmeca,Licores JR,Olmeca,Alcohol,N/A,1000 ML,116400,116400,0%,116.40/ml,https://www.rappi.com.co/search?query=olmeca,Tienda Rappi: Licores JR (Grupo Giraldo Home) | Zona: Chicó / Chapinero / Zona Rosa
900101308_2122082908,Olmeca Altos Reposado Tequila,Olmeca,Licores JR,Olmeca,Alcohol,N/A,700 ML,238700,238700,0%,341/ml,https://www.rappi.com.co/search?query=olmeca,Tienda Rappi: Licores JR (Grupo Giraldo Home) | Zona: Chicó / Chapinero / Zona Rosa
900101308_2125042769,Tequila Olmeca Reposado,Olmeca,Licores JR,Olmeca,Alcohol,N/A,700 ML,89700,89700,0%,128.15/ml,https://www.rappi.com.co/search?query=olmeca,Tienda Rappi: Licores JR (Grupo Giraldo Home) | Zona: Chicó / Chapinero / Zona Rosa
900101308_2120836442,Olmeca Silver Tequila,Olmeca,Licores JR,Olmeca,Alcohol,N/A,1 L,116400,116400,0%,116.40/ml,https://www.rappi.com.co/search?query=olmeca,Tienda Rappi: Licores JR (Grupo Giraldo Home) | Zona: Chicó / Chapinero / Zona Rosa
900101308_2120080906,Olmeca Reposado Tequila 350 ml,Olmeca,Licores JR,Olmeca,Alcohol,N/A,350 ML,47900,47900,0%,136.86/ml,https://www.rappi.com.co/search?query=olmeca,Tienda Rappi: Licores JR (Grupo Giraldo Home) | Zona: Chicó / Chapinero / Zona Rosa
900101308_2120105162,Olmeca Altos Plata Tequila,Olmeca,Licores JR,Olmeca,Alcohol,N/A,700 ML,202200,202200,0%,288.86/ml,https://www.rappi.com.co/search?query=olmeca,Tienda Rappi: Licores JR (Grupo Giraldo Home) | Zona: Chicó / Chapinero / Zona Rosa
900479515_2126164041,Olmeca Tequila Reposado,Olmeca,LICORES EL BORRACHITO,Olmeca,Alcohol,N/A,700 ML,105000,105000,0%,150/ml,https://www.rappi.com.co/search?query=olmeca,Tienda Rappi: LICORES EL BORRACHITO | Zona: Chicó / Chapinero / Zona Rosa
900479515_2126164043,Olmeca Silver Tequila,Olmeca,LICORES EL BORRACHITO,Olmeca,Alcohol,N/A,700 ML,100000,100000,0%,142.86/ml,https://www.rappi.com.co/search?query=olmeca,Tienda Rappi: LICORES EL BORRACHITO | Zona: Chicó / Chapinero / Zona Rosa
900479515_2126164042,Olmeca Reposado Tequila,Olmeca,LICORES EL BORRACHITO,Olmeca,Alcohol,N/A,1000 ML,135000,135000,0%,135/ml,https://www.rappi.com.co/search?query=olmeca,Tienda Rappi: LICORES EL BORRACHITO | Zona: Chicó / Chapinero / Zona Rosa
900479515_2126164046,Olmeca Silver Tequila,Olmeca,LICORES EL BORRACHITO,Olmeca,Alcohol,N/A,1 L,135000,135000,0%,135/ml,https://www.rappi.com.co/search?query=olmeca,Tienda Rappi: LICORES EL BORRACHITO | Zona: Chicó / Chapinero / Zona Rosa
900457753_2091667224,Olmeca Altos Reposado Tequila,Olmeca,La Rebaja,Olmeca,Alcohol,N/A,700 ML,174000,174000,0%,248.58/ml,https://www.rappi.com.co/search?query=olmeca,Tienda Rappi: La Rebaja (La Rebaja Licores) | Zona: Chicó / Chapinero / Zona Rosa
900423958_2120021662,Olmeca Silver Tequila,Olmeca,Jumbo,Olmeca,Alcohol,N/A,700 ML,101990,101990,0%,145.70/ml,https://www.rappi.com.co/search?query=olmeca,Tienda Rappi: Jumbo (Jumbo Mt Mascotas) | Zona: Chicó / Chapinero / Zona Rosa
900165860_2119938178,Ojo de Tigre Joven Mezcal,Ojo de Tigre,Turbo,Mezcal,Alcohol,N/A,750 ML,176700,176700,0%,235.60/ml,https://www.rappi.com.co/search?query=mezcal,Tienda Rappi: Turbo (Turbo Fresh) | Zona: Chicó / Chapinero / Zona Rosa
900165860_2093569050,Amores mezcal blanco,Amores,Turbo,Mezcal,Alcohol,N/A,700 ML,304000,304000,0%,434.29/ml,https://www.rappi.com.co/search?query=mezcal,Tienda Rappi: Turbo (Turbo Fresh) | Zona: Chicó / Chapinero / Zona Rosa
900165860_2124302777,Contraluz Mezcal,Contraluz,Turbo,Mezcal,Alcohol,N/A,700 ML,339300,339300,0%,484.72/ml,https://www.rappi.com.co/search?query=mezcal,Tienda Rappi: Turbo (Turbo Fresh) | Zona: Chicó / Chapinero / Zona Rosa
900101308_2125081593,Mezcal Ojo De Tigre,Ojo de Tigre,Licores JR,Mezcal,Alcohol,N/A,750 ML,171500,171500,0%,228.67/ml,https://www.rappi.com.co/search?query=mezcal,Tienda Rappi: Licores JR (Grupo Giraldo Home) | Zona: Chicó / Chapinero / Zona Rosa
900101308_2121323798,Del Maguey vida mezcal 750ml,Del,Licores JR,Mezcal,Alcohol,N/A,750 ML,211400,211400,0%,281.87/ml,https://www.rappi.com.co/search?query=mezcal,Tienda Rappi: Licores JR (Grupo Giraldo Home) | Zona: Chicó / Chapinero / Zona Rosa
900489869_2121155311,Absolut Vodka Original,Absolut,Turbo,Vodka,Alcohol,N/A,700 ML,93500,93500,0%,133.58/ml,https://www.rappi.com.co/search?query=vodka,Tienda Rappi: Turbo (Turbo Panini Ya) | Zona: Chicó / Chapinero / Zona Rosa
900489869_2126848606,Combo Absolut Vodka Original + Selvati Fresa Deshidratada,Absolut,Turbo,Vodka,Alcohol,N/A,1 COMBO,108400,108400,0%,108400/combo,https://www.rappi.com.co/search?query=vodka,Tienda Rappi: Turbo (Turbo Panini Ya) | Zona: Chicó / Chapinero / Zona Rosa
900489869_2126848607,Combo Absolut Vodka Original + Selvati Mora Deshidratada,Absolut,Turbo,Vodka,Alcohol,N/A,1 COMBO,108400,108400,0%,108400/combo,https://www.rappi.com.co/search?query=vodka,Tienda Rappi: Turbo (Turbo Panini Ya) | Zona: Chicó / Chapinero / Zona Rosa
900489869_2126848608,Combo Absolut Vodka Original + Selvati Arándano Deshidratado,Absolut,Turbo,Vodka,Alcohol,N/A,1 COMBO,108400,108400,0%,108400/combo,https://www.rappi.com.co/search?query=vodka,Tienda Rappi: Turbo (Turbo Panini Ya) | Zona: Chicó / Chapinero / Zona Rosa
900489869_2126848609,Combo Absolut Vodka Original + Selvati Coco Deshidratado,Absolut,Turbo,Vodka,Alcohol,N/A,1 COMBO,108400,108400,0%,108400/combo,https://www.rappi.com.co/search?query=vodka,Tienda Rappi: Turbo (Turbo Panini Ya) | Zona: Chicó / Chapinero / Zona Rosa
900489869_2093608427,Absolut Vodka,Absolut,Turbo,Vodka,Alcohol,N/A,350 ML,59200,59200,0%,169.15/ml,https://www.rappi.com.co/search?query=vodka,Tienda Rappi: Turbo (Turbo Panini Ya) | Zona: Chicó / Chapinero / Zona Rosa
900489869_2126848616,Combo Absolut Vodka + Selvati Fresa Deshidratada,Absolut,Turbo,Vodka,Alcohol,N/A,1 COMBO,74100,74100,0%,74100/combo,https://www.rappi.com.co/search?query=vodka,Tienda Rappi: Turbo (Turbo Panini Ya) | Zona: Chicó / Chapinero / Zona Rosa
900489869_2126848619,Combo Absolut Vodka + Selvati Arándano Deshidratado,Absolut,Turbo,Vodka,Alcohol,N/A,1 COMBO,74100,74100,0%,74100/combo,https://www.rappi.com.co/search?query=vodka,Tienda Rappi: Turbo (Turbo Panini Ya) | Zona: Chicó / Chapinero / Zona Rosa
900489869_2126848621,Combo Absolut Vodka + Selvati Coco Deshidratado,Absolut,Turbo,Vodka,Alcohol,N/A,1 COMBO,74100,74100,0%,74100/combo,https://www.rappi.com.co/search?query=vodka,Tienda Rappi: Turbo (Turbo Panini Ya) | Zona: Chicó / Chapinero / Zona Rosa
900489869_2126848612,Combo Absolut Vodka 1000 ml + Selvati Fresa Deshidratada,Absolut,Turbo,Vodka,Alcohol,N/A,1 COMBO,138600,138600,0%,138600/combo,https://www.rappi.com.co/search?query=vodka,Tienda Rappi: Turbo (Turbo Panini Ya) | Zona: Chicó / Chapinero / Zona Rosa
900489869_2126848618,Combo Absolut Vodka + Selvati Mora Deshidratada,Absolut,Turbo,Vodka,Alcohol,N/A,1 COMBO,74100,74100,0%,74100/combo,https://www.rappi.com.co/search?query=vodka,Tienda Rappi: Turbo (Turbo Panini Ya) | Zona: Chicó / Chapinero / Zona Rosa
900489869_2126848613,Combo Absolut Vodka 1000 ml + Selvati Arándano Deshidratado,Absolut,Turbo,Vodka,Alcohol,N/A,1 COMBO,138600,138600,0%,138600/combo,https://www.rappi.com.co/search?query=vodka,Tienda Rappi: Turbo (Turbo Panini Ya) | Zona: Chicó / Chapinero / Zona Rosa
900489869_2126848628,Combo Smirnoff Vodka Red + Frutakis Uchuva Deshidratada,Smirnoff,Turbo,Vodka,Alcohol,N/A,1 COMBO,109400,109400,0%,109400/combo,https://www.rappi.com.co/search?query=vodka,Tienda Rappi: Turbo (Turbo Panini Ya) | Zona: Chicó / Chapinero / Zona Rosa
900489869_2126848614,Combo Absolut Vodka 1000 ml + Selvati Coco Deshidratado,Absolut,Turbo,Vodka,Alcohol,N/A,1 COMBO,138600,138600,0%,138600/combo,https://www.rappi.com.co/search?query=vodka,Tienda Rappi: Turbo (Turbo Panini Ya) | Zona: Chicó / Chapinero / Zona Rosa
900489869_2093395994,Absolut Vodka 1000 ml,Absolut,Turbo,Vodka,Alcohol,N/A,1 L,123700,123700,0%,123.70/ml,https://www.rappi.com.co/search?query=vodka,Tienda Rappi: Turbo (Turbo Panini Ya) | Zona: Chicó / Chapinero / Zona Rosa
900489869_2126848622,Combo Smirnoff Vodka Red + Selvati Fresa Deshidratada,Smirnoff,Turbo,Vodka,Alcohol,N/A,1 COMBO,109500,109500,0%,109500/combo,https://www.rappi.com.co/search?query=vodka,Tienda Rappi: Turbo (Turbo Panini Ya) | Zona: Chicó / Chapinero / Zona Rosa
900489869_2093395578,Smirnoff Vodka Red,Smirnoff,Turbo,Vodka,Alcohol,N/A,700 ML,94600,94600,0%,135.15/ml,https://www.rappi.com.co/search?query=vodka,Tienda Rappi: Turbo (Turbo Panini Ya) | Zona: Chicó / Chapinero / Zona Rosa
900489869_2126848623,Combo Smirnoff Vodka Red + Selvati Mora Deshidratada,Smirnoff,Turbo,Vodka,Alcohol,N/A,1 COMBO,109500,109500,0%,109500/combo,https://www.rappi.com.co/search?query=vodka,Tienda Rappi: Turbo (Turbo Panini Ya) | Zona: Chicó / Chapinero / Zona Rosa
900489869_2126848625,Combo Smirnoff Vodka Red + Selvati Arándano Deshidratado,Smirnoff,Turbo,Vodka,Alcohol,N/A,1 COMBO,109500,109500,0%,109500/combo,https://www.rappi.com.co/search?query=vodka,Tienda Rappi: Turbo (Turbo Panini Ya) | Zona: Chicó / Chapinero / Zona Rosa
900101308_2119691865,Absolut Vodka,Absolut,Licores JR,Vodka,Alcohol,N/A,350 ML,53900,53900,0%,154/ml,https://www.rappi.com.co/search?query=vodka,Tienda Rappi: Licores JR (Grupo Giraldo Home) | Zona: Chicó / Chapinero / Zona Rosa
900101308_2120019894,Absolut Vodka,Absolut,Licores JR,Vodka,Alcohol,N/A,1 L,113000,113000,0%,113/ml,https://www.rappi.com.co/search?query=vodka,Tienda Rappi: Licores JR (Grupo Giraldo Home) | Zona: Chicó / Chapinero / Zona Rosa
900101308_2120000942,Absolut Vodka Azul,Absolut,Licores JR,Vodka,Alcohol,N/A,750 ML,87400,87400,0%,116.54/ml,https://www.rappi.com.co/search?query=vodka,Tienda Rappi: Licores JR (Grupo Giraldo Home) | Zona: Chicó / Chapinero / Zona Rosa
900101308_2119979028,Absolut Mandrin Vodka,Absolut,Licores JR,Vodka,Alcohol,N/A,700 ML,92800,92800,0%,132.58/ml,https://www.rappi.com.co/search?query=vodka,Tienda Rappi: Licores JR (Grupo Giraldo Home) | Zona: Chicó / Chapinero / Zona Rosa
900434592_2120597323,Absolut Vodka Original,Absolut,Oxxo,Vodka,Alcohol,N/A,700 ML,99600,99600,0%,142.29/ml,https://www.rappi.com.co/search?query=vodka,Tienda Rappi: Oxxo (Oxxo Super) | Zona: Chicó / Chapinero / Zona Rosa
900434592_2120596528,Smirnoff Vodka Red,Smirnoff,Oxxo,Vodka,Alcohol,N/A,700 ML,99900,99900,0%,142.72/ml,https://www.rappi.com.co/search?query=vodka,Tienda Rappi: Oxxo (Oxxo Super) | Zona: Chicó / Chapinero / Zona Rosa
900479515_2126164086,Absolut Vodka Original,Absolut,LICORES EL BORRACHITO,Vodka,Alcohol,N/A,700 ML,115000,115000,0%,164.29/ml,https://www.rappi.com.co/search?query=vodka,Tienda Rappi: LICORES EL BORRACHITO | Zona: Chicó / Chapinero / Zona Rosa
900479515_2126164092,Absolut Mandrin Vodka,Absolut,LICORES EL BORRACHITO,Vodka,Alcohol,N/A,700 ML,120000,120000,0%,171.43/ml,https://www.rappi.com.co/search?query=vodka,Tienda Rappi: LICORES EL BORRACHITO | Zona: Chicó / Chapinero / Zona Rosa
900489869_2093618749,Smirnoff Ice Manzana Verde coctel listo para tomar lata 250 ml pack x4 und,Smirnoff,Turbo,Smirnoff,Alcohol,N/A,250 ML,20700,20700,0%,82.80/ml,https://www.rappi.com.co/search?query=smirnoff,Tienda Rappi: Turbo (Turbo Panini Ya) | Zona: Chicó / Chapinero / Zona Rosa
900489869_2093569341,Smirnoff Ice Cóctel de Sabor Manzana Verde,Smirnoff,Turbo,Smirnoff,Alcohol,N/A,275 ML,22800,22800,0%,82.91/ml,https://www.rappi.com.co/search?query=smirnoff,Tienda Rappi: Turbo (Turbo Panini Ya) | Zona: Chicó / Chapinero / Zona Rosa
900489869_2093569044,Smirnoff Ice Cóctel con Vodka Sabor Original,Smirnoff,Turbo,Smirnoff,Alcohol,N/A,275 ML,22800,22800,0%,82.91/ml,https://www.rappi.com.co/search?query=smirnoff,Tienda Rappi: Turbo (Turbo Panini Ya) | Zona: Chicó / Chapinero / Zona Rosa
900489869_2120786665,Smirnoff Ice Coctel Sabor Green Apple,Smirnoff,Turbo,Smirnoff,Alcohol,N/A,275 ML,6200,6200,0%,22.55/ml,https://www.rappi.com.co/search?query=smirnoff,Tienda Rappi: Turbo (Turbo Panini Ya) | Zona: Chicó / Chapinero / Zona Rosa
900489869_2126368971,Coctel smirnoff tamarindo lata 350 ml,Smirnoff,Turbo,Smirnoff,Alcohol,N/A,350 ML,8300,8300,0%,23.72/ml,https://www.rappi.com.co/search?query=smirnoff,Tienda Rappi: Turbo (Turbo Panini Ya) | Zona: Chicó / Chapinero / Zona Rosa
900489869_2121214400,Smirnoff Ice Bebida a Base de Vodka Sabor Original,Smirnoff,Turbo,Smirnoff,Alcohol,N/A,275 ML,6200,6200,0%,22.55/ml,https://www.rappi.com.co/search?query=smirnoff,Tienda Rappi: Turbo (Turbo Panini Ya) | Zona: Chicó / Chapinero / Zona Rosa
900489869_2093395888,Smirnoff x1 Lulo vodka saborizado listo para tomar 750 ml,Smirnoff,Turbo,Smirnoff,Alcohol,N/A,750 ML,52200,52200,0%,69.60/ml,https://www.rappi.com.co/search?query=smirnoff,Tienda Rappi: Turbo (Turbo Panini Ya) | Zona: Chicó / Chapinero / Zona Rosa
900423958_2119709663,Smirnoff Ice Manzana Verde coctel listo para tomar lata 250 ml pack x4 und,Smirnoff,Jumbo,Smirnoff,Alcohol,N/A,250 ML,19990,19990,0%,79.96/ml,https://www.rappi.com.co/search?query=smirnoff,Tienda Rappi: Jumbo (Jumbo Mt Mascotas) | Zona: Chicó / Chapinero / Zona Rosa
900423958_2120172755,Smirnoff Ice Cóctel con Vodka Sabor Original,Smirnoff,Jumbo,Smirnoff,Alcohol,N/A,275 ML,21990,21990,0%,79.97/ml,https://www.rappi.com.co/search?query=smirnoff,Tienda Rappi: Jumbo (Jumbo Mt Mascotas) | Zona: Chicó / Chapinero / Zona Rosa
900423958_2120726981,Smirnoff Ice Cóctel de Sabor Manzana Verde,Smirnoff,Jumbo,Smirnoff,Alcohol,N/A,275 ML,21990,21990,0%,79.97/ml,https://www.rappi.com.co/search?query=smirnoff,Tienda Rappi: Jumbo (Jumbo Mt Mascotas) | Zona: Chicó / Chapinero / Zona Rosa
900423958_2120468389,Smirnoff Ice Bebida a Base de Vodka Sabor Original,Smirnoff,Jumbo,Smirnoff,Alcohol,N/A,275 ML,5990,5990,0%,21.79/ml,https://www.rappi.com.co/search?query=smirnoff,Tienda Rappi: Jumbo (Jumbo Mt Mascotas) | Zona: Chicó / Chapinero / Zona Rosa
900423958_2121296929,Smirnoff Ice Cóctel Sabor a Manzana Verde,Smirnoff,Jumbo,Smirnoff,Alcohol,N/A,250 ML,5490,5490,0%,21.96/ml,https://www.rappi.com.co/search?query=smirnoff,Tienda Rappi: Jumbo (Jumbo Mt Mascotas) | Zona: Chicó / Chapinero / Zona Rosa
900423958_2126371820,Coctel smirnoff tamarindo lata 350 ml,Smirnoff,Jumbo,Smirnoff,Alcohol,N/A,350 ML,7890,7890,0%,22.55/ml,https://www.rappi.com.co/search?query=smirnoff,Tienda Rappi: Jumbo (Jumbo Mt Mascotas) | Zona: Chicó / Chapinero / Zona Rosa
900423958_2120138254,Smirnoff Ice Coctel Sabor Green Apple,Smirnoff,Jumbo,Smirnoff,Alcohol,N/A,275 ML,5990,5990,0%,21.79/ml,https://www.rappi.com.co/search?query=smirnoff,Tienda Rappi: Jumbo (Jumbo Mt Mascotas) | Zona: Chicó / Chapinero / Zona Rosa
900423958_2121526562,Smirnoff X1 Vodka Sabor a Lulo,Smirnoff,Jumbo,Smirnoff,Alcohol,N/A,1 L,56290,56290,0%,56.29/ml,https://www.rappi.com.co/search?query=smirnoff,Tienda Rappi: Jumbo (Jumbo Mt Mascotas) | Zona: Chicó / Chapinero / Zona Rosa
900434592_2125271307,Smirnoff Ice Manzana Verde coctel listo para tomar lata 250 ml pack x4 und,Smirnoff,Oxxo,Smirnoff,Alcohol,N/A,250 ML,21000,21000,0%,84/ml,https://www.rappi.com.co/search?query=smirnoff,Tienda Rappi: Oxxo (Oxxo Super) | Zona: Chicó / Chapinero / Zona Rosa
900434592_2126371869,Coctel smirnoff tamarindo lata 350 ml,Smirnoff,Oxxo,Smirnoff,Alcohol,N/A,350 ML,7900,7900,0%,22.58/ml,https://www.rappi.com.co/search?query=smirnoff,Tienda Rappi: Oxxo (Oxxo Super) | Zona: Chicó / Chapinero / Zona Rosa
900434592_2120597128,Smirnoff Ice Coctel Sabor Green Apple,Smirnoff,Oxxo,Smirnoff,Alcohol,N/A,275 ML,6000,6000,0%,21.82/ml,https://www.rappi.com.co/search?query=smirnoff,Tienda Rappi: Oxxo (Oxxo Super) | Zona: Chicó / Chapinero / Zona Rosa
900434592_2120597438,Smirnoff Ice Bebida a Base de Vodka Sabor Original,Smirnoff,Oxxo,Smirnoff,Alcohol,N/A,275 ML,6000,6000,0%,21.82/ml,https://www.rappi.com.co/search?query=smirnoff,Tienda Rappi: Oxxo (Oxxo Super) | Zona: Chicó / Chapinero / Zona Rosa
900434592_2125263117,Smirnoff Vodka Ice Original,Smirnoff,Oxxo,Smirnoff,Alcohol,N/A,1000 ML,21000,21000,0%,21/ml,https://www.rappi.com.co/search?query=smirnoff,Tienda Rappi: Oxxo (Oxxo Super) | Zona: Chicó / Chapinero / Zona Rosa
900101308_2120009300,Smirnoff Ice Bebida a Base de Vodka Sabor Original,Smirnoff,Licores JR,Smirnoff,Alcohol,N/A,275 ML,7200,7200,0%,26.19/ml,https://www.rappi.com.co/search?query=smirnoff,Tienda Rappi: Licores JR (Grupo Giraldo Home) | Zona: Chicó / Chapinero / Zona Rosa
900101308_2120878388,Smirnoff x1 Lulo vodka saborizado listo para tomar 750 ml,Smirnoff,Licores JR,Smirnoff,Alcohol,N/A,750 ML,48500,48500,0%,64.67/ml,https://www.rappi.com.co/search?query=smirnoff,Tienda Rappi: Licores JR (Grupo Giraldo Home) | Zona: Chicó / Chapinero / Zona Rosa
900474579_2125986376,Smirnoff Spicy Tamarind 750 ml,Smirnoff,Licores C & C,Smirnoff,Alcohol,N/A,750 ML,70000,65800,6%,87.74/ml,https://www.rappi.com.co/search?query=smirnoff,Tienda Rappi: Licores C & C (LICORES C Y C) | Zona: Chicó / Chapinero / Zona Rosa
900474579_2125986372,Smirnoff X1 Lulo Vodka,Smirnoff,Licores C & C,Smirnoff,Alcohol,N/A,750 ML,70000,65800,6%,87.74/ml,https://www.rappi.com.co/search?query=smirnoff,Tienda Rappi: Licores C & C (LICORES C Y C) | Zona: Chicó / Chapinero / Zona Rosa
900489869_2121688389,Grey Goose Vodka Imported,Grey Goose,Turbo,Grey goose,Alcohol,N/A,700 ML,249100,199280,20%,284.69/ml,https://www.rappi.com.co/search?query=grey%20goose,Tienda Rappi: Turbo (Turbo Panini Ya) | Zona: Chicó / Chapinero / Zona Rosa
900434592_2122798599,Ladoga Vodka Ruso Botella 700 mL,Ladoga,Oxxo,Grey goose,Alcohol,N/A,700 ML,74900,74900,0%,107/ml,https://www.rappi.com.co/search?query=grey%20goose,Tienda Rappi: Oxxo (Oxxo Super) | Zona: Chicó / Chapinero / Zona Rosa
900434592_2122798597,Like Fresh Vodka Apple Botella 300 mL,Like,Oxxo,Grey goose,Alcohol,N/A,300 ML,5000,5000,0%,16.67/ml,https://www.rappi.com.co/search?query=grey%20goose,Tienda Rappi: Oxxo (Oxxo Super) | Zona: Chicó / Chapinero / Zona Rosa
900101308_2123186244,Vodka Samarskaya Bot 700 Ml,Vodka,Licores JR,Grey goose,Alcohol,N/A,700 ML,37400,37400,0%,53.43/ml,https://www.rappi.com.co/search?query=grey%20goose,Tienda Rappi: Licores JR (Grupo Giraldo Home) | Zona: Chicó / Chapinero / Zona Rosa
900423958_2120038541,Absolut Vodka 1000 ml,Absolut,Jumbo,Grey goose,Alcohol,N/A,1 L,118900,118900,0%,118.90/ml,https://www.rappi.com.co/search?query=grey%20goose,Tienda Rappi: Jumbo (Jumbo Mt Mascotas) | Zona: Chicó / Chapinero / Zona Rosa
900047171_679622,Corona 350 ml,Corona,Monchis,Belvedere,Alcohol,N/A,1 UND,20000,20000,0%,20000.0,https://www.rappi.com.co/search?query=belvedere,Tienda Rappi: Monchis | Zona: Chicó / Chapinero / Zona Rosa
900165860_2093395559,Bombay Sapphire Ginebra London Dry,Bombay Sapphire,Turbo,Ginebra,Alcohol,N/A,700 ML,154900,123920,20%,177.03/ml,https://www.rappi.com.co/search?query=ginebra,Tienda Rappi: Turbo (Turbo Fresh) | Zona: Chicó / Chapinero / Zona Rosa
900165860_2121155181,Tanqueray London Dry Gin ginebra 700 ml,Tanqueray,Turbo,Ginebra,Alcohol,N/A,700 ML,154900,154900,0%,221.29/ml,https://www.rappi.com.co/search?query=ginebra,Tienda Rappi: Turbo (Turbo Fresh) | Zona: Chicó / Chapinero / Zona Rosa
900165860_2093395722,Gordon's Dry Gin 700ML,Gordon's,Turbo,Ginebra,Alcohol,N/A,700 ML,85700,85700,0%,122.43/ml,https://www.rappi.com.co/search?query=ginebra,Tienda Rappi: Turbo (Turbo Fresh) | Zona: Chicó / Chapinero / Zona Rosa
900165860_2093395716,Beefeater Ginebra,Beefeater,Turbo,Ginebra,Alcohol,N/A,700 ML,153900,153900,0%,219.86/ml,https://www.rappi.com.co/search?query=ginebra,Tienda Rappi: Turbo (Turbo Fresh) | Zona: Chicó / Chapinero / Zona Rosa
900101308_2122238530,Bombay Sapphire Ginebra Bramble 700 mL,Bombay Sapphire,Licores JR,Ginebra,Alcohol,N/A,700 ML,142600,142600,0%,203.72/ml,https://www.rappi.com.co/search?query=ginebra,Tienda Rappi: Licores JR (Grupo Giraldo Home) | Zona: Chicó / Chapinero / Zona Rosa
900101308_2120112138,Bombay Sapphire Ginebra 1L,Bombay Sapphire,Licores JR,Ginebra,Alcohol,N/A,1 L,178800,178800,0%,178.80/ml,https://www.rappi.com.co/search?query=ginebra,Tienda Rappi: Licores JR (Grupo Giraldo Home) | Zona: Chicó / Chapinero / Zona Rosa
900101308_2122238565,Bombay Sapphire Ginebra London Dry,Bombay Sapphire,Licores JR,Ginebra,Alcohol,N/A,700 ML,131700,131700,0%,188.15/ml,https://www.rappi.com.co/search?query=ginebra,Tienda Rappi: Licores JR (Grupo Giraldo Home) | Zona: Chicó / Chapinero / Zona Rosa
900101308_2120878373,Tanqueray London Dry Gin ginebra 700 ml,Tanqueray,Licores JR,Ginebra,Alcohol,N/A,700 ML,155500,155500,0%,222.15/ml,https://www.rappi.com.co/search?query=ginebra,Tienda Rappi: Licores JR (Grupo Giraldo Home) | Zona: Chicó / Chapinero / Zona Rosa
900101308_2122572484,Ginebra Perigans Bot 700 Ml,Ginebra,Licores JR,Ginebra,Alcohol,N/A,700 ML,39600,39600,0%,56.58/ml,https://www.rappi.com.co/search?query=ginebra,Tienda Rappi: Licores JR (Grupo Giraldo Home) | Zona: Chicó / Chapinero / Zona Rosa
900101308_2120885494,Beefeater 24 Ginebra,Beefeater,Licores JR,Ginebra,Alcohol,N/A,700 ML,267100,267100,0%,381.58/ml,https://www.rappi.com.co/search?query=ginebra,Tienda Rappi: Licores JR (Grupo Giraldo Home) | Zona: Chicó / Chapinero / Zona Rosa
900101308_2120044558,Bulldog Ginebra London Dry,Bulldog,Licores JR,Ginebra,Alcohol,N/A,750 ML,173900,173900,0%,231.87/ml,https://www.rappi.com.co/search?query=ginebra,Tienda Rappi: Licores JR (Grupo Giraldo Home) | Zona: Chicó / Chapinero / Zona Rosa
900101308_2122015551,Ginebra Kinross Berry Pink,Ginebra,Licores JR,Ginebra,Alcohol,N/A,750 ML,85300,85300,0%,113.74/ml,https://www.rappi.com.co/search?query=ginebra,Tienda Rappi: Licores JR (Grupo Giraldo Home) | Zona: Chicó / Chapinero / Zona Rosa
900101308_2120073994,Beefeater Pink Ginebra,Beefeater,Licores JR,Ginebra,Alcohol,N/A,700 ML,164800,164800,0%,235.43/ml,https://www.rappi.com.co/search?query=ginebra,Tienda Rappi: Licores JR (Grupo Giraldo Home) | Zona: Chicó / Chapinero / Zona Rosa
900101308_2120014538,Beefeater Ginebra,Beefeater,Licores JR,Ginebra,Alcohol,N/A,1 L,189100,189100,0%,189.10/ml,https://www.rappi.com.co/search?query=ginebra,Tienda Rappi: Licores JR (Grupo Giraldo Home) | Zona: Chicó / Chapinero / Zona Rosa
900101308_2125903509,Ginebra Canaima,Ginebra,Licores JR,Ginebra,Alcohol,N/A,750 ML,169000,169000,0%,225.34/ml,https://www.rappi.com.co/search?query=ginebra,Tienda Rappi: Licores JR (Grupo Giraldo Home) | Zona: Chicó / Chapinero / Zona Rosa
900101308_2119933987,Beefeater Ginebra,Beefeater,Licores JR,Ginebra,Alcohol,N/A,350 ML,78900,78900,0%,225.43/ml,https://www.rappi.com.co/search?query=ginebra,Tienda Rappi: Licores JR (Grupo Giraldo Home) | Zona: Chicó / Chapinero / Zona Rosa
900101308_2122238595,Mg Gin Ebra Clásica,Mg,Licores JR,Ginebra,Alcohol,N/A,700 ML,131700,131700,0%,188.15/ml,https://www.rappi.com.co/search?query=ginebra,Tienda Rappi: Licores JR (Grupo Giraldo Home) | Zona: Chicó / Chapinero / Zona Rosa
900101308_2122015534,Ginebra Kinross Botánica,Ginebra,Licores JR,Ginebra,Alcohol,N/A,700 ML,49300,49300,0%,70.43/ml,https://www.rappi.com.co/search?query=ginebra,Tienda Rappi: Licores JR (Grupo Giraldo Home) | Zona: Chicó / Chapinero / Zona Rosa
900101308_2122238503,Hendricks Ginebra,Hendricks,Licores JR,Ginebra,Alcohol,N/A,750 ML,241700,241700,0%,322.27/ml,https://www.rappi.com.co/search?query=ginebra,Tienda Rappi: Licores JR (Grupo Giraldo Home) | Zona: Chicó / Chapinero / Zona Rosa
900101308_2120075373,Monkey 47 Ginebra Schwarzwald Dry,Monkey,Licores JR,Ginebra,Alcohol,N/A,500 ML,266500,266500,0%,533/ml,https://www.rappi.com.co/search?query=ginebra,Tienda Rappi: Licores JR (Grupo Giraldo Home) | Zona: Chicó / Chapinero / Zona Rosa
900423958_2120803032,Bombay Sapphire Ginebra London Dry,Bombay Sapphire,Jumbo,Ginebra,Alcohol,N/A,700 ML,148990,148990,0%,212.85/ml,https://www.rappi.com.co/search?query=ginebra,Tienda Rappi: Jumbo (Jumbo Mt Mascotas) | Zona: Chicó / Chapinero / Zona Rosa
900434592_2120597075,Gordon's Dry Gin 700ML,Gordon's,Oxxo,Ginebra,Alcohol,N/A,700 ML,90100,90100,0%,128.72/ml,https://www.rappi.com.co/search?query=ginebra,Tienda Rappi: Oxxo (Oxxo Super) | Zona: Chicó / Chapinero / Zona Rosa
900434592_2120597279,Tanqueray Ginebra London Dry Gin,Tanqueray,Oxxo,Ginebra,Alcohol,N/A,375 ML,94300,94300,0%,251.47/ml,https://www.rappi.com.co/search?query=ginebra,Tienda Rappi: Oxxo (Oxxo Super) | Zona: Chicó / Chapinero / Zona Rosa
900479515_2126164078,Gordon's Dry Gin 700ML,Gordon's,LICORES EL BORRACHITO,Ginebra,Alcohol,N/A,700 ML,95000,95000,0%,135.72/ml,https://www.rappi.com.co/search?query=ginebra,Tienda Rappi: LICORES EL BORRACHITO | Zona: Chicó / Chapinero / Zona Rosa
900479515_2126164077,Gordon's Ginebra Premium Pink Frambuesa,Gordon's,LICORES EL BORRACHITO,Ginebra,Alcohol,N/A,700 ML,125000,125000,0%,178.58/ml,https://www.rappi.com.co/search?query=ginebra,Tienda Rappi: LICORES EL BORRACHITO | Zona: Chicó / Chapinero / Zona Rosa
900489869_2121155181,Tanqueray London Dry Gin ginebra 700 ml,Tanqueray,Turbo,Tanqueray,Alcohol,N/A,700 ML,154900,154900,0%,221.29/ml,https://www.rappi.com.co/search?query=tanqueray,Tienda Rappi: Turbo (Turbo Panini Ya) | Zona: Chicó / Chapinero / Zona Rosa
900489869_2093395559,Bombay Sapphire Ginebra London Dry,Bombay Sapphire,Turbo,Tanqueray,Alcohol,N/A,700 ML,154900,123920,20%,177.03/ml,https://www.rappi.com.co/search?query=tanqueray,Tienda Rappi: Turbo (Turbo Panini Ya) | Zona: Chicó / Chapinero / Zona Rosa
900489869_2121372759,Juniper Bebida Cocktails Gin And Tonic 280 mL,Juniper,Turbo,Tanqueray,Alcohol,N/A,280 ML,27900,27900,0%,99.65/ml,https://www.rappi.com.co/search?query=tanqueray,Tienda Rappi: Turbo (Turbo Panini Ya) | Zona: Chicó / Chapinero / Zona Rosa
900023671_2121957331,Rcr Copa Calice Gin Ginebra 670 mL,Rcr,Home Sentry,Bombay sapphire,Alcohol,N/A,1 UND,149950,149950,0%,149950/und,https://www.rappi.com.co/search?query=bombay%20sapphire,Tienda Rappi: Home Sentry | Zona: Chicó / Chapinero / Zona Rosa
900023671_2124826335,Bohemia Copa Gin Tonic Transparente 11 cm,Bohemia,Home Sentry,Bombay sapphire,Alcohol,N/A,6 UND,75950,75950,0%,12658.34/und,https://www.rappi.com.co/search?query=bombay%20sapphire,Tienda Rappi: Home Sentry | Zona: Chicó / Chapinero / Zona Rosa
900023671_2125830150,Copa Ginebra Rcr Optiq 670 Ml 2 Ud Cristal,Copa,Home Sentry,Bombay sapphire,Alcohol,N/A,1 UND,84950,84950,0%,84950/und,https://www.rappi.com.co/search?query=bombay%20sapphire,Tienda Rappi: Home Sentry | Zona: Chicó / Chapinero / Zona Rosa
900023671_2092811515,Cristar Copa para Ginebra Canastilla,Cristar,Home Sentry,Bombay sapphire,Alcohol,N/A,2 UND,29950,29950,0%,14975/und,https://www.rappi.com.co/search?query=bombay%20sapphire,Tienda Rappi: Home Sentry | Zona: Chicó / Chapinero / Zona Rosa
900023671_2123101310,Copas Shot Licor Bohemia 60ml Setx6 Ideal En Cristal,Copas,Home Sentry,Bombay sapphire,Alcohol,N/A,1 UND,78950,78950,0%,78950/und,https://www.rappi.com.co/search?query=bombay%20sapphire,Tienda Rappi: Home Sentry | Zona: Chicó / Chapinero / Zona Rosa
900023671_2126325920,Copa Vino Tinto Qing Ping Guo Azul 340 Ml 6 Und Vidrio,Copa,Home Sentry,Bombay sapphire,Alcohol,N/A,1 UND,79950,59950,25%,59950/und,https://www.rappi.com.co/search?query=bombay%20sapphire,Tienda Rappi: Home Sentry | Zona: Chicó / Chapinero / Zona Rosa
900489869_2093396000,Hendricks Ginebra,Hendricks,Turbo,Hendricks,Alcohol,N/A,750 ML,272700,272700,0%,363.60/ml,https://www.rappi.com.co/search?query=hendricks,Tienda Rappi: Turbo (Turbo Panini Ya) | Zona: Chicó / Chapinero / Zona Rosa
900489869_2093395496,Finca las Moras Vino Tinto Malbec,Las Moras,Turbo,Vino tinto,Alcohol,N/A,750 ML,64800,64800,0%,86.40/ml,https://www.rappi.com.co/search?query=vino%20tinto,Tienda Rappi: Turbo (Turbo Panini Ya) | Zona: Chicó / Chapinero / Zona Rosa
900489869_2093608360,Finca las Moras Vino Tinto Cabernet Sauvignon,Las Moras,Turbo,Vino tinto,Alcohol,N/A,750 ML,64500,64500,0%,86/ml,https://www.rappi.com.co/search?query=vino%20tinto,Tienda Rappi: Turbo (Turbo Panini Ya) | Zona: Chicó / Chapinero / Zona Rosa
900489869_2093608357,Frontera Vino Tinto Merlot Chile,Frontera,Turbo,Vino tinto,Alcohol,N/A,750 ML,44000,44000,0%,58.67/ml,https://www.rappi.com.co/search?query=vino%20tinto,Tienda Rappi: Turbo (Turbo Panini Ya) | Zona: Chicó / Chapinero / Zona Rosa
900489869_2121688223,Morande Vino Tinto Clásico Carmenere,Morande,Turbo,Vino tinto,Alcohol,N/A,750 ML,51400,38550,25%,51.40/ml,https://www.rappi.com.co/search?query=vino%20tinto,Tienda Rappi: Turbo (Turbo Panini Ya) | Zona: Chicó / Chapinero / Zona Rosa
900489869_2122222110,Portillo Vino Tinto Malbec,Portillo,Turbo,Vino tinto,Alcohol,N/A,750 ML,96400,96400,0%,128.54/ml,https://www.rappi.com.co/search?query=vino%20tinto,Tienda Rappi: Turbo (Turbo Panini Ya) | Zona: Chicó / Chapinero / Zona Rosa
900489869_2121144263,Finca las Moras Vino Tinto Orgánico Malbec,Las Moras,Turbo,Vino tinto,Alcohol,N/A,750 ML,85700,85700,0%,114.27/ml,https://www.rappi.com.co/search?query=vino%20tinto,Tienda Rappi: Turbo (Turbo Panini Ya) | Zona: Chicó / Chapinero / Zona Rosa
900489869_2123565928,Trivento Vino Tinto Malbec,Trivento,Turbo,Vino tinto,Alcohol,N/A,750 ML,93000,93000,0%,124/ml,https://www.rappi.com.co/search?query=vino%20tinto,Tienda Rappi: Turbo (Turbo Panini Ya) | Zona: Chicó / Chapinero / Zona Rosa
900489869_2123818485,Finca Las Moras Vino Tinto Black Label Malbec Botella 750 ml,Las Moras,Turbo,Vino tinto,Alcohol,N/A,750 ML,138500,138500,0%,184.67/ml,https://www.rappi.com.co/search?query=vino%20tinto,Tienda Rappi: Turbo (Turbo Panini Ya) | Zona: Chicó / Chapinero / Zona Rosa
900489869_2121771059,Reservado Vino Rosado Reserva,Reservado,Turbo,Vino rosado,Alcohol,N/A,750 ML,29300,29300,0%,39.07/ml,https://www.rappi.com.co/search?query=vino%20rosado,Tienda Rappi: Turbo (Turbo Panini Ya) | Zona: Chicó / Chapinero / Zona Rosa
900489869_2121686360,Undurraga Vino Rosado Rosé Cabernet Sauvignon,Undurraga,Turbo,Vino rosado,Alcohol,N/A,750 ML,137600,137600,0%,183.47/ml,https://www.rappi.com.co/search?query=vino%20rosado,Tienda Rappi: Turbo (Turbo Panini Ya) | Zona: Chicó / Chapinero / Zona Rosa
900489869_2124426396,Peñascal Vino Rosado,Peñascal,Turbo,Vino rosado,Alcohol,N/A,750 ML,84700,84700,0%,112.94/ml,https://www.rappi.com.co/search?query=vino%20rosado,Tienda Rappi: Turbo (Turbo Panini Ya) | Zona: Chicó / Chapinero / Zona Rosa
900489869_2120271702,Frontera Vino Rosado Spritzer,Frontera,Turbo,Vino rosado,Alcohol,N/A,750 ML,50300,50300,0%,67.07/ml,https://www.rappi.com.co/search?query=vino%20rosado,Tienda Rappi: Turbo (Turbo Panini Ya) | Zona: Chicó / Chapinero / Zona Rosa
900489869_2119938605,Santa Carolina Vino Rosé Reservado,Santa,Turbo,Vino rosado,Alcohol,N/A,750 ML,60800,60800,0%,81.07/ml,https://www.rappi.com.co/search?query=vino%20rosado,Tienda Rappi: Turbo (Turbo Panini Ya) | Zona: Chicó / Chapinero / Zona Rosa
900489869_2093608366,Frontera Vino Rosé Merlot,Frontera,Turbo,Vino rosado,Alcohol,N/A,750 ML,70400,70400,0%,93.87/ml,https://www.rappi.com.co/search?query=vino%20rosado,Tienda Rappi: Turbo (Turbo Panini Ya) | Zona: Chicó / Chapinero / Zona Rosa
900489869_2121688557,Tres Medallas Vino Rosé,Tres,Turbo,Vino rosado,Alcohol,N/A,750 ML,72500,50750,30%,67.67/ml,https://www.rappi.com.co/search?query=vino%20rosado,Tienda Rappi: Turbo (Turbo Panini Ya) | Zona: Chicó / Chapinero / Zona Rosa
900489869_2122513444,La Pluma Vino Lambrusco Rosado Marca Exclusiva,La,Turbo,Vino rosado,Alcohol,N/A,750 ML,25000,25000,0%,33.34/ml,https://www.rappi.com.co/search?query=vino%20rosado,Tienda Rappi: Turbo (Turbo Panini Ya) | Zona: Chicó / Chapinero / Zona Rosa
900489869_2126425122,Emblema Vino Rose Chile,Emblema,Turbo,Vino rosado,Alcohol,N/A,750 ML,31200,31200,0%,41.60/ml,https://www.rappi.com.co/search?query=vino%20rosado,Tienda Rappi: Turbo (Turbo Panini Ya) | Zona: Chicó / Chapinero / Zona Rosa
900423958_2120539673,Marques De Riscal Vino Rosado Tempranillo,Marques,Jumbo,Vino rosado,Alcohol,N/A,750 ML,99990,99990,0%,133.32/ml,https://www.rappi.com.co/search?query=vino%20rosado,Tienda Rappi: Jumbo (Jumbo Mt Mascotas) | Zona: Chicó / Chapinero / Zona Rosa
900423958_2126488322,Vino Rosado La Cave D Augustin Florent Lang,Vino,Jumbo,Vino rosado,Alcohol,N/A,750 ML,39990,39990,0%,53.32/ml,https://www.rappi.com.co/search?query=vino%20rosado,Tienda Rappi: Jumbo (Jumbo Mt Mascotas) | Zona: Chicó / Chapinero / Zona Rosa
900423958_2123017677,Finca la Linda Vino Rosado Rosé Malbec,Finca,Jumbo,Vino rosado,Alcohol,N/A,750 ML,75990,75990,0%,101.32/ml,https://www.rappi.com.co/search?query=vino%20rosado,Tienda Rappi: Jumbo (Jumbo Mt Mascotas) | Zona: Chicó / Chapinero / Zona Rosa
900101308_2120061664,Reservado Vino Rosado Rosé,Reservado,Licores JR,Vino rosado,Alcohol,N/A,750 ML,26300,26300,0%,35.07/ml,https://www.rappi.com.co/search?query=vino%20rosado,Tienda Rappi: Licores JR (Grupo Giraldo Home) | Zona: Chicó / Chapinero / Zona Rosa
900434592_2124279724,Vino Frizante Rosado Sandara,Vino,Oxxo,Vino rosado,Alcohol,N/A,250 ML,11900,11900,0%,47.60/ml,https://www.rappi.com.co/search?query=vino%20rosado,Tienda Rappi: Oxxo (Oxxo Super) | Zona: Chicó / Chapinero / Zona Rosa
900165860_2121645970,Fizzy Jp Chenet Aperitivo de vino Blanc 250 ml,Fizzy,Turbo,Champagne,Alcohol,N/A,250 ML,12400,12400,0%,49.60/ml,https://www.rappi.com.co/search?query=champagne,Tienda Rappi: Turbo (Turbo Fresh) | Zona: Chicó / Chapinero / Zona Rosa
900165860_2093526970,JP Chenet Vino Espumoso Ice Edition Rosé,JP,Turbo,Champagne,Alcohol,N/A,750 ML,68200,68200,0%,90.94/ml,https://www.rappi.com.co/search?query=champagne,Tienda Rappi: Turbo (Turbo Fresh) | Zona: Chicó / Chapinero / Zona Rosa
900165860_2093526971,JP Chenet Vino Espumoso Ice Demi Sec Botella 750 ml,JP,Turbo,Champagne,Alcohol,N/A,750 ML,68200,68200,0%,90.94/ml,https://www.rappi.com.co/search?query=champagne,Tienda Rappi: Turbo (Turbo Fresh) | Zona: Chicó / Chapinero / Zona Rosa
900165860_2126426814,Combo JP Chenet Vino Ice Edition Rosé + Ferrero Rocher Avellana,Combo,Turbo,Champagne,Alcohol,N/A,1 COMBO,100600,100600,0%,100600/combo,https://www.rappi.com.co/search?query=champagne,Tienda Rappi: Turbo (Turbo Fresh) | Zona: Chicó / Chapinero / Zona Rosa
900165860_2126426811,Combo JP Chenet Vino Ice Rosé + Ferrero Rocher Bombón y Avellana,Combo,Turbo,Champagne,Alcohol,N/A,1 COMBO,83000,83000,0%,83000/combo,https://www.rappi.com.co/search?query=champagne,Tienda Rappi: Turbo (Turbo Fresh) | Zona: Chicó / Chapinero / Zona Rosa
900165860_2121144261,Jp Chenet Vino Espumoso Fashion Strawberry,Jp,Turbo,Champagne,Alcohol,N/A,750 ML,91700,91700,0%,122.27/ml,https://www.rappi.com.co/search?query=champagne,Tienda Rappi: Turbo (Turbo Fresh) | Zona: Chicó / Chapinero / Zona Rosa
900165860_2121771082,André Vino Espumoso Rosé,André,Turbo,Champagne,Alcohol,N/A,750 ML,77500,77500,0%,103.34/ml,https://www.rappi.com.co/search?query=champagne,Tienda Rappi: Turbo (Turbo Fresh) | Zona: Chicó / Chapinero / Zona Rosa
900165860_2124286908,Baron de Valls Vino Espumoso Ice Rosado,Baron,Turbo,Champagne,Alcohol,N/A,750 ML,55100,38570,30%,51.43/ml,https://www.rappi.com.co/search?query=champagne,Tienda Rappi: Turbo (Turbo Fresh) | Zona: Chicó / Chapinero / Zona Rosa
900165860_2121350134,Andre Vino Blanco Espumoso Brut,Andre,Turbo,Champagne,Alcohol,N/A,750 ML,57600,57600,0%,76.80/ml,https://www.rappi.com.co/search?query=champagne,Tienda Rappi: Turbo (Turbo Fresh) | Zona: Chicó / Chapinero / Zona Rosa
900423958_2119674620,JP Chenet Vino Espumoso Ice Edition Rosé,JP,Jumbo,Champagne,Alcohol,N/A,750 ML,75290,75290,0%,100.39/ml,https://www.rappi.com.co/search?query=champagne,Tienda Rappi: Jumbo (Jumbo Mt Mascotas) | Zona: Chicó / Chapinero / Zona Rosa
900423958_2121022887,JP Chenet Vino Espumoso Ice Demi Sec Botella 750 ml,JP,Jumbo,Champagne,Alcohol,N/A,750 ML,69400,69400,0%,92.54/ml,https://www.rappi.com.co/search?query=champagne,Tienda Rappi: Jumbo (Jumbo Mt Mascotas) | Zona: Chicó / Chapinero / Zona Rosa
900423958_2119976600,Jp Chenet Vino Rose Espumoso Ice Piba,Jp,Jumbo,Champagne,Alcohol,N/A,200 ML,23990,23990,0%,119.95/ml,https://www.rappi.com.co/search?query=champagne,Tienda Rappi: Jumbo (Jumbo Mt Mascotas) | Zona: Chicó / Chapinero / Zona Rosa
900423958_2119690090,Jp Chenet Vino Espumo Ice Edition,Jp,Jumbo,Champagne,Alcohol,N/A,200 ML,23990,23990,0%,119.95/ml,https://www.rappi.com.co/search?query=champagne,Tienda Rappi: Jumbo (Jumbo Mt Mascotas) | Zona: Chicó / Chapinero / Zona Rosa
900423958_2124695288,Vino Espumoso Rosado Semisec,Vino,Jumbo,Champagne,Alcohol,N/A,1 UND,48990,48990,0%,48990/und,https://www.rappi.com.co/search?query=champagne,Tienda Rappi: Jumbo (Jumbo Mt Mascotas) | Zona: Chicó / Chapinero / Zona Rosa
900479515_2126164151,JP Chenet Vino Espumoso Ice Edition Rosé,JP,LICORES EL BORRACHITO,Champagne,Alcohol,N/A,750 ML,80000,80000,0%,106.67/ml,https://www.rappi.com.co/search?query=champagne,Tienda Rappi: LICORES EL BORRACHITO | Zona: Chicó / Chapinero / Zona Rosa
900479515_2126164152,JP Chenet Vino Espumoso Ice Demi Sec Botella 750 ml,JP,LICORES EL BORRACHITO,Champagne,Alcohol,N/A,750 ML,80000,80000,0%,106.67/ml,https://www.rappi.com.co/search?query=champagne,Tienda Rappi: LICORES EL BORRACHITO | Zona: Chicó / Chapinero / Zona Rosa
900479515_2126164154,Jp Chenet Vino Espumoso Fashion Strawberry,Jp,LICORES EL BORRACHITO,Champagne,Alcohol,N/A,750 ML,80000,80000,0%,106.67/ml,https://www.rappi.com.co/search?query=champagne,Tienda Rappi: LICORES EL BORRACHITO | Zona: Chicó / Chapinero / Zona Rosa
900479515_2126164153,JP Chenet Vino Espumoso Fashion Cassis Morado Botella de 750 ml,JP,LICORES EL BORRACHITO,Champagne,Alcohol,N/A,750 ML,80000,80000,0%,106.67/ml,https://www.rappi.com.co/search?query=champagne,Tienda Rappi: LICORES EL BORRACHITO | Zona: Chicó / Chapinero / Zona Rosa
900434592_2121676374,JP Chenet Vino Espumoso Ice Edition Rosé,JP,Oxxo,Champagne,Alcohol,N/A,750 ML,74900,63650,15%,84.87/ml,https://www.rappi.com.co/search?query=champagne,Tienda Rappi: Oxxo (Oxxo Super) | Zona: Chicó / Chapinero / Zona Rosa
900101308_2120056546,JP Chenet Vino Espumoso Ice Demi Sec Botella 750 ml,JP,Licores JR,Champagne,Alcohol,N/A,750 ML,56800,50550,11%,67.41/ml,https://www.rappi.com.co/search?query=champagne,Tienda Rappi: Licores JR (Grupo Giraldo Home) | Zona: Chicó / Chapinero / Zona Rosa
900165860_2121144270,Chandon Vino Espumante Extra Brut 750 ml,Chandon,Turbo,Cava,Alcohol,N/A,750 ML,105000,105000,0%,140/ml,https://www.rappi.com.co/search?query=cava,Tienda Rappi: Turbo (Turbo Fresh) | Zona: Chicó / Chapinero / Zona Rosa
900165860_2124286914,Barón de Valls Vino Espumoso Ice Blanco,Barón,Turbo,Cava,Alcohol,N/A,750 ML,57900,40530,30%,54.04/ml,https://www.rappi.com.co/search?query=cava,Tienda Rappi: Turbo (Turbo Fresh) | Zona: Chicó / Chapinero / Zona Rosa
900165860_2093395313,Mionetto Vino Espumante Prosecco Brut Glera 750 ml,Mionetto,Turbo,Cava,Alcohol,N/A,750 ML,101800,101800,0%,135.74/ml,https://www.rappi.com.co/search?query=cava,Tienda Rappi: Turbo (Turbo Fresh) | Zona: Chicó / Chapinero / Zona Rosa
900165860_2124029625,Cinzano Vino Espumoso Prosseco Pro Spritz,Cinzano,Turbo,Cava,Alcohol,N/A,750 ML,67900,67900,0%,90.54/ml,https://www.rappi.com.co/search?query=cava,Tienda Rappi: Turbo (Turbo Fresh) | Zona: Chicó / Chapinero / Zona Rosa
900417176_2126538871,Vino Espumante Jp Chenet 200ml,Vino,ROSA MORENA PAPELERIA FIESTAS Y VARIEDADES,Cava,Alcohol,N/A,200 ML,62500,62500,0%,312.50/ml,https://www.rappi.com.co/search?query=cava,Tienda Rappi: ROSA MORENA PAPELERIA FIESTAS Y VARIEDADES | Zona: Chicó / Chapinero / Zona Rosa
900417176_2126538919,Vino Espumante Jp Chenet 200ml,Vino,ROSA MORENA PAPELERIA FIESTAS Y VARIEDADES,Cava,Alcohol,N/A,200 ML,62500,62500,0%,312.50/ml,https://www.rappi.com.co/search?query=cava,Tienda Rappi: ROSA MORENA PAPELERIA FIESTAS Y VARIEDADES | Zona: Chicó / Chapinero / Zona Rosa
900417176_2126538899,Vino Espumante Jp Chenet 200ml,Vino,ROSA MORENA PAPELERIA FIESTAS Y VARIEDADES,Cava,Alcohol,N/A,200 ML,62500,62500,0%,312.50/ml,https://www.rappi.com.co/search?query=cava,Tienda Rappi: ROSA MORENA PAPELERIA FIESTAS Y VARIEDADES | Zona: Chicó / Chapinero / Zona Rosa
900417176_2126538888,Vino Espumante Jp Chenet 200ml,Vino,ROSA MORENA PAPELERIA FIESTAS Y VARIEDADES,Cava,Alcohol,N/A,200 ML,62500,62500,0%,312.50/ml,https://www.rappi.com.co/search?query=cava,Tienda Rappi: ROSA MORENA PAPELERIA FIESTAS Y VARIEDADES | Zona: Chicó / Chapinero / Zona Rosa
900417176_2126526145,Jp Chenet Vino Espumoso En Lata 250ml,Jp,ROSA MORENA PAPELERIA FIESTAS Y VARIEDADES,Cava,Alcohol,N/A,250 ML,31000,31000,0%,124/ml,https://www.rappi.com.co/search?query=cava,Tienda Rappi: ROSA MORENA PAPELERIA FIESTAS Y VARIEDADES | Zona: Chicó / Chapinero / Zona Rosa
900437490_2126538921,Vino Espumante Jp Chenet 200ml,Vino,BYG PAPELERIA FIESTAS Y VARIEDADES,Cava,Alcohol,N/A,200 ML,62500,62500,0%,312.50/ml,https://www.rappi.com.co/search?query=cava,Tienda Rappi: BYG PAPELERIA FIESTAS Y VARIEDADES (PAPELERIA FIESTAS Y VARIEDADES BYM) | Zona: Chicó / Chapinero / Zona Rosa
900437490_2126538877,Vino Espumante Jp Chenet 200ml,Vino,BYG PAPELERIA FIESTAS Y VARIEDADES,Cava,Alcohol,N/A,200 ML,62500,62500,0%,312.50/ml,https://www.rappi.com.co/search?query=cava,Tienda Rappi: BYG PAPELERIA FIESTAS Y VARIEDADES (PAPELERIA FIESTAS Y VARIEDADES BYM) | Zona: Chicó / Chapinero / Zona Rosa
900437490_2126538904,Vino Espumante Jp Chenet 200ml,Vino,BYG PAPELERIA FIESTAS Y VARIEDADES,Cava,Alcohol,N/A,200 ML,62500,62500,0%,312.50/ml,https://www.rappi.com.co/search?query=cava,Tienda Rappi: BYG PAPELERIA FIESTAS Y VARIEDADES (PAPELERIA FIESTAS Y VARIEDADES BYM) | Zona: Chicó / Chapinero / Zona Rosa
900437490_2126538890,Vino Espumante Jp Chenet 200ml,Vino,BYG PAPELERIA FIESTAS Y VARIEDADES,Cava,Alcohol,N/A,200 ML,62500,62500,0%,312.50/ml,https://www.rappi.com.co/search?query=cava,Tienda Rappi: BYG PAPELERIA FIESTAS Y VARIEDADES (PAPELERIA FIESTAS Y VARIEDADES BYM) | Zona: Chicó / Chapinero / Zona Rosa
900437490_2126526146,Jp Chenet Vino Espumoso En Lata 250ml,Jp,BYG PAPELERIA FIESTAS Y VARIEDADES,Cava,Alcohol,N/A,250 ML,31000,31000,0%,124/ml,https://www.rappi.com.co/search?query=cava,Tienda Rappi: BYG PAPELERIA FIESTAS Y VARIEDADES (PAPELERIA FIESTAS Y VARIEDADES BYM) | Zona: Chicó / Chapinero / Zona Rosa
900489869_2093395695,Gato Negro Vino Tinto Cabernet Sauvignon,Gato Negro,Turbo,Gato negro,Alcohol,N/A,750 ML,49000,49000,0%,65.34/ml,https://www.rappi.com.co/search?query=gato%20negro,Tienda Rappi: Turbo (Turbo Panini Ya) | Zona: Chicó / Chapinero / Zona Rosa
900489869_2093608363,Gato Negro Vino Tinto Merlot,Gato Negro,Turbo,Gato negro,Alcohol,N/A,750 ML,51000,51000,0%,68/ml,https://www.rappi.com.co/search?query=gato%20negro,Tienda Rappi: Turbo (Turbo Panini Ya) | Zona: Chicó / Chapinero / Zona Rosa
900489869_2125615307,Gato Negro Vino Tinto Dulce Red,Gato Negro,Turbo,Gato negro,Alcohol,N/A,750 ML,46700,46700,0%,62.27/ml,https://www.rappi.com.co/search?query=gato%20negro,Tienda Rappi: Turbo (Turbo Panini Ya) | Zona: Chicó / Chapinero / Zona Rosa
900489869_2121686475,Carmen Vino Tinto Cabernet Sauvignon Insigne,Carmen,Turbo,Gato negro,Alcohol,N/A,750 ML,43100,43100,0%,57.47/ml,https://www.rappi.com.co/search?query=gato%20negro,Tienda Rappi: Turbo (Turbo Panini Ya) | Zona: Chicó / Chapinero / Zona Rosa
900489869_2123546645,Casillero Del Diablo Vino Tinto Devils Carnaval Fab Red,Casillero del Diablo,Turbo,Gato negro,Alcohol,N/A,750 ML,71200,71200,0%,94.94/ml,https://www.rappi.com.co/search?query=gato%20negro,Tienda Rappi: Turbo (Turbo Panini Ya) | Zona: Chicó / Chapinero / Zona Rosa
900489869_2093395724,Frontera Vino Tinto Cabernet Sauvignon,Frontera,Turbo,Gato negro,Alcohol,N/A,750 ML,48700,48700,0%,64.94/ml,https://www.rappi.com.co/search?query=gato%20negro,Tienda Rappi: Turbo (Turbo Panini Ya) | Zona: Chicó / Chapinero / Zona Rosa
900489869_2123704241,Cata Tinto Vino Tinto Chileno,Cata,Turbo,Gato negro,Alcohol,N/A,1000 ML,29900,29900,0%,29.90/ml,https://www.rappi.com.co/search?query=gato%20negro,Tienda Rappi: Turbo (Turbo Panini Ya) | Zona: Chicó / Chapinero / Zona Rosa
900489869_2121686541,Carmen Vino Tinto Carmenere,Carmen,Turbo,Gato negro,Alcohol,N/A,750 ML,42300,42300,0%,56.40/ml,https://www.rappi.com.co/search?query=gato%20negro,Tienda Rappi: Turbo (Turbo Panini Ya) | Zona: Chicó / Chapinero / Zona Rosa
900489869_2123850167,Embajador Vino Tinto Cabernet Sauvignon,Embajador,Turbo,Gato negro,Alcohol,N/A,750 ML,28500,28500,0%,38/ml,https://www.rappi.com.co/search?query=gato%20negro,Tienda Rappi: Turbo (Turbo Panini Ya) | Zona: Chicó / Chapinero / Zona Rosa
900489869_2121344228,Casillero Del Diablo Vino Tinto Red Blend,Casillero del Diablo,Turbo,Gato negro,Alcohol,N/A,750 ML,71200,71200,0%,94.94/ml,https://www.rappi.com.co/search?query=gato%20negro,Tienda Rappi: Turbo (Turbo Panini Ya) | Zona: Chicó / Chapinero / Zona Rosa
900489869_2121071655,Frontera Vino Tinto Carmenere,Frontera,Turbo,Gato negro,Alcohol,N/A,750 ML,53200,53200,0%,70.94/ml,https://www.rappi.com.co/search?query=gato%20negro,Tienda Rappi: Turbo (Turbo Panini Ya) | Zona: Chicó / Chapinero / Zona Rosa
900489869_2123335680,Carmen Vino Tinto Premier Merlot Reserva,Carmen,Turbo,Gato negro,Alcohol,N/A,750 ML,85700,85700,0%,114.27/ml,https://www.rappi.com.co/search?query=gato%20negro,Tienda Rappi: Turbo (Turbo Panini Ya) | Zona: Chicó / Chapinero / Zona Rosa
900489869_2093753351,Lazo Vino Tinto Cabernet Sauvignon Chile,Lazo,Turbo,Gato negro,Alcohol,N/A,750 ML,45300,45300,0%,60.40/ml,https://www.rappi.com.co/search?query=gato%20negro,Tienda Rappi: Turbo (Turbo Panini Ya) | Zona: Chicó / Chapinero / Zona Rosa
900489869_2124286915,Vino Glorioso,Vino,Turbo,Gato negro,Alcohol,N/A,750 ML,90200,90200,0%,120.27/ml,https://www.rappi.com.co/search?query=gato%20negro,Tienda Rappi: Turbo (Turbo Panini Ya) | Zona: Chicó / Chapinero / Zona Rosa
900023671_2126151878,Vino Tinto Gato Negro Cabernet Sauvignon 750 Ml,Gato Negro,Home Sentry,Gato negro,Alcohol,N/A,750 ML,61450,53950,12%,71.94/ml,https://www.rappi.com.co/search?query=gato%20negro,Tienda Rappi: Home Sentry | Zona: Chicó / Chapinero / Zona Rosa
900023671_2126151909,Vino Tinto Gato Negro Merlot 750 Ml,Gato Negro,Home Sentry,Gato negro,Alcohol,N/A,750 ML,61450,53950,12%,71.94/ml,https://www.rappi.com.co/search?query=gato%20negro,Tienda Rappi: Home Sentry | Zona: Chicó / Chapinero / Zona Rosa
900023671_2123699560,Morande Vino Tinto Clásico Cabernet Sauvignon,Morande,Home Sentry,Gato negro,Alcohol,N/A,750 ML,56950,49950,12%,66.60/ml,https://www.rappi.com.co/search?query=gato%20negro,Tienda Rappi: Home Sentry | Zona: Chicó / Chapinero / Zona Rosa
900023671_2123699662,Norton Vino Tinto Colección Malbec,Norton,Home Sentry,Gato negro,Alcohol,N/A,750 ML,70450,61950,12%,82.60/ml,https://www.rappi.com.co/search?query=gato%20negro,Tienda Rappi: Home Sentry | Zona: Chicó / Chapinero / Zona Rosa
900023671_2126151843,Vino Tinto Concha Y Toro Cabernet Reservado 750 Ml,Concha y Toro,Home Sentry,Gato negro,Alcohol,N/A,750 ML,37450,32950,12%,43.94/ml,https://www.rappi.com.co/search?query=gato%20negro,Tienda Rappi: Home Sentry | Zona: Chicó / Chapinero / Zona Rosa
900023671_2126152015,Vino Tinto Rosaleda Merlot 750 Ml,Vino,Home Sentry,Gato negro,Alcohol,N/A,750 ML,25950,25950,0%,34.60/ml,https://www.rappi.com.co/search?query=gato%20negro,Tienda Rappi: Home Sentry | Zona: Chicó / Chapinero / Zona Rosa
900457753_2091667700,Gato Negro Vino Tinto Merlot,Gato Negro,La Rebaja,Gato negro,Alcohol,N/A,750 ML,51900,51900,0%,69.20/ml,https://www.rappi.com.co/search?query=gato%20negro,Tienda Rappi: La Rebaja (La Rebaja Licores) | Zona: Chicó / Chapinero / Zona Rosa
900457753_2120621151,Gato Negro Vino Tinto Cabernet Sauvignon,Gato Negro,La Rebaja,Gato negro,Alcohol,N/A,750 ML,48300,48300,0%,64.40/ml,https://www.rappi.com.co/search?query=gato%20negro,Tienda Rappi: La Rebaja (La Rebaja Licores) | Zona: Chicó / Chapinero / Zona Rosa
900457753_2091667701,San Pedro Gato Negro Vino Tinto Carmenère,Gato Negro,La Rebaja,Gato negro,Alcohol,N/A,750 ML,48300,48300,0%,64.40/ml,https://www.rappi.com.co/search?query=gato%20negro,Tienda Rappi: La Rebaja (La Rebaja Licores) | Zona: Chicó / Chapinero / Zona Rosa
900478140_2125442287,Vino Gato Negro Cabernet Suavignon X 750ml,Gato Negro,D’ORÉE FLORISTERÍA I,Gato negro,Alcohol,N/A,750 ML,85000,85000,0%,113.34/ml,https://www.rappi.com.co/search?query=gato%20negro,Tienda Rappi: D’ORÉE FLORISTERÍA I (SINVAL SAS) | Zona: Chicó / Chapinero / Zona Rosa
900478140_2125308179,Vino Casillero Diablo Dark 750ml,Vino,D’ORÉE FLORISTERÍA I,Gato negro,Alcohol,N/A,750 ML,140000,140000,0%,186.67/ml,https://www.rappi.com.co/search?query=gato%20negro,Tienda Rappi: D’ORÉE FLORISTERÍA I (SINVAL SAS) | Zona: Chicó / Chapinero / Zona Rosa
900423958_2120323031,Gato Negro Vino Tinto Cabernet Sauvignon,Gato Negro,Jumbo,Gato negro,Alcohol,N/A,750 ML,56200,56200,0%,74.94/ml,https://www.rappi.com.co/search?query=gato%20negro,Tienda Rappi: Jumbo (Jumbo Mt Mascotas) | Zona: Chicó / Chapinero / Zona Rosa
900423958_2122254302,Gato Negro Vino Tinto Merlot,Gato Negro,Jumbo,Gato negro,Alcohol,N/A,750 ML,56200,56200,0%,74.94/ml,https://www.rappi.com.co/search?query=gato%20negro,Tienda Rappi: Jumbo (Jumbo Mt Mascotas) | Zona: Chicó / Chapinero / Zona Rosa
900423958_2124853334,Gato Negro Vino Tinto Dulce Red,Gato Negro,Jumbo,Gato negro,Alcohol,N/A,750 ML,43990,43990,0%,58.66/ml,https://www.rappi.com.co/search?query=gato%20negro,Tienda Rappi: Jumbo (Jumbo Mt Mascotas) | Zona: Chicó / Chapinero / Zona Rosa
900423958_2120150335,Gato Negro Vino Tinto Malbec Botella 750 ml,Gato Negro,Jumbo,Gato negro,Alcohol,N/A,750 ML,58990,58990,0%,78.66/ml,https://www.rappi.com.co/search?query=gato%20negro,Tienda Rappi: Jumbo (Jumbo Mt Mascotas) | Zona: Chicó / Chapinero / Zona Rosa
900423958_2119949880,Gato Negro Vino Tinto Cabernet Sauvignon Merlot Botella 750 ml,Gato Negro,Jumbo,Gato negro,Alcohol,N/A,750 ML,55100,55100,0%,73.47/ml,https://www.rappi.com.co/search?query=gato%20negro,Tienda Rappi: Jumbo (Jumbo Mt Mascotas) | Zona: Chicó / Chapinero / Zona Rosa
900423958_2120083991,San Pedro Gato Negro Vino Tinto Carmenère,Gato Negro,Jumbo,Gato negro,Alcohol,N/A,750 ML,55100,55100,0%,73.47/ml,https://www.rappi.com.co/search?query=gato%20negro,Tienda Rappi: Jumbo (Jumbo Mt Mascotas) | Zona: Chicó / Chapinero / Zona Rosa
900423958_2120183255,Gato Negro Vino Blanco Saugvinon Blanc 750 ml,Gato Negro,Jumbo,Gato negro,Alcohol,N/A,750 ML,59990,59990,0%,79.99/ml,https://www.rappi.com.co/search?query=gato%20negro,Tienda Rappi: Jumbo (Jumbo Mt Mascotas) | Zona: Chicó / Chapinero / Zona Rosa
900423958_2119948453,Gato Negro Vino Blanco Sauvignon Blanc,Gato Negro,Jumbo,Gato negro,Alcohol,N/A,750 ML,55100,55100,0%,73.47/ml,https://www.rappi.com.co/search?query=gato%20negro,Tienda Rappi: Jumbo (Jumbo Mt Mascotas) | Zona: Chicó / Chapinero / Zona Rosa
900489869_2121145351,Siete Soles Vino Tinto Cabernet Sauvignon Reserva,Siete,Turbo,Casillero del diablo,Alcohol,N/A,750 ML,29300,29300,0%,39.07/ml,https://www.rappi.com.co/search?query=casillero%20del%20diablo,Tienda Rappi: Turbo (Turbo Panini Ya) | Zona: Chicó / Chapinero / Zona Rosa
900489869_2125615308,Reservado Concha Y Toro Vino Tinto Cabernet Sauvignon,Concha y Toro,Turbo,Casillero del diablo,Alcohol,N/A,750 ML,43900,43900,0%,58.54/ml,https://www.rappi.com.co/search?query=casillero%20del%20diablo,Tienda Rappi: Turbo (Turbo Panini Ya) | Zona: Chicó / Chapinero / Zona Rosa
900489869_2121771060,Siete Soles Vino Tinto Reserva Merlot,Siete,Turbo,Casillero del diablo,Alcohol,N/A,750 ML,29300,29300,0%,39.07/ml,https://www.rappi.com.co/search?query=casillero%20del%20diablo,Tienda Rappi: Turbo (Turbo Panini Ya) | Zona: Chicó / Chapinero / Zona Rosa
900489869_2121144185,Santa Carolina Vino Tinto Carmenere Reservado,Santa,Turbo,Casillero del diablo,Alcohol,N/A,750 ML,46200,46200,0%,61.60/ml,https://www.rappi.com.co/search?query=casillero%20del%20diablo,Tienda Rappi: Turbo (Turbo Panini Ya) | Zona: Chicó / Chapinero / Zona Rosa
900489869_2121688628,Vino Tinto Santa Carolina Merlot Reservado 750 Ml,Vino,Turbo,Casillero del diablo,Alcohol,N/A,750 ML,59000,59000,0%,78.67/ml,https://www.rappi.com.co/search?query=casillero%20del%20diablo,Tienda Rappi: Turbo (Turbo Panini Ya) | Zona: Chicó / Chapinero / Zona Rosa
900489869_2093569043,Undurraga Vino Tinto Merlot,Undurraga,Turbo,Casillero del diablo,Alcohol,N/A,750 ML,89300,89300,0%,119.07/ml,https://www.rappi.com.co/search?query=casillero%20del%20diablo,Tienda Rappi: Turbo (Turbo Panini Ya) | Zona: Chicó / Chapinero / Zona Rosa
900489869_2123546646,Vino en Devil's Carnival Fantasy Sweet,Vino,Turbo,Casillero del diablo,Alcohol,N/A,750 ML,89000,89000,0%,118.67/ml,https://www.rappi.com.co/search?query=casillero%20del%20diablo,Tienda Rappi: Turbo (Turbo Panini Ya) | Zona: Chicó / Chapinero / Zona Rosa
900489869_2121771058,Siete Soles Vino Tinto Reserva Carmenere,Siete,Turbo,Casillero del diablo,Alcohol,N/A,750 ML,29300,29300,0%,39.07/ml,https://www.rappi.com.co/search?query=casillero%20del%20diablo,Tienda Rappi: Turbo (Turbo Panini Ya) | Zona: Chicó / Chapinero / Zona Rosa
900489869_2121144158,Reservado Vino Tinto Cabernet Sauvignon Santa Carolina 750 ml,Reservado,Turbo,Casillero del diablo,Alcohol,N/A,750 ML,46200,46200,0%,61.60/ml,https://www.rappi.com.co/search?query=casillero%20del%20diablo,Tienda Rappi: Turbo (Turbo Panini Ya) | Zona: Chicó / Chapinero / Zona Rosa
900489869_2123818483,Vino Tinto Santa Carolina Cabernet Sauvignon Reserva 750 Ml,Vino,Turbo,Casillero del diablo,Alcohol,N/A,750 ML,88900,88900,0%,118.54/ml,https://www.rappi.com.co/search?query=casillero%20del%20diablo,Tienda Rappi: Turbo (Turbo Panini Ya) | Zona: Chicó / Chapinero / Zona Rosa
900423958_2119672737,Casillero Del Diablo Reserva Vino Tinto Cabernet Sauvignon,Casillero del Diablo,Jumbo,Casillero del diablo,Alcohol,N/A,750 ML,79300,79300,0%,105.74/ml,https://www.rappi.com.co/search?query=casillero%20del%20diablo,Tienda Rappi: Jumbo (Jumbo Mt Mascotas) | Zona: Chicó / Chapinero / Zona Rosa
900423958_2121107345,Casillero Del Diablo Vino Tinto Malbec,Casillero del Diablo,Jumbo,Casillero del diablo,Alcohol,N/A,750 ML,79600,79600,0%,106.14/ml,https://www.rappi.com.co/search?query=casillero%20del%20diablo,Tienda Rappi: Jumbo (Jumbo Mt Mascotas) | Zona: Chicó / Chapinero / Zona Rosa
900423958_2120371514,Casillero Del Diablo Vino Tinto Devils,Casillero del Diablo,Jumbo,Casillero del diablo,Alcohol,N/A,750 ML,101990,101990,0%,135.99/ml,https://www.rappi.com.co/search?query=casillero%20del%20diablo,Tienda Rappi: Jumbo (Jumbo Mt Mascotas) | Zona: Chicó / Chapinero / Zona Rosa
900101308_2119946554,Casillero Del Diablo Vino Tinto Malbec,Casillero del Diablo,Licores JR,Casillero del diablo,Alcohol,N/A,750 ML,65400,65400,0%,87.20/ml,https://www.rappi.com.co/search?query=casillero%20del%20diablo,Tienda Rappi: Licores JR (Grupo Giraldo Home) | Zona: Chicó / Chapinero / Zona Rosa
900101308_2122241069,Casillero Del Diablo Vino Tinto Merlot,Casillero del Diablo,Licores JR,Casillero del diablo,Alcohol,N/A,750 ML,65400,65400,0%,87.20/ml,https://www.rappi.com.co/search?query=casillero%20del%20diablo,Tienda Rappi: Licores JR (Grupo Giraldo Home) | Zona: Chicó / Chapinero / Zona Rosa
900101308_2120006577,Casillero Del Diablo Vino Tinto Cabernet Sauvignon,Casillero del Diablo,Licores JR,Casillero del diablo,Alcohol,N/A,750 ML,65400,65400,0%,87.20/ml,https://www.rappi.com.co/search?query=casillero%20del%20diablo,Tienda Rappi: Licores JR (Grupo Giraldo Home) | Zona: Chicó / Chapinero / Zona Rosa
900025900_3326799,Corona 330 ml,Corona,Tom Glen Parque del Perro,Santa rita,Alcohol,N/A,1 UND,12900,12900,0%,12900.0,https://www.rappi.com.co/search?query=santa%20rita,Tienda Rappi: Tom Glen Parque del Perro (Tom Glen) | Zona: Chicó / Chapinero / Zona Rosa
900428478_3344968,Cerveza Stella Artois Bot. 330ml,Stella Artois,Uki Granada - Turbo,Santa rita,Alcohol,N/A,1 UND,14000,14000,0%,14000.0,https://www.rappi.com.co/search?query=santa%20rita,Tienda Rappi: Uki Granada - Turbo (Uki Fresh Food - Turbo) | Zona: Chicó / Chapinero / Zona Rosa
900428478_3344958,Corona 350 ml,Corona,Uki Granada - Turbo,Santa rita,Alcohol,N/A,1 UND,14000,14000,0%,14000.0,https://www.rappi.com.co/search?query=santa%20rita,Tienda Rappi: Uki Granada - Turbo (Uki Fresh Food - Turbo) | Zona: Chicó / Chapinero / Zona Rosa
900489869_2121144187,Santa Rita 120 Vino Tinto Merlot,Santa Rita,Turbo,Santa rita,Alcohol,N/A,750 ML,72000,50400,30%,67.20/ml,https://www.rappi.com.co/search?query=santa%20rita,Tienda Rappi: Turbo (Turbo Panini Ya) | Zona: Chicó / Chapinero / Zona Rosa
900489869_2121144268,Santa Rita 120 Vino Tinto Carmenere,Santa Rita,Turbo,Santa rita,Alcohol,N/A,750 ML,72000,50400,30%,67.20/ml,https://www.rappi.com.co/search?query=santa%20rita,Tienda Rappi: Turbo (Turbo Panini Ya) | Zona: Chicó / Chapinero / Zona Rosa
900489869_2121144240,Santa Rita Vino Tinto 120 Cabernet Sauvignon,Santa Rita,Turbo,Santa rita,Alcohol,N/A,750 ML,72200,50540,30%,67.39/ml,https://www.rappi.com.co/search?query=santa%20rita,Tienda Rappi: Turbo (Turbo Panini Ya) | Zona: Chicó / Chapinero / Zona Rosa
900489869_2121686525,Santa Rita Vino Tinto 120 Cabernet Sauvignon,Santa Rita,Turbo,Santa rita,Alcohol,N/A,187 ML,78000,54600,30%,291.98/ml,https://www.rappi.com.co/search?query=santa%20rita,Tienda Rappi: Turbo (Turbo Panini Ya) | Zona: Chicó / Chapinero / Zona Rosa
900489869_2121686120,Santa Carolina Vino Tinto Cabernet Sauvignon / Merlot 750 Ml,Santa,Turbo,Santa rita,Alcohol,N/A,750 ML,56200,56200,0%,74.94/ml,https://www.rappi.com.co/search?query=santa%20rita,Tienda Rappi: Turbo (Turbo Panini Ya) | Zona: Chicó / Chapinero / Zona Rosa
900105204_2124688161,Sorrento (ancheta - Regalo - Vino),Sorrento,Regalos Gourmet Family Cali (Anchetas),Navarro correas,Alcohol,N/A,1 UND,217500,163125,25%,163125/und,https://www.rappi.com.co/search?query=navarro%20correas,Tienda Rappi: Regalos Gourmet Family Cali (Anchetas) (GoutmetFamily) | Zona: Chicó / Chapinero / Zona Rosa
900105204_2125379064,Villalba ( Ancheta - Regalo - Vino ),Villalba,Regalos Gourmet Family Cali (Anchetas),Navarro correas,Alcohol,N/A,1 UND,255500,217175,15%,217175/und,https://www.rappi.com.co/search?query=navarro%20correas,Tienda Rappi: Regalos Gourmet Family Cali (Anchetas) (GoutmetFamily) | Zona: Chicó / Chapinero / Zona Rosa
900105204_2125074192,Idilio (ancheta - Regalo - Vino),Idilio,Regalos Gourmet Family Cali (Anchetas),Navarro correas,Alcohol,N/A,1 UND,199500,169575,15%,169575/und,https://www.rappi.com.co/search?query=navarro%20correas,Tienda Rappi: Regalos Gourmet Family Cali (Anchetas) (GoutmetFamily) | Zona: Chicó / Chapinero / Zona Rosa
900105204_2125377520,Medina ( Ancheta - Regalo - Vino ),Medina,Regalos Gourmet Family Cali (Anchetas),Navarro correas,Alcohol,N/A,1 UND,163500,138975,15%,138975/und,https://www.rappi.com.co/search?query=navarro%20correas,Tienda Rappi: Regalos Gourmet Family Cali (Anchetas) (GoutmetFamily) | Zona: Chicó / Chapinero / Zona Rosa
900437490_2126523157,Vino Maria Eloisa 210ml,Vino,BYG PAPELERIA FIESTAS Y VARIEDADES,Navarro correas,Alcohol,N/A,210 ML,44500,44500,0%,211.91/ml,https://www.rappi.com.co/search?query=navarro%20correas,Tienda Rappi: BYG PAPELERIA FIESTAS Y VARIEDADES (PAPELERIA FIESTAS Y VARIEDADES BYM) | Zona: Chicó / Chapinero / Zona Rosa
900165860_2121144230,Trapiche Vino Tinto Merlot Botella 750 ml,Trapiche,Turbo,Trapiche,Alcohol,N/A,750 ML,58400,58400,0%,77.87/ml,https://www.rappi.com.co/search?query=trapiche,Tienda Rappi: Turbo (Turbo Fresh) | Zona: Chicó / Chapinero / Zona Rosa
900165860_2121782658,Trapiche Vino Tinto Malbec,Trapiche,Turbo,Trapiche,Alcohol,N/A,750 ML,58400,58400,0%,77.87/ml,https://www.rappi.com.co/search?query=trapiche,Tienda Rappi: Turbo (Turbo Fresh) | Zona: Chicó / Chapinero / Zona Rosa
900165860_2123565928,Trivento Vino Tinto Malbec,Trivento,Turbo,Trapiche,Alcohol,N/A,750 ML,93000,93000,0%,124/ml,https://www.rappi.com.co/search?query=trapiche,Tienda Rappi: Turbo (Turbo Fresh) | Zona: Chicó / Chapinero / Zona Rosa
900165860_2093608365,Norton Vino Tinto D.O.C. Malbec,Norton,Turbo,Trapiche,Alcohol,N/A,750 ML,95300,71475,25%,95.30/ml,https://www.rappi.com.co/search?query=trapiche,Tienda Rappi: Turbo (Turbo Fresh) | Zona: Chicó / Chapinero / Zona Rosa
900165860_2122222110,Portillo Vino Tinto Malbec,Portillo,Turbo,Trapiche,Alcohol,N/A,750 ML,96400,96400,0%,128.54/ml,https://www.rappi.com.co/search?query=trapiche,Tienda Rappi: Turbo (Turbo Fresh) | Zona: Chicó / Chapinero / Zona Rosa
900165860_2093569178,Norton Vino Tinto Colección Malbec,Norton,Turbo,Trapiche,Alcohol,N/A,750 ML,67400,50550,25%,67.40/ml,https://www.rappi.com.co/search?query=trapiche,Tienda Rappi: Turbo (Turbo Fresh) | Zona: Chicó / Chapinero / Zona Rosa
900165860_2093395496,Finca las Moras Vino Tinto Malbec,Las Moras,Turbo,Trapiche,Alcohol,N/A,750 ML,64800,64800,0%,86.40/ml,https://www.rappi.com.co/search?query=trapiche,Tienda Rappi: Turbo (Turbo Fresh) | Zona: Chicó / Chapinero / Zona Rosa
900165860_2121361611,Finca Las Moras Vino Tinto Malbec Barrel Select Botella 750 ml,Las Moras,Turbo,Trapiche,Alcohol,N/A,750 ML,92800,92800,0%,123.74/ml,https://www.rappi.com.co/search?query=trapiche,Tienda Rappi: Turbo (Turbo Fresh) | Zona: Chicó / Chapinero / Zona Rosa
900165860_2122592470,Vino Tinto Red Blend 9live 750 ml,Vino,Turbo,Trapiche,Alcohol,N/A,750 ML,87300,87300,0%,116.40/ml,https://www.rappi.com.co/search?query=trapiche,Tienda Rappi: Turbo (Turbo Fresh) | Zona: Chicó / Chapinero / Zona Rosa
900165860_2121155062,Fincas Las Moras Vino Tinto Bonarda Botella de 750 ml,Las Moras,Turbo,Trapiche,Alcohol,N/A,750 ML,69800,69800,0%,93.07/ml,https://www.rappi.com.co/search?query=trapiche,Tienda Rappi: Turbo (Turbo Fresh) | Zona: Chicó / Chapinero / Zona Rosa
900165860_2121155074,Lazo Vino Tinto Merlot,Lazo,Turbo,Trapiche,Alcohol,N/A,750 ML,45300,45300,0%,60.40/ml,https://www.rappi.com.co/search?query=trapiche,Tienda Rappi: Turbo (Turbo Fresh) | Zona: Chicó / Chapinero / Zona Rosa
900165860_2123818485,Finca Las Moras Vino Tinto Black Label Malbec Botella 750 ml,Las Moras,Turbo,Trapiche,Alcohol,N/A,750 ML,138500,138500,0%,184.67/ml,https://www.rappi.com.co/search?query=trapiche,Tienda Rappi: Turbo (Turbo Fresh) | Zona: Chicó / Chapinero / Zona Rosa
900423958_2120133956,Trapiche Vino Tinto Malbec,Trapiche,Jumbo,Trapiche,Alcohol,N/A,750 ML,65990,65990,0%,87.99/ml,https://www.rappi.com.co/search?query=trapiche,Tienda Rappi: Jumbo (Jumbo Mt Mascotas) | Zona: Chicó / Chapinero / Zona Rosa
900423958_2119849167,Trapiche Broquel Vino Tinto Malbec Botella 750 ml,Trapiche,Jumbo,Trapiche,Alcohol,N/A,750 ML,119990,119990,0%,159.99/ml,https://www.rappi.com.co/search?query=trapiche,Tienda Rappi: Jumbo (Jumbo Mt Mascotas) | Zona: Chicó / Chapinero / Zona Rosa
900489869_2121361611,Finca Las Moras Vino Tinto Malbec Barrel Select Botella 750 ml,Las Moras,Turbo,Las moras,Alcohol,N/A,750 ML,92800,92800,0%,123.74/ml,https://www.rappi.com.co/search?query=las%20moras,Tienda Rappi: Turbo (Turbo Panini Ya) | Zona: Chicó / Chapinero / Zona Rosa
900489869_2121155062,Fincas Las Moras Vino Tinto Bonarda Botella de 750 ml,Las Moras,Turbo,Las moras,Alcohol,N/A,750 ML,69800,69800,0%,93.07/ml,https://www.rappi.com.co/search?query=las%20moras,Tienda Rappi: Turbo (Turbo Panini Ya) | Zona: Chicó / Chapinero / Zona Rosa
900489869_2121782658,Trapiche Vino Tinto Malbec,Trapiche,Turbo,Las moras,Alcohol,N/A,750 ML,58400,58400,0%,77.87/ml,https://www.rappi.com.co/search?query=las%20moras,Tienda Rappi: Turbo (Turbo Panini Ya) | Zona: Chicó / Chapinero / Zona Rosa
900101308_2123471025,Finca las Moras Vino Tinto Malbec,Las Moras,Licores JR,Las moras,Alcohol,N/A,750 ML,52100,52100,0%,69.47/ml,https://www.rappi.com.co/search?query=las%20moras,Tienda Rappi: Licores JR (Grupo Giraldo Home) | Zona: Chicó / Chapinero / Zona Rosa
900165860_2093569043,Undurraga Vino Tinto Merlot,Undurraga,Turbo,Undurraga,Alcohol,N/A,750 ML,89300,89300,0%,119.07/ml,https://www.rappi.com.co/search?query=undurraga,Tienda Rappi: Turbo (Turbo Fresh) | Zona: Chicó / Chapinero / Zona Rosa
900165860_2121155234,Undurraga Vino Tinto Cabernet Sauvignon,Undurraga,Turbo,Undurraga,Alcohol,N/A,750 ML,112900,112900,0%,150.54/ml,https://www.rappi.com.co/search?query=undurraga,Tienda Rappi: Turbo (Turbo Fresh) | Zona: Chicó / Chapinero / Zona Rosa
900165860_2093569036,Aperol Aperitivo Bebida Alcohólica,Aperol,Turbo,Aperol,Alcohol,N/A,750 ML,109400,87520,20%,116.70/ml,https://www.rappi.com.co/search?query=aperol,Tienda Rappi: Turbo (Turbo Fresh) | Zona: Chicó / Chapinero / Zona Rosa
900101308_2121473105,Aperol Aperitivo Bebida Alcohólica,Aperol,Licores JR,Aperol,Alcohol,N/A,750 ML,91300,91300,0%,121.74/ml,https://www.rappi.com.co/search?query=aperol,Tienda Rappi: Licores JR (Grupo Giraldo Home) | Zona: Chicó / Chapinero / Zona Rosa
900101308_2120644953,Campari Aperitivo Bitter Milano,Campari,Licores JR,Aperol,Alcohol,N/A,750 ML,112600,112600,0%,150.14/ml,https://www.rappi.com.co/search?query=aperol,Tienda Rappi: Licores JR (Grupo Giraldo Home) | Zona: Chicó / Chapinero / Zona Rosa
900434592_2123813752,Rivelino Vino Espumoso Rosado,Rivelino,Oxxo,Aperol,Alcohol,N/A,750 ML,25000,25000,0%,33.34/ml,https://www.rappi.com.co/search?query=aperol,Tienda Rappi: Oxxo (Oxxo Super) | Zona: Chicó / Chapinero / Zona Rosa
900423958_2124696199,Campari Licor Aperitivo,Campari,Jumbo,Aperol,Alcohol,N/A,750 ML,132990,132990,0%,177.32/ml,https://www.rappi.com.co/search?query=aperol,Tienda Rappi: Jumbo (Jumbo Mt Mascotas) | Zona: Chicó / Chapinero / Zona Rosa
900423958_2126145457,J.P Chenet Vino Spritz,J.P,Jumbo,Aperol,Alcohol,N/A,750 ML,79990,79990,0%,106.66/ml,https://www.rappi.com.co/search?query=aperol,Tienda Rappi: Jumbo (Jumbo Mt Mascotas) | Zona: Chicó / Chapinero / Zona Rosa
900489869_2093395362,Jägermeister Licor de Hierbas,Jägermeister,Turbo,Jagermeister,Alcohol,N/A,700 ML,125500,125500,0%,179.29/ml,https://www.rappi.com.co/search?query=jagermeister,Tienda Rappi: Turbo (Turbo Panini Ya) | Zona: Chicó / Chapinero / Zona Rosa
900489869_2124973789,Combo Jagger + Bbc Cerveza Rubia Cajicá Miel de Abejas en Lata,BBC,Turbo,Jagermeister,Alcohol,N/A,1 COMBO,138600,138600,0%,138600/combo,https://www.rappi.com.co/search?query=jagermeister,Tienda Rappi: Turbo (Turbo Panini Ya) | Zona: Chicó / Chapinero / Zona Rosa
900434592_2121198725,Jägermeister Licor de Hierbas,Jägermeister,Oxxo,Jagermeister,Alcohol,N/A,700 ML,129900,129900,0%,185.58/ml,https://www.rappi.com.co/search?query=jagermeister,Tienda Rappi: Oxxo (Oxxo Super) | Zona: Chicó / Chapinero / Zona Rosa
900434592_2121201074,Jägermeister Licor de Hierbas,Jägermeister,Oxxo,Jagermeister,Alcohol,N/A,350 ML,92900,92900,0%,265.43/ml,https://www.rappi.com.co/search?query=jagermeister,Tienda Rappi: Oxxo (Oxxo Super) | Zona: Chicó / Chapinero / Zona Rosa
900434592_2123075173,Heretic Licor de Hierbas,Heretic,Oxxo,Jagermeister,Alcohol,N/A,700 ML,84900,84900,0%,121.29/ml,https://www.rappi.com.co/search?query=jagermeister,Tienda Rappi: Oxxo (Oxxo Super) | Zona: Chicó / Chapinero / Zona Rosa
900101308_2121293971,Jägermeister Licor de Hierbas Selected,Jägermeister,Licores JR,Jagermeister,Alcohol,N/A,700 ML,110600,110600,0%,158/ml,https://www.rappi.com.co/search?query=jagermeister,Tienda Rappi: Licores JR (Grupo Giraldo Home) | Zona: Chicó / Chapinero / Zona Rosa
900101308_2120796790,Jägermeister Licor de Hierbas,Jägermeister,Licores JR,Jagermeister,Alcohol,N/A,350 ML,68900,68900,0%,196.86/ml,https://www.rappi.com.co/search?query=jagermeister,Tienda Rappi: Licores JR (Grupo Giraldo Home) | Zona: Chicó / Chapinero / Zona Rosa
900423958_2120013684,Jägermeister Licor de Hierbas,Jägermeister,Jumbo,Jagermeister,Alcohol,N/A,700 ML,123990,123990,0%,177.13/ml,https://www.rappi.com.co/search?query=jagermeister,Tienda Rappi: Jumbo (Jumbo Mt Mascotas) | Zona: Chicó / Chapinero / Zona Rosa
900479515_2126164076,Jägermeister Licor de Hierbas,Jägermeister,LICORES EL BORRACHITO,Jagermeister,Alcohol,N/A,700 ML,160000,160000,0%,228.58/ml,https://www.rappi.com.co/search?query=jagermeister,Tienda Rappi: LICORES EL BORRACHITO | Zona: Chicó / Chapinero / Zona Rosa
900431625_2124623967,Smirnoff Ice Bebida a Base de Vodka Sabor Original,Smirnoff,El Toro Tienda De Reposteria Y Frutos Secos,Smirnoff ice,Alcohol,N/A,275 ML,10000,10000,0%,36.37/ml,https://www.rappi.com.co/search?query=smirnoff%20ice,Tienda Rappi: El Toro Tienda De Reposteria Y Frutos Secos | Zona: Chicó / Chapinero / Zona Rosa
900165860_2093608562,Four Loko Bebida Alcohólica Preparada Sabor Sandía,Four,Turbo,Four loko,Alcohol,N/A,473 ML,19600,15680,20%,33.15/ml,https://www.rappi.com.co/search?query=four%20loko,Tienda Rappi: Turbo (Turbo Fresh) | Zona: Chicó / Chapinero / Zona Rosa
900165860_2121689863,Four Loko Bebida Alcohólica Preparada Purple,Four,Turbo,Four loko,Alcohol,N/A,473 ML,19600,15680,20%,33.15/ml,https://www.rappi.com.co/search?query=four%20loko,Tienda Rappi: Turbo (Turbo Fresh) | Zona: Chicó / Chapinero / Zona Rosa
900165860_2122221261,Four Loko Bebida Alcohólica Preparada Azul,Four,Turbo,Four loko,Alcohol,N/A,473 ML,19600,15680,20%,33.15/ml,https://www.rappi.com.co/search?query=four%20loko,Tienda Rappi: Turbo (Turbo Fresh) | Zona: Chicó / Chapinero / Zona Rosa
900165860_2124286916,Four Loko Energizante Geen,Four,Turbo,Four loko,Alcohol,N/A,473 ML,19600,15680,20%,33.15/ml,https://www.rappi.com.co/search?query=four%20loko,Tienda Rappi: Turbo (Turbo Fresh) | Zona: Chicó / Chapinero / Zona Rosa
900165860_2093618750,Smirnoff Coctel Ice Original 4Pack,Smirnoff,Turbo,Four loko,Alcohol,N/A,250 ML,20700,20700,0%,82.80/ml,https://www.rappi.com.co/search?query=four%20loko,Tienda Rappi: Turbo (Turbo Fresh) | Zona: Chicó / Chapinero / Zona Rosa
900165860_2122553813,Like Aperitivo Ice Cooler Sabor Vodka y Manzana Verde,Like,Turbo,Four loko,Alcohol,N/A,300 ML,5200,5200,0%,17.34/ml,https://www.rappi.com.co/search?query=four%20loko,Tienda Rappi: Turbo (Turbo Fresh) | Zona: Chicó / Chapinero / Zona Rosa
900165860_2124419213,Like Aperitivo Sabor Vodka Mora Azul,Like,Turbo,Four loko,Alcohol,N/A,300 ML,5200,5200,0%,17.34/ml,https://www.rappi.com.co/search?query=four%20loko,Tienda Rappi: Turbo (Turbo Fresh) | Zona: Chicó / Chapinero / Zona Rosa
900165860_2122597896,Like Aperitivo Citrus Sabor Vodka y Limón,Like,Turbo,Four loko,Alcohol,N/A,300 ML,5400,5400,0%,18/ml,https://www.rappi.com.co/search?query=four%20loko,Tienda Rappi: Turbo (Turbo Fresh) | Zona: Chicó / Chapinero / Zona Rosa
900434592_2119743460,Four Loko Bebida Alcohólica Preparada Purple,Four,Oxxo,Four loko,Alcohol,N/A,473 ML,19900,19900,0%,42.08/ml,https://www.rappi.com.co/search?query=four%20loko,Tienda Rappi: Oxxo (Oxxo Super) | Zona: Chicó / Chapinero / Zona Rosa
900434592_2120597497,Four Loko Bebida Alcohólica Preparada Sabor Sandía,Four,Oxxo,Four loko,Alcohol,N/A,473 ML,19900,19900,0%,42.08/ml,https://www.rappi.com.co/search?query=four%20loko,Tienda Rappi: Oxxo (Oxxo Super) | Zona: Chicó / Chapinero / Zona Rosa
900434592_2120596597,Four Loko Bebida Alcohólica Preparada Azul,Four,Oxxo,Four loko,Alcohol,N/A,473 ML,19900,19900,0%,42.08/ml,https://www.rappi.com.co/search?query=four%20loko,Tienda Rappi: Oxxo (Oxxo Super) | Zona: Chicó / Chapinero / Zona Rosa
900434592_2122931395,Four Loko Energizante Geen,Four,Oxxo,Four loko,Alcohol,N/A,473 ML,19900,19900,0%,42.08/ml,https://www.rappi.com.co/search?query=four%20loko,Tienda Rappi: Oxxo (Oxxo Super) | Zona: Chicó / Chapinero / Zona Rosa
900434592_2125893612,Like Aperitivo Sabor Vodka Mora Azul,Like,Oxxo,Four loko,Alcohol,N/A,300 ML,5000,5000,0%,16.67/ml,https://www.rappi.com.co/search?query=four%20loko,Tienda Rappi: Oxxo (Oxxo Super) | Zona: Chicó / Chapinero / Zona Rosa
900434592_2122754665,Like Aperitivo Citrus Sabor Vodka y Limón,Like,Oxxo,Four loko,Alcohol,N/A,300 ML,5000,5000,0%,16.67/ml,https://www.rappi.com.co/search?query=four%20loko,Tienda Rappi: Oxxo (Oxxo Super) | Zona: Chicó / Chapinero / Zona Rosa
900434592_2121200827,Smirnoff Ice Original coctel listo para tomar lata 250 ml,Smirnoff,Oxxo,Four loko,Alcohol,N/A,250 ML,5500,5500,0%,22/ml,https://www.rappi.com.co/search?query=four%20loko,Tienda Rappi: Oxxo (Oxxo Super) | Zona: Chicó / Chapinero / Zona Rosa
900101308_2120109940,Four Loko Bebida Alcohólica Preparada Sabor Sandía,Four,Licores JR,Four loko,Alcohol,N/A,473 ML,16300,16300,0%,34.47/ml,https://www.rappi.com.co/search?query=four%20loko,Tienda Rappi: Licores JR (Grupo Giraldo Home) | Zona: Chicó / Chapinero / Zona Rosa
900101308_2122238560,Four Loko Bebida Alcohólica Preparada Purple,Four,Licores JR,Four loko,Alcohol,N/A,473 ML,16300,16300,0%,34.47/ml,https://www.rappi.com.co/search?query=four%20loko,Tienda Rappi: Licores JR (Grupo Giraldo Home) | Zona: Chicó / Chapinero / Zona Rosa
900101308_2120183931,Four Loko Bebida Alcohólica Preparada Azul,Four,Licores JR,Four loko,Alcohol,N/A,473 ML,16300,16300,0%,34.47/ml,https://www.rappi.com.co/search?query=four%20loko,Tienda Rappi: Licores JR (Grupo Giraldo Home) | Zona: Chicó / Chapinero / Zona Rosa
900379388_2122745652,Four Loko Bebida Alcohólica Preparada Purple,Four,El Deskorche,Four loko,Alcohol,N/A,473 ML,22000,22000,0%,46.52/ml,https://www.rappi.com.co/search?query=four%20loko,Tienda Rappi: El Deskorche (El Deskorche Licores) | Zona: Chicó / Chapinero / Zona Rosa
900379388_2119948674,Four Loko Bebida Alcohólica Preparada Sabor Sandía,Four,El Deskorche,Four loko,Alcohol,N/A,473 ML,22000,22000,0%,46.52/ml,https://www.rappi.com.co/search?query=four%20loko,Tienda Rappi: El Deskorche (El Deskorche Licores) | Zona: Chicó / Chapinero / Zona Rosa
900379388_2122745651,Four Loko Bebida Alcohólica Preparada Azul,Four,El Deskorche,Four loko,Alcohol,N/A,473 ML,22000,22000,0%,46.52/ml,https://www.rappi.com.co/search?query=four%20loko,Tienda Rappi: El Deskorche (El Deskorche Licores) | Zona: Chicó / Chapinero / Zona Rosa
900379388_2126186779,Coctel Four Loko Aperitivo No Vinico (355 Ml),Coctel,El Deskorche,Four loko,Alcohol,N/A,355 ML,17500,17500,0%,49.30/ml,https://www.rappi.com.co/search?query=four%20loko,Tienda Rappi: El Deskorche (El Deskorche Licores) | Zona: Chicó / Chapinero / Zona Rosa
900379388_2126186781,Coctel Four Loko Aperitivo No Vinico (355 Ml),Coctel,El Deskorche,Four loko,Alcohol,N/A,355 ML,17500,17500,0%,49.30/ml,https://www.rappi.com.co/search?query=four%20loko,Tienda Rappi: El Deskorche (El Deskorche Licores) | Zona: Chicó / Chapinero / Zona Rosa
900379388_2122745737,Like Aperitivo Ice Cooler Sabor Vodka y Manzana Verde,Like,El Deskorche,Four loko,Alcohol,N/A,300 ML,6000,6000,0%,20/ml,https://www.rappi.com.co/search?query=four%20loko,Tienda Rappi: El Deskorche (El Deskorche Licores) | Zona: Chicó / Chapinero / Zona Rosa
900379388_2124913807,Coctel Los Cuates Tequila Mexicano Y Mango (269 Ml),Coctel,El Deskorche,Four loko,Alcohol,N/A,269 ML,7000,7000,0%,26.03/ml,https://www.rappi.com.co/search?query=four%20loko,Tienda Rappi: El Deskorche (El Deskorche Licores) | Zona: Chicó / Chapinero / Zona Rosa
900479515_2126164139,Four Loko Bebida Alcohólica Preparada Purple,Four,LICORES EL BORRACHITO,Four loko,Alcohol,N/A,473 ML,21000,21000,0%,44.40/ml,https://www.rappi.com.co/search?query=four%20loko,Tienda Rappi: LICORES EL BORRACHITO | Zona: Chicó / Chapinero / Zona Rosa
900479515_2126164138,Four Loko Bebida Alcohólica Preparada Sabor Sandía,Four,LICORES EL BORRACHITO,Four loko,Alcohol,N/A,473 ML,21000,21000,0%,44.40/ml,https://www.rappi.com.co/search?query=four%20loko,Tienda Rappi: LICORES EL BORRACHITO | Zona: Chicó / Chapinero / Zona Rosa
900457753_2091667322,Marlboro Cigarrillo Gold + 18 20 Und,Marlboro,La Rebaja,Marlboro,Tabaco,N/A,20 UND,15100,15100,0%,755/und,https://www.rappi.com.co/search?query=marlboro,Tienda Rappi: La Rebaja (La Rebaja Licores) | Zona: Usaquén / Cedritos / Santa Bárbara
900457753_2091667321,Marlboro Cigarrillo Rojo + 18 20 Und,Marlboro,La Rebaja,Marlboro,Tabaco,N/A,20 UND,15100,15100,0%,755/und,https://www.rappi.com.co/search?query=marlboro,Tienda Rappi: La Rebaja (La Rebaja Licores) | Zona: Usaquén / Cedritos / Santa Bárbara
900457753_2091667380,Marlboro Cigarrillo Rojo + 18 10 Und,Marlboro,La Rebaja,Marlboro,Tabaco,N/A,10 UND,7900,7900,0%,790/und,https://www.rappi.com.co/search?query=marlboro,Tienda Rappi: La Rebaja (La Rebaja Licores) | Zona: Usaquén / Cedritos / Santa Bárbara
900457753_2091667381,Marlboro Cigarrillo Gold + 18 10 Und,Marlboro,La Rebaja,Marlboro,Tabaco,N/A,10 UND,7800,7800,0%,780/und,https://www.rappi.com.co/search?query=marlboro,Tienda Rappi: La Rebaja (La Rebaja Licores) | Zona: Usaquén / Cedritos / Santa Bárbara
900457753_2123190524,Marlboro Cigarrillo Selección Rosazul + 18 10 Und,Marlboro,La Rebaja,Marlboro,Tabaco,N/A,1 UND,6000,6000,0%,6000/und,https://www.rappi.com.co/search?query=marlboro,Tienda Rappi: La Rebaja (La Rebaja Licores) | Zona: Usaquén / Cedritos / Santa Bárbara
900457753_2122964528,L&M Cigarrillo Selección Azul + 18 10 Und,L&M,La Rebaja,L&m,Tabaco,N/A,10 UND,4500,4500,0%,450/und,https://www.rappi.com.co/search?query=l%26m,Tienda Rappi: La Rebaja (La Rebaja Licores) | Zona: Usaquén / Cedritos / Santa Bárbara
900165860_2125563083,Capsula Vape RELX Sandia 3%,Relx,Turbo,Relx,Tabaco,N/A,1 UND,19990,19990,0%,19990/und,https://www.rappi.com.co/search?query=relx,Tienda Rappi: Turbo (Turbo Fresh) | Zona: Usaquén / Cedritos / Santa Bárbara
900165860_2125563081,Capsula Vape RELX Uva 3%,Relx,Turbo,Relx,Tabaco,N/A,1 UND,19990,19990,0%,19990/und,https://www.rappi.com.co/search?query=relx,Tienda Rappi: Turbo (Turbo Fresh) | Zona: Usaquén / Cedritos / Santa Bárbara
900165860_2125563084,Capsula Vape RELX Menta 3%,Relx,Turbo,Relx,Tabaco,N/A,1 UND,19990,19990,0%,19990/und,https://www.rappi.com.co/search?query=relx,Tienda Rappi: Turbo (Turbo Fresh) | Zona: Usaquén / Cedritos / Santa Bárbara
900165860_2125563082,Capsula Vape RELX Banana 3%,Relx,Turbo,Relx,Tabaco,N/A,1 UND,19990,19990,0%,19990/und,https://www.rappi.com.co/search?query=relx,Tienda Rappi: Turbo (Turbo Fresh) | Zona: Usaquén / Cedritos / Santa Bárbara
900434592_2125849258,Vape WAKA SOLO 2 Fresa 5%,Waka,Oxxo,Relx,Tabaco,N/A,1 UND,45000,45000,0%,45000/und,https://www.rappi.com.co/search?query=relx,Tienda Rappi: Oxxo (Oxxo Super) | Zona: Usaquén / Cedritos / Santa Bárbara
900489869_2125000950,WAKA-Creator Pod-1 Pod-Fresa Sandía-5%-15K,Waka,Turbo,Waka,Tabaco,N/A,1 UND,39900,39900,0%,39900/und,https://www.rappi.com.co/search?query=waka,Tienda Rappi: Turbo (Turbo Panini Ya) | Zona: Usaquén / Cedritos / Santa Bárbara
900489869_2125000946,Bateria Vape WAKA CREATOR Negra,Waka,Turbo,Waka,Tabaco,N/A,1 UND,28900,28900,0%,28900/und,https://www.rappi.com.co/search?query=waka,Tienda Rappi: Turbo (Turbo Panini Ya) | Zona: Usaquén / Cedritos / Santa Bárbara
900489869_2125000951,WAKA-Creator Pod-1 Pod-Sandía-5%-15K,Waka,Turbo,Waka,Tabaco,N/A,1 UND,39900,39900,0%,39900/und,https://www.rappi.com.co/search?query=waka,Tienda Rappi: Turbo (Turbo Panini Ya) | Zona: Usaquén / Cedritos / Santa Bárbara
900489869_2125000949,WAKA-Creator Pod-1 Pod-Fresa-5%-15K,Waka,Turbo,Waka,Tabaco,N/A,1 UND,39900,39900,0%,39900/und,https://www.rappi.com.co/search?query=waka,Tienda Rappi: Turbo (Turbo Panini Ya) | Zona: Usaquén / Cedritos / Santa Bárbara
900489869_2126484761,Waka Vapeador Creator Pod-1 Pod-Uva-5%-15K,Waka,Turbo,Waka,Tabaco,N/A,1 UND,39900,39900,0%,39900/und,https://www.rappi.com.co/search?query=waka,Tienda Rappi: Turbo (Turbo Panini Ya) | Zona: Usaquén / Cedritos / Santa Bárbara
900489869_2125563080,Vape WAKA SOLO 2 Fresa Sandia 5%,Waka,Turbo,Waka,Tabaco,N/A,1 UND,44990,44990,0%,44990/und,https://www.rappi.com.co/search?query=waka,Tienda Rappi: Turbo (Turbo Panini Ya) | Zona: Usaquén / Cedritos / Santa Bárbara
900489869_2126326986,Waka Kit Vapeador Creator Uva 5%,Waka,Turbo,Waka,Tabaco,N/A,2 UND,59900,59900,0%,29950/und,https://www.rappi.com.co/search?query=waka,Tienda Rappi: Turbo (Turbo Panini Ya) | Zona: Usaquén / Cedritos / Santa Bárbara
900489869_2125563076,Vape WAKA SOLO 2 Fresa 5%,Waka,Turbo,Waka,Tabaco,N/A,1 UND,44990,44990,0%,44990/und,https://www.rappi.com.co/search?query=waka,Tienda Rappi: Turbo (Turbo Panini Ya) | Zona: Usaquén / Cedritos / Santa Bárbara
900489869_2125563075,Vape WAKA SOLO 2 Sandia 5%,Waka,Turbo,Waka,Tabaco,N/A,1 UND,44990,44990,0%,44990/und,https://www.rappi.com.co/search?query=waka,Tienda Rappi: Turbo (Turbo Panini Ya) | Zona: Usaquén / Cedritos / Santa Bárbara
900489869_2126484767,Waka Vapeador Smash Air-1 Dispositivo-Arándano-5%-Col,Waka,Turbo,Waka,Tabaco,N/A,1 UND,54900,54900,0%,54900/und,https://www.rappi.com.co/search?query=waka,Tienda Rappi: Turbo (Turbo Panini Ya) | Zona: Usaquén / Cedritos / Santa Bárbara
900489869_2125041939,Vape WAKA NOVA sandia 5%,Waka,Turbo,Waka,Tabaco,N/A,1 UND,74990,74990,0%,74990/und,https://www.rappi.com.co/search?query=waka,Tienda Rappi: Turbo (Turbo Panini Ya) | Zona: Usaquén / Cedritos / Santa Bárbara
900489869_2126484763,Waka Vapeador Solo2-1 Device-Piña Colada-5% - 3.5K,Waka,Turbo,Waka,Tabaco,N/A,1 UND,44990,44990,0%,44990/und,https://www.rappi.com.co/search?query=waka,Tienda Rappi: Turbo (Turbo Panini Ya) | Zona: Usaquén / Cedritos / Santa Bárbara
900489869_2126484768,Waka Vapeador Smash Air-1 Dispositivo-Sandía-5%-Col,Waka,Turbo,Waka,Tabaco,N/A,1 UND,54900,54900,0%,54900/und,https://www.rappi.com.co/search?query=waka,Tienda Rappi: Turbo (Turbo Panini Ya) | Zona: Usaquén / Cedritos / Santa Bárbara
900489869_2125962073,Vapeador Waka Solo 2 Arándano 5%,Waka,Turbo,Waka,Tabaco,N/A,1 UND,44990,44990,0%,44990/und,https://www.rappi.com.co/search?query=waka,Tienda Rappi: Turbo (Turbo Panini Ya) | Zona: Usaquén / Cedritos / Santa Bárbara
900489869_2126484764,Waka Vapeador Smash Air-1 Dispositivo-Limonada Rosa-5%-Col,Waka,Turbo,Waka,Tabaco,N/A,1 UND,54900,54900,0%,54900/und,https://www.rappi.com.co/search?query=waka,Tienda Rappi: Turbo (Turbo Panini Ya) | Zona: Usaquén / Cedritos / Santa Bárbara
900489869_2125962071,Vapeador Waka Solo 2 Cereza 5%,Waka,Turbo,Waka,Tabaco,N/A,1 UND,44990,44990,0%,44990/und,https://www.rappi.com.co/search?query=waka,Tienda Rappi: Turbo (Turbo Panini Ya) | Zona: Usaquén / Cedritos / Santa Bárbara
900489869_2126484765,Waka Vapeador Smash Air-1 Dispositivo-Lulo-5%-Col,Waka,Turbo,Waka,Tabaco,N/A,1 UND,54900,54900,0%,54900/und,https://www.rappi.com.co/search?query=waka,Tienda Rappi: Turbo (Turbo Panini Ya) | Zona: Usaquén / Cedritos / Santa Bárbara
900489869_2125563077,Vape WAKA SOLO 2 Kiwi Maracuya Guava 5%,Waka,Turbo,Waka,Tabaco,N/A,1 UND,44990,44990,0%,44990/und,https://www.rappi.com.co/search?query=waka,Tienda Rappi: Turbo (Turbo Panini Ya) | Zona: Usaquén / Cedritos / Santa Bárbara
900434592_2125849256,WAKA-Creator Pod-1 Pod-Sandía-5%-15K,Waka,Oxxo,Waka,Tabaco,N/A,1 UND,43000,43000,0%,43000/und,https://www.rappi.com.co/search?query=waka,Tienda Rappi: Oxxo (Oxxo Super) | Zona: Usaquén / Cedritos / Santa Bárbara
900246292_2126666244,Glucloud Bateria Box Pod Negra O Blanca,Glucloud,BLONSH PARQUE DEL PERRO,Waka,Tabaco,N/A,1 UND,50000,50000,0%,50000/und,https://www.rappi.com.co/search?query=waka,Tienda Rappi: BLONSH PARQUE DEL PERRO (Blonsh) | Zona: Usaquén / Cedritos / Santa Bárbara
900246292_2120919321,Nord Pod,Nord,BLONSH PARQUE DEL PERRO,Waka,Tabaco,N/A,1 UND,70000,70000,0%,70000/und,https://www.rappi.com.co/search?query=waka,Tienda Rappi: BLONSH PARQUE DEL PERRO (Blonsh) | Zona: Usaquén / Cedritos / Santa Bárbara
900246292_2126655149,Pyne Pod Vapes 8500 Puffs Varios Sabores,Pyne,BLONSH PARQUE DEL PERRO,Waka,Tabaco,N/A,1 UND,48000,48000,0%,48000/und,https://www.rappi.com.co/search?query=waka,Tienda Rappi: BLONSH PARQUE DEL PERRO (Blonsh) | Zona: Usaquén / Cedritos / Santa Bárbara
900246292_2124461127,X Vape Avant,X,BLONSH PARQUE DEL PERRO,Waka,Tabaco,N/A,1 UND,430000,430000,0%,430000/und,https://www.rappi.com.co/search?query=waka,Tienda Rappi: BLONSH PARQUE DEL PERRO (Blonsh) | Zona: Usaquén / Cedritos / Santa Bárbara
900246292_2125575342,Arkx Serie S + Charger Dock // Vape Herbal Premium + Cargador,Arkx,BLONSH PARQUE DEL PERRO,Waka,Tabaco,N/A,1 UND,430000,430000,0%,430000/und,https://www.rappi.com.co/search?query=waka,Tienda Rappi: BLONSH PARQUE DEL PERRO (Blonsh) | Zona: Usaquén / Cedritos / Santa Bárbara
900246292_2126666183,Glucloud Box Pod Sabores Surtidos,Glucloud,BLONSH PARQUE DEL PERRO,Waka,Tabaco,N/A,1 UND,60000,60000,0%,60000/und,https://www.rappi.com.co/search?query=waka,Tienda Rappi: BLONSH PARQUE DEL PERRO (Blonsh) | Zona: Usaquén / Cedritos / Santa Bárbara
900165860_2124656384,Vapeador Glucloud Banana Large,Vapeador,Turbo,Geek bar,Tabaco,N/A,1 UND,33000,33000,0%,33000/und,https://www.rappi.com.co/search?query=geek%20bar,Tienda Rappi: Turbo (Turbo Fresh) | Zona: Usaquén / Cedritos / Santa Bárbara
900165860_2124656387,Glucloud Vapeador Limonada Cerezada Large,Glucloud,Turbo,Geek bar,Tabaco,N/A,1 UND,33000,33000,0%,33000/und,https://www.rappi.com.co/search?query=geek%20bar,Tienda Rappi: Turbo (Turbo Fresh) | Zona: Usaquén / Cedritos / Santa Bárbara
900489869_2121145048,Copas Blancas Desechables (Especial Aguardiente) Todos Los Dias,Copas,Turbo,Disposable,Alcohol,N/A,50 UND,4500,4500,0%,90/und,https://www.rappi.com.co/search?query=disposable,Tienda Rappi: Turbo (Turbo Panini Ya) | Zona: Usaquén / Cedritos / Santa Bárbara
900423958_2120094337,Rumba Vaso para Whisky Transparente,Rumba,Jumbo,Disposable,Alcohol,N/A,12 UND,18000,18000,0%,1500/und,https://www.rappi.com.co/search?query=disposable,Tienda Rappi: Jumbo (Jumbo Mt Mascotas) | Zona: Usaquén / Cedritos / Santa Bárbara
900165860_2121489051,Starlite Cigarrillo Azul 20 Und,Starlite,Turbo,Blunt,Tabaco,N/A,20 UND,9100,9100,0%,455/und,https://www.rappi.com.co/search?query=blunt,Tienda Rappi: Turbo (Turbo Fresh) | Zona: Usaquén / Cedritos / Santa Bárbara
900165860_2125090225,Lucky Strike Cigarrillo Sandia Ice 10 Und,Lucky Strike,Turbo,Blunt,Tabaco,N/A,10 UND,7200,7200,0%,720/und,https://www.rappi.com.co/search?query=blunt,Tienda Rappi: Turbo (Turbo Fresh) | Zona: Usaquén / Cedritos / Santa Bárbara
900165860_2121539878,Lucky Strike Cigarrillo Gin con Capsula,Lucky Strike,Turbo,Blunt,Tabaco,N/A,10 UND,7200,7200,0%,720/und,https://www.rappi.com.co/search?query=blunt,Tienda Rappi: Turbo (Turbo Fresh) | Zona: Usaquén / Cedritos / Santa Bárbara
900165860_2122901719,Lucky Strike Cigarrillo Mora Ice 10 Und,Lucky Strike,Turbo,Blunt,Tabaco,N/A,10 UND,7300,7300,0%,730/und,https://www.rappi.com.co/search?query=blunt,Tienda Rappi: Turbo (Turbo Fresh) | Zona: Usaquén / Cedritos / Santa Bárbara
900165860_2120734261,Marlboro Cigarrillo Vista Forest + 18 10 Und,Marlboro,Turbo,Blunt,Tabaco,N/A,10 UND,7200,7200,0%,720/und,https://www.rappi.com.co/search?query=blunt,Tienda Rappi: Turbo (Turbo Fresh) | Zona: Usaquén / Cedritos / Santa Bárbara
900388254_2120209673,Blunt Blones Para Armar,Blunt,Angel Shop S,Blunt,Tabaco,N/A,1 UND,4200,3950,6%,3948/und,https://www.rappi.com.co/search?query=blunt,Tienda Rappi: Angel Shop S (ANGEL SHOP) | Zona: Usaquén / Cedritos / Santa Bárbara
900388254_2120832423,Blunt De Mango Blones Para Armar,Blunt,Angel Shop S,Blunt,Tabaco,N/A,1 UND,4200,3950,6%,3948/und,https://www.rappi.com.co/search?query=blunt,Tienda Rappi: Angel Shop S (ANGEL SHOP) | Zona: Usaquén / Cedritos / Santa Bárbara
900388254_2119926043,Blunt De Strawberry Kiwi Blones Para Armar,Blunt,Angel Shop S,Blunt,Tabaco,N/A,1 UND,4200,3950,6%,3948/und,https://www.rappi.com.co/search?query=blunt,Tienda Rappi: Angel Shop S (ANGEL SHOP) | Zona: Usaquén / Cedritos / Santa Bárbara
900388254_2119709032,Blunt De Berries Blones Para Armar,Blunt,Angel Shop S,Blunt,Tabaco,N/A,1 UND,4200,4200,0%,4200/und,https://www.rappi.com.co/search?query=blunt,Tienda Rappi: Angel Shop S (ANGEL SHOP) | Zona: Usaquén / Cedritos / Santa Bárbara
900388254_2121701678,Blunt Piña Colada Blones Para Armar,Blunt,Angel Shop S,Blunt,Tabaco,N/A,1 UND,4200,3950,6%,3948/und,https://www.rappi.com.co/search?query=blunt,Tienda Rappi: Angel Shop S (ANGEL SHOP) | Zona: Usaquén / Cedritos / Santa Bárbara
900388254_2120105711,Blunt Wet Cherry Blones Para Armar,Blunt,Angel Shop S,Blunt,Tabaco,N/A,1 UND,4200,3950,6%,3948/und,https://www.rappi.com.co/search?query=blunt,Tienda Rappi: Angel Shop S (ANGEL SHOP) | Zona: Usaquén / Cedritos / Santa Bárbara
900388254_2120563294,Blunt Blueberry Blones Para Armar,Blunt,Angel Shop S,Blunt,Tabaco,N/A,1 UND,4200,3950,6%,3948/und,https://www.rappi.com.co/search?query=blunt,Tienda Rappi: Angel Shop S (ANGEL SHOP) | Zona: Usaquén / Cedritos / Santa Bárbara
900388254_2121715274,Blunt Bubble Gum Blones Para Armar,Blunt,Angel Shop S,Blunt,Tabaco,N/A,1 UND,4200,3950,6%,3948/und,https://www.rappi.com.co/search?query=blunt,Tienda Rappi: Angel Shop S (ANGEL SHOP) | Zona: Usaquén / Cedritos / Santa Bárbara
900388254_2120892270,Pipa (porta Cigarro),Pipa,Angel Shop S,Blunt,Tabaco,N/A,1 UND,10000,10000,0%,10000/und,https://www.rappi.com.co/search?query=blunt,Tienda Rappi: Angel Shop S (ANGEL SHOP) | Zona: Usaquén / Cedritos / Santa Bárbara
900388254_2120042434,Pipa (porta Cigarro),Pipa,Angel Shop S,Blunt,Tabaco,N/A,1 UND,10000,10000,0%,10000/und,https://www.rappi.com.co/search?query=blunt,Tienda Rappi: Angel Shop S (ANGEL SHOP) | Zona: Usaquén / Cedritos / Santa Bárbara
900246292_2121689022,Blunt Master 5x Mango,Blunt,BLONSH PARQUE DEL PERRO,Blunt,Tabaco,N/A,1 UND,18000,18000,0%,18000/und,https://www.rappi.com.co/search?query=blunt,Tienda Rappi: BLONSH PARQUE DEL PERRO (Blonsh) | Zona: Usaquén / Cedritos / Santa Bárbara
900246292_2121694414,Blunt Master 5x Vainilla,Blunt,BLONSH PARQUE DEL PERRO,Blunt,Tabaco,N/A,1 UND,18000,18000,0%,18000/und,https://www.rappi.com.co/search?query=blunt,Tienda Rappi: BLONSH PARQUE DEL PERRO (Blonsh) | Zona: Usaquén / Cedritos / Santa Bárbara
900246292_2121694409,Blunt Master 5x Watermelon,Blunt,BLONSH PARQUE DEL PERRO,Blunt,Tabaco,N/A,1 UND,18000,18000,0%,18000/und,https://www.rappi.com.co/search?query=blunt,Tienda Rappi: BLONSH PARQUE DEL PERRO (Blonsh) | Zona: Usaquén / Cedritos / Santa Bárbara
900246292_2121689008,Blunt Master 5x Grape,Blunt,BLONSH PARQUE DEL PERRO,Blunt,Tabaco,N/A,1 UND,18000,18000,0%,18000/und,https://www.rappi.com.co/search?query=blunt,Tienda Rappi: BLONSH PARQUE DEL PERRO (Blonsh) | Zona: Usaquén / Cedritos / Santa Bárbara
900238200_2092514958,Club Colombia Cerveza Dorada En Lata 330 ML X6 Unds,Club Colombia,Farmatodo,Cerveza,Alcohol,N/A,330 ML,22285,22285,0%,67.54/ml,https://www.rappi.com.co/search?query=cerveza,Tienda Rappi: Farmatodo | Zona: Usaquén / Cedritos / Santa Bárbara
900238200_2126298843,Cerveza Michelob Ultra Lata 269ml X6,Michelob,Farmatodo,Cerveza,Alcohol,N/A,269 ML,16050,16050,0%,59.67/ml,https://www.rappi.com.co/search?query=cerveza,Tienda Rappi: Farmatodo | Zona: Usaquén / Cedritos / Santa Bárbara
900423958_2125175874,Cerveza Heineken Orig Bot Nr X6,Heineken,Jumbo,Heineken,Alcohol,N/A,250 ML,19490,19490,0%,77.96/ml,https://www.rappi.com.co/search?query=heineken,Tienda Rappi: Jumbo (Jumbo Mt Mascotas) | Zona: Usaquén / Cedritos / Santa Bárbara
900423958_2125175149,Cerveza Heineken Orig Bot Nr X6,Heineken,Jumbo,Heineken,Alcohol,N/A,330 ML,25000,19890,20%,60.28/ml,https://www.rappi.com.co/search?query=heineken,Tienda Rappi: Jumbo (Jumbo Mt Mascotas) | Zona: Usaquén / Cedritos / Santa Bárbara
900165860_2121062287,BBC Cerveza Rubia Cajicá Miel de Abejas en Lata,BBC,Turbo,Bbc,Alcohol,N/A,1 UND,13100,13100,0%,13100/und,https://www.rappi.com.co/search?query=bbc,Tienda Rappi: Turbo (Turbo Fresh) | Zona: Usaquén / Cedritos / Santa Bárbara
900165860_2124840644,Redds Rosé Pack Cerveza 6 x 269 mL,Redds,Turbo,Bbc,Alcohol,N/A,269 ML,23600,23600,0%,87.74/ml,https://www.rappi.com.co/search?query=bbc,Tienda Rappi: Turbo (Turbo Fresh) | Zona: Usaquén / Cedritos / Santa Bárbara
900489869_2126560368,Combo Margarita Hogao 105 g + Cerveza Michelob Ultra Lata 6 Und,Michelob,Turbo,Miller lite,Alcohol,N/A,1 COMBO,25300,25300,0%,25300/combo,https://www.rappi.com.co/search?query=miller%20lite,Tienda Rappi: Turbo (Turbo Panini Ya) | Zona: Usaquén / Cedritos / Santa Bárbara
900379388_2126755442,Michelob Ultra Nrb 330 X6,Michelob,El Deskorche,Miller lite,Alcohol,N/A,330 ML,27000,24300,10%,73.64/ml,https://www.rappi.com.co/search?query=miller%20lite,Tienda Rappi: El Deskorche (El Deskorche Licores) | Zona: Usaquén / Cedritos / Santa Bárbara
900489869_2126484885,Combo Manitoba Macadamia Caramelo Sal + Aguila Cerveza 6 Und,Aguila,Turbo,Michelob ultra,Alcohol,N/A,1 COMBO,45000,45000,0%,45000/combo,https://www.rappi.com.co/search?query=michelob%20ultra,Tienda Rappi: Turbo (Turbo Panini Ya) | Zona: Usaquén / Cedritos / Santa Bárbara
900423958_2126820628,Heineken Cerveza + Vaso Sta,Heineken,Jumbo,Paulaner,Alcohol,N/A,1 UND,35900,35900,0%,35900/und,https://www.rappi.com.co/search?query=paulaner,Tienda Rappi: Jumbo (Jumbo Mt Mascotas) | Zona: Usaquén / Cedritos / Santa Bárbara
900023671_2123104095,Cerveza Paulaner (500 Ml),Cerveza,Home Sentry,Paulaner,Alcohol,N/A,500 ML,18950,18950,0%,37.90/ml,https://www.rappi.com.co/search?query=paulaner,Tienda Rappi: Home Sentry | Zona: Usaquén / Cedritos / Santa Bárbara
900023671_2124607071,Paulaner Cerveza Alemana Hefe Weissbier,Paulaner,Home Sentry,Paulaner,Alcohol,N/A,500 ML,21950,15950,27%,31.90/ml,https://www.rappi.com.co/search?query=paulaner,Tienda Rappi: Home Sentry | Zona: Usaquén / Cedritos / Santa Bárbara
900023671_2120577287,Erdinger Cerveza Weissbier,Erdinger,Home Sentry,Paulaner,Alcohol,N/A,500 ML,19950,19950,0%,39.90/ml,https://www.rappi.com.co/search?query=paulaner,Tienda Rappi: Home Sentry | Zona: Usaquén / Cedritos / Santa Bárbara
900023671_2120577356,Steam Brew Cerveza Importada de Trigo Pale Ale,Steam,Home Sentry,Paulaner,Alcohol,N/A,500 ML,19950,19950,0%,39.90/ml,https://www.rappi.com.co/search?query=paulaner,Tienda Rappi: Home Sentry | Zona: Usaquén / Cedritos / Santa Bárbara
900023671_2120577351,Steam Brew Cerveza Sección Ipa,Steam,Home Sentry,Paulaner,Alcohol,N/A,500 ML,19950,19950,0%,39.90/ml,https://www.rappi.com.co/search?query=paulaner,Tienda Rappi: Home Sentry | Zona: Usaquén / Cedritos / Santa Bárbara
900023671_2123104132,Estrella Galicia Cerveza Especial,Estrella,Home Sentry,Paulaner,Alcohol,N/A,330 ML,11950,11950,0%,36.22/ml,https://www.rappi.com.co/search?query=paulaner,Tienda Rappi: Home Sentry | Zona: Usaquén / Cedritos / Santa Bárbara
900023671_2124607296,Czechvar Cerveza Lager Original,Czechvar,Home Sentry,Paulaner,Alcohol,N/A,330 ML,11950,11950,0%,36.22/ml,https://www.rappi.com.co/search?query=paulaner,Tienda Rappi: Home Sentry | Zona: Usaquén / Cedritos / Santa Bárbara
900023671_2120577334,Steam Brew Cerveza Imperial Ipa,Steam,Home Sentry,Paulaner,Alcohol,N/A,500 ML,19950,19950,0%,39.90/ml,https://www.rappi.com.co/search?query=paulaner,Tienda Rappi: Home Sentry | Zona: Usaquén / Cedritos / Santa Bárbara
900423958_2119722224,Ron Medellín Ron Dorado,Ron Medellín,Jumbo,Ron medellín,Alcohol,N/A,375 ML,26390,23750,10%,63.34/ml,https://www.rappi.com.co/search?query=ron%20medell%C3%ADn,Tienda Rappi: Jumbo (Jumbo Mt Mascotas) | Zona: Usaquén / Cedritos / Santa Bárbara
900423958_2122934847,Ron Viejo de Caldas Juan de la Cruz 5 Secretos,Viejo de Caldas,Jumbo,Ron medellín,Alcohol,N/A,750 ML,64290,64290,0%,85.72/ml,https://www.rappi.com.co/search?query=ron%20medell%C3%ADn,Tienda Rappi: Jumbo (Jumbo Mt Mascotas) | Zona: Usaquén / Cedritos / Santa Bárbara
900379388_2125954626,Ron Medellín Añejo 3 años,Ron Medellín,El Deskorche,Ron medellín,Alcohol,N/A,375 ML,35000,33250,5%,88.67/ml,https://www.rappi.com.co/search?query=ron%20medell%C3%ADn,Tienda Rappi: El Deskorche (El Deskorche Licores) | Zona: Usaquén / Cedritos / Santa Bárbara
900379388_2125592368,Medellín Ron Añejo 3 años,Medellín,El Deskorche,Ron medellín,Alcohol,N/A,1050 ML,65000,61750,5%,58.81/ml,https://www.rappi.com.co/search?query=ron%20medell%C3%ADn,Tienda Rappi: El Deskorche (El Deskorche Licores) | Zona: Usaquén / Cedritos / Santa Bárbara
900379388_2122745695,Ron Viejo de Caldas Ron Dorado Tradicional,Viejo de Caldas,El Deskorche,Ron medellín,Alcohol,N/A,750 ML,82000,82000,0%,109.34/ml,https://www.rappi.com.co/search?query=ron%20medell%C3%ADn,Tienda Rappi: El Deskorche (El Deskorche Licores) | Zona: Usaquén / Cedritos / Santa Bárbara
900379388_2123476522,Ron Viejo De Caldas Ron 5 Secretos,Viejo de Caldas,El Deskorche,Ron medellín,Alcohol,N/A,375 ML,50000,50000,0%,133.34/ml,https://www.rappi.com.co/search?query=ron%20medell%C3%ADn,Tienda Rappi: El Deskorche (El Deskorche Licores) | Zona: Usaquén / Cedritos / Santa Bárbara
900379388_2122745694,Ron Viejo de Caldas Ron Esencial,Viejo de Caldas,El Deskorche,Ron medellín,Alcohol,N/A,375 ML,37000,37000,0%,98.67/ml,https://www.rappi.com.co/search?query=ron%20medell%C3%ADn,Tienda Rappi: El Deskorche (El Deskorche Licores) | Zona: Usaquén / Cedritos / Santa Bárbara
900379388_2124494774,Viejo De Caldas Ron Esencial,Viejo de Caldas,El Deskorche,Ron medellín,Alcohol,N/A,1000 ML,80000,80000,0%,80/ml,https://www.rappi.com.co/search?query=ron%20medell%C3%ADn,Tienda Rappi: El Deskorche (El Deskorche Licores) | Zona: Usaquén / Cedritos / Santa Bárbara
900379388_2122745697,Ron Viejo De Caldas Ron Tradicional,Viejo de Caldas,El Deskorche,Ron medellín,Alcohol,N/A,375 ML,42000,42000,0%,112/ml,https://www.rappi.com.co/search?query=ron%20medell%C3%ADn,Tienda Rappi: El Deskorche (El Deskorche Licores) | Zona: Usaquén / Cedritos / Santa Bárbara
900379388_2124301724,Ron Viejo de Caldas Oscuro,Viejo de Caldas,El Deskorche,Ron medellín,Alcohol,N/A,700 ML,82000,82000,0%,117.15/ml,https://www.rappi.com.co/search?query=ron%20medell%C3%ADn,Tienda Rappi: El Deskorche (El Deskorche Licores) | Zona: Usaquén / Cedritos / Santa Bárbara
900489869_2126273705,Flor de Caña Ron Centenario 12 Años,Flor de Caña,Turbo,Flor de caña,Alcohol,N/A,750 ML,163400,163400,0%,217.87/ml,https://www.rappi.com.co/search?query=flor%20de%20ca%C3%B1a,Tienda Rappi: Turbo (Turbo Panini Ya) | Zona: Usaquén / Cedritos / Santa Bárbara
900489869_2126273707,Flor De Caña Ron Gran Reserve 7 Años,Flor de Caña,Turbo,Flor de caña,Alcohol,N/A,750 ML,102000,102000,0%,136/ml,https://www.rappi.com.co/search?query=flor%20de%20ca%C3%B1a,Tienda Rappi: Turbo (Turbo Panini Ya) | Zona: Usaquén / Cedritos / Santa Bárbara
900489869_2126824375,Combo Flor de Caña Ron Centenario 12 Años + Mil 976 Agua Tónica Toronja,Flor de Caña,Turbo,Flor de caña,Alcohol,N/A,1 COMBO,191400,191400,0%,191400/combo,https://www.rappi.com.co/search?query=flor%20de%20ca%C3%B1a,Tienda Rappi: Turbo (Turbo Panini Ya) | Zona: Usaquén / Cedritos / Santa Bárbara
900489869_2126824352,Combo Flor de Caña Ron Centenario 12 Años + Mil 976 Pack Base Coctel Tamarindo,Flor de Caña,Turbo,Flor de caña,Alcohol,N/A,1 COMBO,189600,189600,0%,189600/combo,https://www.rappi.com.co/search?query=flor%20de%20ca%C3%B1a,Tienda Rappi: Turbo (Turbo Panini Ya) | Zona: Usaquén / Cedritos / Santa Bárbara
900489869_2126824380,Combo Flor De Caña Ron Gran Reserve 7 Años + Mil 976 Agua Tónica Toronja,Flor de Caña,Turbo,Flor de caña,Alcohol,N/A,1 COMBO,130000,130000,0%,130000/combo,https://www.rappi.com.co/search?query=flor%20de%20ca%C3%B1a,Tienda Rappi: Turbo (Turbo Panini Ya) | Zona: Usaquén / Cedritos / Santa Bárbara
900489869_2126824361,Combo Flor De Caña Ron Gran Reserve 7 Años + Mil 976 Pack Base Coctel Tamarindo,Flor de Caña,Turbo,Flor de caña,Alcohol,N/A,1 COMBO,128200,128200,0%,128200/combo,https://www.rappi.com.co/search?query=flor%20de%20ca%C3%B1a,Tienda Rappi: Turbo (Turbo Panini Ya) | Zona: Usaquén / Cedritos / Santa Bárbara
900489869_2126824369,Combo Flor de Caña Ron Centenario 12 Años + Mil 976 Mezclador Ginger Beer y Limón Botella,Flor de Caña,Turbo,Flor de caña,Alcohol,N/A,1 COMBO,190900,190900,0%,190900/combo,https://www.rappi.com.co/search?query=flor%20de%20ca%C3%B1a,Tienda Rappi: Turbo (Turbo Panini Ya) | Zona: Usaquén / Cedritos / Santa Bárbara
900489869_2126824372,Combo Flor De Caña Ron Gran Reserve 7 Años + Mil 976 Mezclador Ginger Beer y Limón Botella,Flor de Caña,Turbo,Flor de caña,Alcohol,N/A,1 COMBO,129500,129500,0%,129500/combo,https://www.rappi.com.co/search?query=flor%20de%20ca%C3%B1a,Tienda Rappi: Turbo (Turbo Panini Ya) | Zona: Usaquén / Cedritos / Santa Bárbara
900487042_2126703504,Ron Viejo de Caldas Ron Dorado Tradicional,Viejo de Caldas,TuCompraYa,Flor de caña,Alcohol,N/A,750 ML,79000,79000,0%,105.34/ml,https://www.rappi.com.co/search?query=flor%20de%20ca%C3%B1a,Tienda Rappi: TuCompraYa | Zona: Usaquén / Cedritos / Santa Bárbara
900487042_2126703513,Ron Viejo de Caldas Ron Esencial,Viejo de Caldas,TuCompraYa,Flor de caña,Alcohol,N/A,375 ML,36000,36000,0%,96/ml,https://www.rappi.com.co/search?query=flor%20de%20ca%C3%B1a,Tienda Rappi: TuCompraYa | Zona: Usaquén / Cedritos / Santa Bárbara
900487042_2126703500,Ron Viejo de Caldas Licor Esencial Colombia 750 mL,Viejo de Caldas,TuCompraYa,Flor de caña,Alcohol,N/A,750 ML,65000,65000,0%,86.67/ml,https://www.rappi.com.co/search?query=flor%20de%20ca%C3%B1a,Tienda Rappi: TuCompraYa | Zona: Usaquén / Cedritos / Santa Bárbara
900489869_2093395516,Black & White 8 Años 700ml,Black & White,Turbo,Black and white,Alcohol,N/A,700 ML,62200,62200,0%,88.86/ml,https://www.rappi.com.co/search?query=black%20and%20white,Tienda Rappi: Turbo (Turbo Panini Ya) | Zona: Usaquén / Cedritos / Santa Bárbara
900273513_2121411575,Black and White Whisky Escocés 8 Años,Black,Cristal Palace,Black and white,Alcohol,N/A,375 ML,50000,50000,0%,133.34/ml,https://www.rappi.com.co/search?query=black%20and%20white,Tienda Rappi: Cristal Palace (Licores Cristal Palace) | Zona: Usaquén / Cedritos / Santa Bárbara
900479515_2126164090,Black And White Whisky 6135 700 mL,Black,LICORES EL BORRACHITO,Black and white,Alcohol,N/A,700 ML,80000,80000,0%,114.29/ml,https://www.rappi.com.co/search?query=black%20and%20white,Tienda Rappi: LICORES EL BORRACHITO | Zona: Usaquén / Cedritos / Santa Bárbara
900101308_2120878370,Black & White 8 Años 700ml,Black & White,Licores JR,Black and white,Alcohol,N/A,700 ML,59100,59100,0%,84.43/ml,https://www.rappi.com.co/search?query=black%20and%20white,Tienda Rappi: Licores JR (Grupo Giraldo Home) | Zona: Usaquén / Cedritos / Santa Bárbara
900023671_2126177055,Copa Vino Tinto Rcr Invino 650 Ml 4 Und Cristal,Copa,Home Sentry,Ojo de tigre,Alcohol,N/A,1 UND,152950,152950,0%,152950/und,https://www.rappi.com.co/search?query=ojo%20de%20tigre,Tienda Rappi: Home Sentry | Zona: Usaquén / Cedritos / Santa Bárbara
900023671_2126742844,Copa Vino Pequeña Prestige Set X4 Unidades De 350 Ml En Vidrio Marca Nadir,Copa,Home Sentry,Ojo de tigre,Alcohol,N/A,1 UND,55950,55950,0%,55950/und,https://www.rappi.com.co/search?query=ojo%20de%20tigre,Tienda Rappi: Home Sentry | Zona: Usaquén / Cedritos / Santa Bárbara
900023671_2124772226,Copa Champagne Rcr Invino Transparente 240 Ml 4 Und Vidrio,Copa,Home Sentry,Ojo de tigre,Alcohol,N/A,1 UND,149950,149950,0%,149950/und,https://www.rappi.com.co/search?query=ojo%20de%20tigre,Tienda Rappi: Home Sentry | Zona: Usaquén / Cedritos / Santa Bárbara
900489869_2126601785,Combo Absolut Vodka + Tic Tac Menta Fresca,Absolut,Turbo,Absolut,Alcohol,N/A,1 COMBO,127100,127100,0%,127100/combo,https://www.rappi.com.co/search?query=absolut,Tienda Rappi: Turbo (Turbo Panini Ya) | Zona: Usaquén / Cedritos / Santa Bárbara
900417176_2126321123,Absolud Vodka 50ml,Absolud,ROSA MORENA PAPELERIA FIESTAS Y VARIEDADES,Absolut,Alcohol,N/A,50 ML,23000,23000,0%,460/ml,https://www.rappi.com.co/search?query=absolut,Tienda Rappi: ROSA MORENA PAPELERIA FIESTAS Y VARIEDADES | Zona: Usaquén / Cedritos / Santa Bárbara
900417176_2126321115,Absolud Vodka 50ml Con Mostacho,Absolud,ROSA MORENA PAPELERIA FIESTAS Y VARIEDADES,Absolut,Alcohol,N/A,50 ML,24000,24000,0%,480/ml,https://www.rappi.com.co/search?query=absolut,Tienda Rappi: ROSA MORENA PAPELERIA FIESTAS Y VARIEDADES | Zona: Usaquén / Cedritos / Santa Bárbara
900479823_2126321126,Absolud Vodka 50ml,Absolud,PUNTO 360,Absolut,Alcohol,N/A,50 ML,23000,23000,0%,460/ml,https://www.rappi.com.co/search?query=absolut,Tienda Rappi: PUNTO 360 | Zona: Usaquén / Cedritos / Santa Bárbara
900479823_2126321119,Absolud Vodka 50ml Con Mostacho,Absolud,PUNTO 360,Absolut,Alcohol,N/A,50 ML,24000,24000,0%,480/ml,https://www.rappi.com.co/search?query=absolut,Tienda Rappi: PUNTO 360 | Zona: Usaquén / Cedritos / Santa Bárbara
900437490_2126321124,Absolud Vodka 50ml,Absolud,BYG PAPELERIA FIESTAS Y VARIEDADES,Absolut,Alcohol,N/A,50 ML,23000,23000,0%,460/ml,https://www.rappi.com.co/search?query=absolut,Tienda Rappi: BYG PAPELERIA FIESTAS Y VARIEDADES (PAPELERIA FIESTAS Y VARIEDADES BYM) | Zona: Usaquén / Cedritos / Santa Bárbara
900437490_2126321116,Absolud Vodka 50ml Con Mostacho,Absolud,BYG PAPELERIA FIESTAS Y VARIEDADES,Absolut,Alcohol,N/A,50 ML,24000,24000,0%,480/ml,https://www.rappi.com.co/search?query=absolut,Tienda Rappi: BYG PAPELERIA FIESTAS Y VARIEDADES (PAPELERIA FIESTAS Y VARIEDADES BYM) | Zona: Usaquén / Cedritos / Santa Bárbara
900478312_2126321125,Absolud Vodka 50ml,Absolud,DULCE PAPELERIA,Absolut,Alcohol,N/A,50 ML,23000,23000,0%,460/ml,https://www.rappi.com.co/search?query=absolut,Tienda Rappi: DULCE PAPELERIA | Zona: Usaquén / Cedritos / Santa Bárbara
900478312_2126321118,Absolud Vodka 50ml Con Mostacho,Absolud,DULCE PAPELERIA,Absolut,Alcohol,N/A,50 ML,24000,24000,0%,480/ml,https://www.rappi.com.co/search?query=absolut,Tienda Rappi: DULCE PAPELERIA | Zona: Usaquén / Cedritos / Santa Bárbara
900479515_2126164094,Absolut Citron Vodka,Absolut,LICORES EL BORRACHITO,Ketel one,Alcohol,N/A,700 ML,120000,120000,0%,171.43/ml,https://www.rappi.com.co/search?query=ketel%20one,Tienda Rappi: LICORES EL BORRACHITO | Zona: Usaquén / Cedritos / Santa Bárbara
900489869_2121688521,Siete Soles Vino Blanco Sauvignon Blanc,Siete,Turbo,Vino blanco,Alcohol,N/A,750 ML,29300,29300,0%,39.07/ml,https://www.rappi.com.co/search?query=vino%20blanco,Tienda Rappi: Turbo (Turbo Panini Ya) | Zona: Usaquén / Cedritos / Santa Bárbara
900489869_2121688526,Le Altanza Vino Blanco Sauvignon Blanc 750 mL,Le,Turbo,Vino blanco,Alcohol,N/A,750 ML,59700,59700,0%,79.60/ml,https://www.rappi.com.co/search?query=vino%20blanco,Tienda Rappi: Turbo (Turbo Panini Ya) | Zona: Usaquén / Cedritos / Santa Bárbara
900489869_2122365275,Finca Las Moras Vino Blanco Sauvignon Blanc,Las Moras,Turbo,Vino blanco,Alcohol,N/A,750 ML,64500,64500,0%,86/ml,https://www.rappi.com.co/search?query=vino%20blanco,Tienda Rappi: Turbo (Turbo Panini Ya) | Zona: Usaquén / Cedritos / Santa Bárbara
900489869_2121686478,Casillero Del Diablo Vino Blanco Sauvignon Blanc Reserva,Casillero del Diablo,Turbo,Vino blanco,Alcohol,N/A,750 ML,83400,83400,0%,111.20/ml,https://www.rappi.com.co/search?query=vino%20blanco,Tienda Rappi: Turbo (Turbo Panini Ya) | Zona: Usaquén / Cedritos / Santa Bárbara
900489869_2093608346,Frontera Vino Sauvignon Blanc,Frontera,Turbo,Vino blanco,Alcohol,N/A,750 ML,53000,53000,0%,70.67/ml,https://www.rappi.com.co/search?query=vino%20blanco,Tienda Rappi: Turbo (Turbo Panini Ya) | Zona: Usaquén / Cedritos / Santa Bárbara
900489869_2093395313,Mionetto Vino Espumante Prosecco Brut Glera 750 ml,Mionetto,Turbo,Prosecco,Alcohol,N/A,750 ML,101800,101800,0%,135.74/ml,https://www.rappi.com.co/search?query=prosecco,Tienda Rappi: Turbo (Turbo Panini Ya) | Zona: Usaquén / Cedritos / Santa Bárbara
900489869_2121144270,Chandon Vino Espumante Extra Brut 750 ml,Chandon,Turbo,Prosecco,Alcohol,N/A,750 ML,105000,105000,0%,140/ml,https://www.rappi.com.co/search?query=prosecco,Tienda Rappi: Turbo (Turbo Panini Ya) | Zona: Usaquén / Cedritos / Santa Bárbara
900489869_2121350134,Andre Vino Blanco Espumoso Brut,Andre,Turbo,Prosecco,Alcohol,N/A,750 ML,57600,57600,0%,76.80/ml,https://www.rappi.com.co/search?query=prosecco,Tienda Rappi: Turbo (Turbo Panini Ya) | Zona: Usaquén / Cedritos / Santa Bárbara
900489869_2124029625,Cinzano Vino Espumoso Prosseco Pro Spritz,Cinzano,Turbo,Prosecco,Alcohol,N/A,750 ML,67900,67900,0%,90.54/ml,https://www.rappi.com.co/search?query=prosecco,Tienda Rappi: Turbo (Turbo Panini Ya) | Zona: Usaquén / Cedritos / Santa Bárbara
900489869_2124286914,Barón de Valls Vino Espumoso Ice Blanco,Barón,Turbo,Prosecco,Alcohol,N/A,750 ML,57900,40530,30%,54.04/ml,https://www.rappi.com.co/search?query=prosecco,Tienda Rappi: Turbo (Turbo Panini Ya) | Zona: Usaquén / Cedritos / Santa Bárbara
900489869_2093526970,JP Chenet Vino Espumoso Ice Edition Rosé,JP,Turbo,Prosecco,Alcohol,N/A,750 ML,68200,68200,0%,90.94/ml,https://www.rappi.com.co/search?query=prosecco,Tienda Rappi: Turbo (Turbo Panini Ya) | Zona: Usaquén / Cedritos / Santa Bárbara
900423958_2119903504,Chandon Vino Espumante Extra Brut 750 ml,Chandon,Jumbo,Prosecco,Alcohol,N/A,750 ML,102990,102990,0%,137.32/ml,https://www.rappi.com.co/search?query=prosecco,Tienda Rappi: Jumbo (Jumbo Mt Mascotas) | Zona: Usaquén / Cedritos / Santa Bárbara
900386942_2091667700,Gato Negro Vino Tinto Merlot,Gato Negro,La Rebaja,Gato negro,Alcohol,N/A,750 ML,51900,51900,0%,69.20/ml,https://www.rappi.com.co/search?query=gato%20negro,Tienda Rappi: La Rebaja (Drogueria La Rebaja Farma Bebes) | Zona: Usaquén / Cedritos / Santa Bárbara
900386942_2120621151,Gato Negro Vino Tinto Cabernet Sauvignon,Gato Negro,La Rebaja,Gato negro,Alcohol,N/A,750 ML,48300,48300,0%,64.40/ml,https://www.rappi.com.co/search?query=gato%20negro,Tienda Rappi: La Rebaja (Drogueria La Rebaja Farma Bebes) | Zona: Usaquén / Cedritos / Santa Bárbara
900386942_2091667701,San Pedro Gato Negro Vino Tinto Carmenère,Gato Negro,La Rebaja,Gato negro,Alcohol,N/A,750 ML,48300,48300,0%,64.40/ml,https://www.rappi.com.co/search?query=gato%20negro,Tienda Rappi: La Rebaja (Drogueria La Rebaja Farma Bebes) | Zona: Usaquén / Cedritos / Santa Bárbara
900489869_2093608448,Baileys Crema de Whisky Irlandesa Original,Baileys,Turbo,Baileys,Alcohol,N/A,1000 ML,112400,112400,0%,112.40/ml,https://www.rappi.com.co/search?query=baileys,Tienda Rappi: Turbo (Turbo Panini Ya) | Zona: Usaquén / Cedritos / Santa Bárbara
900489869_2093395758,Baileys Crema de Whisky Original,Baileys,Turbo,Baileys,Alcohol,N/A,700 ML,85100,85100,0%,121.58/ml,https://www.rappi.com.co/search?query=baileys,Tienda Rappi: Turbo (Turbo Panini Ya) | Zona: Usaquén / Cedritos / Santa Bárbara
900489869_2124886072,Combo Ferrero Rocher Bombón + Baileys Crema de Whisky Original,Baileys,Turbo,Baileys,Alcohol,N/A,1 COMBO,117500,117500,0%,117500/combo,https://www.rappi.com.co/search?query=baileys,Tienda Rappi: Turbo (Turbo Panini Ya) | Zona: Usaquén / Cedritos / Santa Bárbara
900489869_2125351526,Combo Matiz Café Tostado y Molido + Baileys Crema de Whisky,Baileys,Turbo,Baileys,Alcohol,N/A,1 COMBO,123900,123900,0%,123900/combo,https://www.rappi.com.co/search?query=baileys,Tienda Rappi: Turbo (Turbo Panini Ya) | Zona: Usaquén / Cedritos / Santa Bárbara
900489869_2126425125,Broadway Crema de Whisky,Broadway,Turbo,Baileys,Alcohol,N/A,700 ML,53950,53950,0%,77.08/ml,https://www.rappi.com.co/search?query=baileys,Tienda Rappi: Turbo (Turbo Panini Ya) | Zona: Usaquén / Cedritos / Santa Bárbara
900489869_2124886071,Combo Milka Chocolate Leche Alpina 80 g + Baileys Crema Whisky,Baileys,Turbo,Baileys,Alcohol,N/A,1 COMBO,104400,104400,0%,104400/combo,https://www.rappi.com.co/search?query=baileys,Tienda Rappi: Turbo (Turbo Panini Ya) | Zona: Usaquén / Cedritos / Santa Bárbara
900489869_2125351539,Combo Matiz Café Baileys + Baileys Crema de Whisky,Baileys,Turbo,Baileys,Alcohol,N/A,1 COMBO,117100,117100,0%,117100/combo,https://www.rappi.com.co/search?query=baileys,Tienda Rappi: Turbo (Turbo Panini Ya) | Zona: Usaquén / Cedritos / Santa Bárbara
900423958_2122336138,Baileys Crema de Whisky Irlandesa Original,Baileys,Jumbo,Baileys,Alcohol,N/A,1000 ML,107990,107990,0%,107.99/ml,https://www.rappi.com.co/search?query=baileys,Tienda Rappi: Jumbo (Jumbo Mt Mascotas) | Zona: Usaquén / Cedritos / Santa Bárbara
900423958_2121694870,Baileys Crema de Whisky Original,Baileys,Jumbo,Baileys,Alcohol,N/A,700 ML,81690,81690,0%,116.70/ml,https://www.rappi.com.co/search?query=baileys,Tienda Rappi: Jumbo (Jumbo Mt Mascotas) | Zona: Usaquén / Cedritos / Santa Bárbara
900423958_2119838295,De La Corte Crema de Whisky Aperitivo,De,Jumbo,Baileys,Alcohol,N/A,700 ML,60490,60490,0%,86.42/ml,https://www.rappi.com.co/search?query=baileys,Tienda Rappi: Jumbo (Jumbo Mt Mascotas) | Zona: Usaquén / Cedritos / Santa Bárbara
900423958_2120223449,Cheers Crema de Ron Viejo de Caldas,Viejo de Caldas,Jumbo,Baileys,Alcohol,N/A,700 ML,68690,68690,0%,98.13/ml,https://www.rappi.com.co/search?query=baileys,Tienda Rappi: Jumbo (Jumbo Mt Mascotas) | Zona: Usaquén / Cedritos / Santa Bárbara
900423958_2120188808,Whisleys Bebida Alcohólica Crema de Whisky,Whisleys,Jumbo,Baileys,Alcohol,N/A,700 ML,47990,47990,0%,68.56/ml,https://www.rappi.com.co/search?query=baileys,Tienda Rappi: Jumbo (Jumbo Mt Mascotas) | Zona: Usaquén / Cedritos / Santa Bárbara
900423958_2120194784,Grajales Aperitivo Crema de Whisky,Grajales,Jumbo,Baileys,Alcohol,N/A,750 ML,58790,58790,0%,78.39/ml,https://www.rappi.com.co/search?query=baileys,Tienda Rappi: Jumbo (Jumbo Mt Mascotas) | Zona: Usaquén / Cedritos / Santa Bárbara
900101308_2122496466,Baileys Original crema de whisky irlandesa 375 ml,Baileys,Licores JR,Baileys,Alcohol,N/A,375 ML,53100,53100,0%,141.60/ml,https://www.rappi.com.co/search?query=baileys,Tienda Rappi: Licores JR (Grupo Giraldo Home) | Zona: Usaquén / Cedritos / Santa Bárbara
900101308_2121216030,Baileys Crema de Whisky,Baileys,Licores JR,Baileys,Alcohol,N/A,750 ML,85100,85100,0%,113.47/ml,https://www.rappi.com.co/search?query=baileys,Tienda Rappi: Licores JR (Grupo Giraldo Home) | Zona: Usaquén / Cedritos / Santa Bárbara
900101308_2125389016,Crema De Whisky Jumbo,Crema,Licores JR,Baileys,Alcohol,N/A,750 ML,31200,31200,0%,41.60/ml,https://www.rappi.com.co/search?query=baileys,Tienda Rappi: Licores JR (Grupo Giraldo Home) | Zona: Usaquén / Cedritos / Santa Bárbara
900430450_2125068024,Baileys Crema de Whisky Original,Baileys,El Mini Súper Cali,Baileys,Alcohol,N/A,700 ML,95000,95000,0%,135.72/ml,https://www.rappi.com.co/search?query=baileys,Tienda Rappi: El Mini Súper Cali (El Minisuper) | Zona: Usaquén / Cedritos / Santa Bárbara
900430450_2125068033,De La Corte Crema de Whisky Aperitivo,De,El Mini Súper Cali,Baileys,Alcohol,N/A,700 ML,68000,68000,0%,97.15/ml,https://www.rappi.com.co/search?query=baileys,Tienda Rappi: El Mini Súper Cali (El Minisuper) | Zona: Usaquén / Cedritos / Santa Bárbara
900479515_2126199612,Baileys Original crema de whisky irlandesa 375 ml,Baileys,LICORES EL BORRACHITO,Baileys,Alcohol,N/A,375 ML,75000,75000,0%,200/ml,https://www.rappi.com.co/search?query=baileys,Tienda Rappi: LICORES EL BORRACHITO | Zona: Usaquén / Cedritos / Santa Bárbara
900479515_2126164134,Baileys Crema de Whisky Original,Baileys,LICORES EL BORRACHITO,Baileys,Alcohol,N/A,700 ML,115000,115000,0%,164.29/ml,https://www.rappi.com.co/search?query=baileys,Tienda Rappi: LICORES EL BORRACHITO | Zona: Usaquén / Cedritos / Santa Bárbara
900319159_1540875,Cervezas Micheladas con Mango,Cervezas,Mango Bike Mobile,Camel,Alcohol,N/A,1 UND,12000,12000,0%,12000.0,https://www.rappi.com.co/search?query=camel,Tienda Rappi: Mango Bike Mobile | Zona: Teusaquillo / Galerías / Salitre
900457753_2093447280,Poker Cerveza Lager en Lata,Poker,La Rebaja,Poker,Alcohol,N/A,330 ML,21000,21000,0%,63.64/ml,https://www.rappi.com.co/search?query=poker,Tienda Rappi: La Rebaja (La Rebaja Licores) | Zona: Teusaquillo / Galerías / Salitre
900457753_2091667347,Poker Cerveza Pack en Lata,Poker,La Rebaja,Poker,Alcohol,N/A,2.838 L,25800,25800,0%,9.10/ml,https://www.rappi.com.co/search?query=poker,Tienda Rappi: La Rebaja (La Rebaja Licores) | Zona: Teusaquillo / Galerías / Salitre
900434592_2121200980,Amarillo de Manzanares Aguardiente Sin Azúcar,Amarillo de Manzanares,Oxxo,Amarillo de manzanares,Alcohol,N/A,750 ML,54900,54900,0%,73.20/ml,https://www.rappi.com.co/search?query=amarillo%20de%20manzanares,Tienda Rappi: Oxxo (Oxxo Super) | Zona: Teusaquillo / Galerías / Salitre
900434592_2124417789,Del Valle Aguardiente Sin Azúcar,Del,Oxxo,Amarillo de manzanares,Alcohol,N/A,750 ML,54500,54500,0%,72.67/ml,https://www.rappi.com.co/search?query=amarillo%20de%20manzanares,Tienda Rappi: Oxxo (Oxxo Super) | Zona: Teusaquillo / Galerías / Salitre
900434592_2122950705,Blanco del Valle Aguardiente Night,Blanco del Valle,Oxxo,Amarillo de manzanares,Alcohol,N/A,750 ML,44300,44300,0%,59.07/ml,https://www.rappi.com.co/search?query=amarillo%20de%20manzanares,Tienda Rappi: Oxxo (Oxxo Super) | Zona: Teusaquillo / Galerías / Salitre
900434592_2124417729,Del Valle Aguardiente Amarillo Sin Azúcar,Del,Oxxo,Amarillo de manzanares,Alcohol,N/A,750 ML,54500,54500,0%,72.67/ml,https://www.rappi.com.co/search?query=amarillo%20de%20manzanares,Tienda Rappi: Oxxo (Oxxo Super) | Zona: Teusaquillo / Galerías / Salitre
900386942_2091667633,Jose Cuervo Tequila Especial Reposado,Jose,La Rebaja,Jose cuervo,Alcohol,N/A,750 ML,95200,95200,0%,126.94/ml,https://www.rappi.com.co/search?query=jose%20cuervo,Tienda Rappi: La Rebaja (Drogueria La Rebaja Farma Bebes) | Zona: Teusaquillo / Galerías / Salitre
900386942_2091668241,Jose Cuervo Tequila Especial Reposado,Jose,La Rebaja,Jose cuervo,Alcohol,N/A,375 ML,56500,56500,0%,150.67/ml,https://www.rappi.com.co/search?query=jose%20cuervo,Tienda Rappi: La Rebaja (Drogueria La Rebaja Farma Bebes) | Zona: Teusaquillo / Galerías / Salitre
900386942_2091669155,Jose Cuervo Tequila Tradicional,Jose,La Rebaja,Jose cuervo,Alcohol,N/A,750 ML,120300,120300,0%,160.40/ml,https://www.rappi.com.co/search?query=jose%20cuervo,Tienda Rappi: La Rebaja (Drogueria La Rebaja Farma Bebes) | Zona: Teusaquillo / Galerías / Salitre
900462883_2126249349,Vape Fume Oxyra Edicion Especial 60.000 Puffs Mango Tango,Vape,CLOUDHOME VAPES CREW,Vape,Tabaco,N/A,1 UND,80000,80000,0%,80000/und,https://www.rappi.com.co/search?query=vape,Tienda Rappi: CLOUDHOME VAPES CREW (Glu Shop) | Zona: Centro / Candelaria / Macarena
900462883_2126249477,Vape Fume Oxyra Edicion Especial 60.000 Puffs Pineapple Paradise,Vape,CLOUDHOME VAPES CREW,Vape,Tabaco,N/A,1 UND,80000,80000,0%,80000/und,https://www.rappi.com.co/search?query=vape,Tienda Rappi: CLOUDHOME VAPES CREW (Glu Shop) | Zona: Centro / Candelaria / Macarena
900462883_2126249366,Vape Fume Oxyra Edicion Especial 60.000 Puffs Peach Ice,Vape,CLOUDHOME VAPES CREW,Vape,Tabaco,N/A,1 UND,80000,80000,0%,80000/und,https://www.rappi.com.co/search?query=vape,Tienda Rappi: CLOUDHOME VAPES CREW (Glu Shop) | Zona: Centro / Candelaria / Macarena
900462883_2126247770,Vape Fume Oxyra Edicion Especial 60.000 Puffs Grape,Vape,CLOUDHOME VAPES CREW,Vape,Tabaco,N/A,1 UND,80000,80000,0%,80000/und,https://www.rappi.com.co/search?query=vape,Tienda Rappi: CLOUDHOME VAPES CREW (Glu Shop) | Zona: Centro / Candelaria / Macarena
900462883_2126384104,Vapeador Elux Cybrover 18k/ Strawberry Ice Edicion Deluxe,Vapeador,CLOUDHOME VAPES CREW,Vape,Tabaco,N/A,1 UND,35000,35000,0%,35000/und,https://www.rappi.com.co/search?query=vape,Tienda Rappi: CLOUDHOME VAPES CREW (Glu Shop) | Zona: Centro / Candelaria / Macarena
900462883_2126384132,Vapeador Elux Cybrover 18k/ Juicy Mango Edicion Deluxe,Vapeador,CLOUDHOME VAPES CREW,Vape,Tabaco,N/A,1 UND,35000,35000,0%,35000/und,https://www.rappi.com.co/search?query=vape,Tienda Rappi: CLOUDHOME VAPES CREW (Glu Shop) | Zona: Centro / Candelaria / Macarena
900462883_2126384161,Vapeador Elux Cybrover 18k/ Watermelon Ice Edicion Deluxe,Vapeador,CLOUDHOME VAPES CREW,Vape,Tabaco,N/A,1 UND,35000,35000,0%,35000/und,https://www.rappi.com.co/search?query=vape,Tienda Rappi: CLOUDHOME VAPES CREW (Glu Shop) | Zona: Centro / Candelaria / Macarena
900462883_2126384240,Vapeador Elux Cybrover 18k/bombcherr Ediciondeluxe,Vapeador,CLOUDHOME VAPES CREW,Vape,Tabaco,N/A,1 UND,35000,35000,0%,35000/und,https://www.rappi.com.co/search?query=vape,Tienda Rappi: CLOUDHOME VAPES CREW (Glu Shop) | Zona: Centro / Candelaria / Macarena
900462883_2126383990,Glucloud Vape Limonada Cerezada Indi / 8000 Puff,Glucloud,CLOUDHOME VAPES CREW,Vape,Tabaco,N/A,1 UND,65000,65000,0%,65000/und,https://www.rappi.com.co/search?query=vape,Tienda Rappi: CLOUDHOME VAPES CREW (Glu Shop) | Zona: Centro / Candelaria / Macarena
900462883_2126690325,Vapeador Viral 9.000 Puffs Mandarine Tangerine,Vapeador,CLOUDHOME VAPES CREW,Vape,Tabaco,N/A,1 UND,19000,19000,0%,19000/und,https://www.rappi.com.co/search?query=vape,Tienda Rappi: CLOUDHOME VAPES CREW (Glu Shop) | Zona: Centro / Candelaria / Macarena
900462883_2126600849,Vape Glucloud Lima Durazno Xl+ 5% Nicotina,Vape,CLOUDHOME VAPES CREW,Vape,Tabaco,N/A,1 UND,48000,48000,0%,48000/und,https://www.rappi.com.co/search?query=vape,Tienda Rappi: CLOUDHOME VAPES CREW (Glu Shop) | Zona: Centro / Candelaria / Macarena
900462883_2126325029,Vape Pulse Cookies 15000 Puffs Edicion Especial / Purple Rain,Vape,CLOUDHOME VAPES CREW,Vape,Tabaco,N/A,1 UND,25000,25000,0%,25000/und,https://www.rappi.com.co/search?query=vape,Tienda Rappi: CLOUDHOME VAPES CREW (Glu Shop) | Zona: Centro / Candelaria / Macarena
900462883_2126401680,Vape Solobar Challenger 30k Puffs / Fizzy Cherry Black,Vape,CLOUDHOME VAPES CREW,Vape,Tabaco,N/A,1 UND,30500,30500,0%,30500/und,https://www.rappi.com.co/search?query=vape,Tienda Rappi: CLOUDHOME VAPES CREW (Glu Shop) | Zona: Centro / Candelaria / Macarena
900462883_2126600779,Vape Pulse X Podz 30000 Puffs Sabor Mexico Mango,Vape,CLOUDHOME VAPES CREW,Vape,Tabaco,N/A,1 UND,35000,35000,0%,35000/und,https://www.rappi.com.co/search?query=vape,Tienda Rappi: CLOUDHOME VAPES CREW (Glu Shop) | Zona: Centro / Candelaria / Macarena
900462883_2126247055,Vape Fume Oxyra Edicion Especial 60.000 Puffs Winter Mint,Vape,CLOUDHOME VAPES CREW,Vape,Tabaco,N/A,1 UND,80000,80000,0%,80000/und,https://www.rappi.com.co/search?query=vape,Tienda Rappi: CLOUDHOME VAPES CREW (Glu Shop) | Zona: Centro / Candelaria / Macarena
900462883_2126792382,Vape / Vapeador Humo Azul Edicion Premiun / Oro Rosa/ Mexican Mango,Vape,CLOUDHOME VAPES CREW,Vape,Tabaco,N/A,1 UND,40000,40000,0%,40000/und,https://www.rappi.com.co/search?query=vape,Tienda Rappi: CLOUDHOME VAPES CREW (Glu Shop) | Zona: Centro / Candelaria / Macarena
900462883_2126600798,Vape Pulse X Podz 30000 Puffs Sabor Strawberry Mango,Vape,CLOUDHOME VAPES CREW,Vape,Tabaco,N/A,1 UND,32000,32000,0%,32000/und,https://www.rappi.com.co/search?query=vape,Tienda Rappi: CLOUDHOME VAPES CREW (Glu Shop) | Zona: Centro / Candelaria / Macarena
900462883_2126325034,Vape Pulse Cookies 15000 Puffs Edicion Especial / Strawberry Mango,Vape,CLOUDHOME VAPES CREW,Vape,Tabaco,N/A,1 UND,25000,25000,0%,25000/und,https://www.rappi.com.co/search?query=vape,Tienda Rappi: CLOUDHOME VAPES CREW (Glu Shop) | Zona: Centro / Candelaria / Macarena
900462883_2126600857,Vape Glucloud Manzana Xl+ 5% Nicotina,Vape,CLOUDHOME VAPES CREW,Vape,Tabaco,N/A,1 UND,48000,48000,0%,48000/und,https://www.rappi.com.co/search?query=vape,Tienda Rappi: CLOUDHOME VAPES CREW (Glu Shop) | Zona: Centro / Candelaria / Macarena
900462883_2126401545,Vape Solobar Challenger 30k Puffs / Juicy Peach,Vape,CLOUDHOME VAPES CREW,Vape,Tabaco,N/A,1 UND,30500,30500,0%,30500/und,https://www.rappi.com.co/search?query=vape,Tienda Rappi: CLOUDHOME VAPES CREW (Glu Shop) | Zona: Centro / Candelaria / Macarena
900415679_2126249353,Vape Fume Oxyra Edicion Especial 60.000 Puffs Mango Tango,Vape,DRA. VAPES COLOMBIA,Vape,Tabaco,N/A,1 UND,84000,84000,0%,84000/und,https://www.rappi.com.co/search?query=vape,Tienda Rappi: DRA. VAPES COLOMBIA (HM) | Zona: Centro / Candelaria / Macarena
900415679_2126792414,Vape / Vapeador Humo Azul Edicion Premiun / Oro Rosa/ Mexican Mango,Vape,DRA. VAPES COLOMBIA,Vape,Tabaco,N/A,1 UND,40000,40000,0%,40000/und,https://www.rappi.com.co/search?query=vape,Tienda Rappi: DRA. VAPES COLOMBIA (HM) | Zona: Centro / Candelaria / Macarena
900415679_2126401690,Vape Solobar Challenger 30k Puffs / Fizzy Cherry Black,Vape,DRA. VAPES COLOMBIA,Vape,Tabaco,N/A,1 UND,33000,33000,0%,33000/und,https://www.rappi.com.co/search?query=vape,Tienda Rappi: DRA. VAPES COLOMBIA (HM) | Zona: Centro / Candelaria / Macarena
900415679_2126792420,Vape / Vapeador Humo Azul Edicion Premiun / Plata/ White Peach Razz,Vape,DRA. VAPES COLOMBIA,Vape,Tabaco,N/A,1 UND,40000,40000,0%,40000/und,https://www.rappi.com.co/search?query=vape,Tienda Rappi: DRA. VAPES COLOMBIA (HM) | Zona: Centro / Candelaria / Macarena
900415679_2126247058,Vape Fume Oxyra Edicion Especial 60.000 Puffs Winter Mint,Vape,DRA. VAPES COLOMBIA,Vape,Tabaco,N/A,1 UND,84000,84000,0%,84000/und,https://www.rappi.com.co/search?query=vape,Tienda Rappi: DRA. VAPES COLOMBIA (HM) | Zona: Centro / Candelaria / Macarena
900415679_2126401487,Vape Solobar Challenger 30k Puffs /peach Berry Ice,Vape,DRA. VAPES COLOMBIA,Vape,Tabaco,N/A,1 UND,33000,33000,0%,33000/und,https://www.rappi.com.co/search?query=vape,Tienda Rappi: DRA. VAPES COLOMBIA (HM) | Zona: Centro / Candelaria / Macarena
900415679_2126401553,Vape Solobar Challenger 30k Puffs / Juicy Peach,Vape,DRA. VAPES COLOMBIA,Vape,Tabaco,N/A,1 UND,33000,33000,0%,33000/und,https://www.rappi.com.co/search?query=vape,Tienda Rappi: DRA. VAPES COLOMBIA (HM) | Zona: Centro / Candelaria / Macarena
900415679_2126600799,Vape Pulse X Podz 30000 Puffs Sabor Strawberry Mango,Vape,DRA. VAPES COLOMBIA,Vape,Tabaco,N/A,1 UND,34000,34000,0%,34000/und,https://www.rappi.com.co/search?query=vape,Tienda Rappi: DRA. VAPES COLOMBIA (HM) | Zona: Centro / Candelaria / Macarena
900415679_2126325023,Vape Pulse Cookies 15000 Puffs Edicion Especial / Strawberry Watermelon,Vape,DRA. VAPES COLOMBIA,Vape,Tabaco,N/A,1 UND,34000,34000,0%,34000/und,https://www.rappi.com.co/search?query=vape,Tienda Rappi: DRA. VAPES COLOMBIA (HM) | Zona: Centro / Candelaria / Macarena
900415679_2126141141,Vape Olit Hookalit Dtl 35000 Puff Desechable Lush,Vape,DRA. VAPES COLOMBIA,Vape,Tabaco,N/A,1 UND,37000,37000,0%,37000/und,https://www.rappi.com.co/search?query=vape,Tienda Rappi: DRA. VAPES COLOMBIA (HM) | Zona: Centro / Candelaria / Macarena
900415679_2126600780,Vape Pulse X Podz 30000 Puffs Sabor Mexico Mango,Vape,DRA. VAPES COLOMBIA,Vape,Tabaco,N/A,1 UND,34000,34000,0%,34000/und,https://www.rappi.com.co/search?query=vape,Tienda Rappi: DRA. VAPES COLOMBIA (HM) | Zona: Centro / Candelaria / Macarena
900415679_2126401513,Vape Solobar Challenger 30k Puffs /orange,Vape,DRA. VAPES COLOMBIA,Vape,Tabaco,N/A,1 UND,33000,33000,0%,33000/und,https://www.rappi.com.co/search?query=vape,Tienda Rappi: DRA. VAPES COLOMBIA (HM) | Zona: Centro / Candelaria / Macarena
900415679_2126386858,Vape Hyve Vapetasia 50especial00 Puff / Strawberry Apple Lemonadeedicion,Vape,DRA. VAPES COLOMBIA,Vape,Tabaco,N/A,1 UND,11000,11000,0%,11000/und,https://www.rappi.com.co/search?query=vape,Tienda Rappi: DRA. VAPES COLOMBIA (HM) | Zona: Centro / Candelaria / Macarena
900415679_2126600811,Vape Pulse X Podz 30000 Puffs Sabor Miami Mint,Vape,DRA. VAPES COLOMBIA,Vape,Tabaco,N/A,1 UND,34000,34000,0%,34000/und,https://www.rappi.com.co/search?query=vape,Tienda Rappi: DRA. VAPES COLOMBIA (HM) | Zona: Centro / Candelaria / Macarena
900415679_2126401659,Vape Solobar Challenger 30k Puffs / Cherry Cola,Vape,DRA. VAPES COLOMBIA,Vape,Tabaco,N/A,1 UND,33000,33000,0%,33000/und,https://www.rappi.com.co/search?query=vape,Tienda Rappi: DRA. VAPES COLOMBIA (HM) | Zona: Centro / Candelaria / Macarena
900415679_2126756602,Vape Yovo Starwalk | Touch Screen 40000 Puff / Triple Berry,Vape,DRA. VAPES COLOMBIA,Vape,Tabaco,N/A,1 UND,42000,42000,0%,42000/und,https://www.rappi.com.co/search?query=vape,Tienda Rappi: DRA. VAPES COLOMBIA (HM) | Zona: Centro / Candelaria / Macarena
900415679_2126325051,Vape Pulse Cookies 15000 Puffs Edicion Especial /watermelon Lemonade,Vape,DRA. VAPES COLOMBIA,Vape,Tabaco,N/A,1 UND,34000,34000,0%,34000/und,https://www.rappi.com.co/search?query=vape,Tienda Rappi: DRA. VAPES COLOMBIA (HM) | Zona: Centro / Candelaria / Macarena
900415679_2126600785,Vape Pulse X Podz 30000 Puffs Sabor Watermelon Ice,Vape,DRA. VAPES COLOMBIA,Vape,Tabaco,N/A,1 UND,34000,34000,0%,34000/und,https://www.rappi.com.co/search?query=vape,Tienda Rappi: DRA. VAPES COLOMBIA (HM) | Zona: Centro / Candelaria / Macarena
900415679_2126141153,Vape Mtrx 12000puffs Grape Lemon,Vape,DRA. VAPES COLOMBIA,Vape,Tabaco,N/A,1 UND,24000,24000,0%,24000/und,https://www.rappi.com.co/search?query=vape,Tienda Rappi: DRA. VAPES COLOMBIA (HM) | Zona: Centro / Candelaria / Macarena
900462883_2126690313,Vapeador Viral 9.000 Puffs Watermelon Straw,Vapeador,CLOUDHOME VAPES CREW,Vapeador,Tabaco,N/A,1 UND,19000,19000,0%,19000/und,https://www.rappi.com.co/search?query=vapeador,Tienda Rappi: CLOUDHOME VAPES CREW (Glu Shop) | Zona: Centro / Candelaria / Macarena
900462883_2126552118,Vapeador Viral 9.000 Puffs Blue Razz,Vapeador,CLOUDHOME VAPES CREW,Vapeador,Tabaco,N/A,1 UND,19000,18050,5%,18050/und,https://www.rappi.com.co/search?query=vapeador,Tienda Rappi: CLOUDHOME VAPES CREW (Glu Shop) | Zona: Centro / Candelaria / Macarena
900462883_2126552120,Vapeador Viral 9.000 Puffs Apple Skittles,Vapeador,CLOUDHOME VAPES CREW,Vapeador,Tabaco,N/A,1 UND,19000,18050,5%,18050/und,https://www.rappi.com.co/search?query=vapeador,Tienda Rappi: CLOUDHOME VAPES CREW (Glu Shop) | Zona: Centro / Candelaria / Macarena
900462883_2125808276,Vape Twin Barrel 8000 Puffs Mango Ice Edicion Navidad,Vape,CLOUDHOME VAPES CREW,Vapeador,Tabaco,N/A,1 UND,19000,19000,0%,19000/und,https://www.rappi.com.co/search?query=vapeador,Tienda Rappi: CLOUDHOME VAPES CREW (Glu Shop) | Zona: Centro / Candelaria / Macarena
900462883_2125808303,Vape Twin Barrel 8000 Puffs Mangosteen Edicion Navidad,Vape,CLOUDHOME VAPES CREW,Vapeador,Tabaco,N/A,1 UND,19000,19000,0%,19000/und,https://www.rappi.com.co/search?query=vapeador,Tienda Rappi: CLOUDHOME VAPES CREW (Glu Shop) | Zona: Centro / Candelaria / Macarena
900462883_2126251016,Vape Moti Play Bar 8000 Puffs Edicion New Pomelo Grape,Vape,CLOUDHOME VAPES CREW,Vapeador,Tabaco,N/A,1 UND,16000,16000,0%,16000/und,https://www.rappi.com.co/search?query=vapeador,Tienda Rappi: CLOUDHOME VAPES CREW (Glu Shop) | Zona: Centro / Candelaria / Macarena
900462883_2126325045,Vape Pulse Cookies 15000 Puffs Edicion Especial /black Ice,Vape,CLOUDHOME VAPES CREW,Vapeador,Tabaco,N/A,1 UND,25000,25000,0%,25000/und,https://www.rappi.com.co/search?query=vapeador,Tienda Rappi: CLOUDHOME VAPES CREW (Glu Shop) | Zona: Centro / Candelaria / Macarena
900462883_2126600743,Vape Ignite V50 5000 Puffs Sabor Aloe Grape,Ignite,CLOUDHOME VAPES CREW,Vapeador,Tabaco,N/A,1 UND,15000,15000,0%,15000/und,https://www.rappi.com.co/search?query=vapeador,Tienda Rappi: CLOUDHOME VAPES CREW (Glu Shop) | Zona: Centro / Candelaria / Macarena
900462883_2126600758,Vape Ignite V50 5000 Puffs Sabor Blueberry Ice,Ignite,CLOUDHOME VAPES CREW,Vapeador,Tabaco,N/A,1 UND,15000,15000,0%,15000/und,https://www.rappi.com.co/search?query=vapeador,Tienda Rappi: CLOUDHOME VAPES CREW (Glu Shop) | Zona: Centro / Candelaria / Macarena
900462883_2126552175,Vapeador Elux Cybrover 18k/ Confusion Edicion Deluxe,Vapeador,CLOUDHOME VAPES CREW,Vapo,Tabaco,N/A,1 UND,35000,35000,0%,35000/und,https://www.rappi.com.co/search?query=vapo,Tienda Rappi: CLOUDHOME VAPES CREW (Glu Shop) | Zona: Centro / Candelaria / Macarena
900462883_2126600838,Vape Glucloud Sandia Xl+ 5% Nicotina,Vape,CLOUDHOME VAPES CREW,Vapo,Tabaco,N/A,1 UND,48000,48000,0%,48000/und,https://www.rappi.com.co/search?query=vapo,Tienda Rappi: CLOUDHOME VAPES CREW (Glu Shop) | Zona: Centro / Candelaria / Macarena
900462883_2126792387,Vape / Vapeador Humo Azul Edicion Premiun / Plata/ White Peach Razz,Vape,CLOUDHOME VAPES CREW,Vapo,Tabaco,N/A,1 UND,40000,40000,0%,40000/und,https://www.rappi.com.co/search?query=vapo,Tienda Rappi: CLOUDHOME VAPES CREW (Glu Shop) | Zona: Centro / Candelaria / Macarena
900462883_2126552162,Vapeador Elux Cybrover 18k/ Summer Love Edicion Deluxe,Vapeador,CLOUDHOME VAPES CREW,Vapo,Tabaco,N/A,1 UND,35000,35000,0%,35000/und,https://www.rappi.com.co/search?query=vapo,Tienda Rappi: CLOUDHOME VAPES CREW (Glu Shop) | Zona: Centro / Candelaria / Macarena
900462883_2126690235,Vape Smok Spaceman Nebula 25k /gummy Peach / Linea Americana Premiun,Smok,CLOUDHOME VAPES CREW,Vapo,Tabaco,N/A,1 UND,27000,27000,0%,27000/und,https://www.rappi.com.co/search?query=vapo,Tienda Rappi: CLOUDHOME VAPES CREW (Glu Shop) | Zona: Centro / Candelaria / Macarena
900462883_2125605248,Vape Mtrx 12000puff -mango Peach,Vape,CLOUDHOME VAPES CREW,Vapo,Tabaco,N/A,1 UND,19500,19500,0%,19500/und,https://www.rappi.com.co/search?query=vapo,Tienda Rappi: CLOUDHOME VAPES CREW (Glu Shop) | Zona: Centro / Candelaria / Macarena
900462883_2126600784,Vape Pulse X Podz 30000 Puffs Sabor Watermelon Ice,Vape,CLOUDHOME VAPES CREW,Elf bar,Tabaco,N/A,1 UND,32000,32000,0%,32000/und,https://www.rappi.com.co/search?query=elf%20bar,Tienda Rappi: CLOUDHOME VAPES CREW (Glu Shop) | Zona: Centro / Candelaria / Macarena
900462883_2126249576,Vape Elf Pro 40.000 Puffs Edicion Espcecial Watermelon Ice,Vape,CLOUDHOME VAPES CREW,Elf bar,Tabaco,N/A,1 UND,55000,55000,0%,55000/und,https://www.rappi.com.co/search?query=elf%20bar,Tienda Rappi: CLOUDHOME VAPES CREW (Glu Shop) | Zona: Centro / Candelaria / Macarena
900462883_2126325022,Vape Pulse Cookies 15000 Puffs Edicion Especial / Strawberry Watermelon,Vape,CLOUDHOME VAPES CREW,Elf bar,Tabaco,N/A,1 UND,25000,25000,0%,25000/und,https://www.rappi.com.co/search?query=elf%20bar,Tienda Rappi: CLOUDHOME VAPES CREW (Glu Shop) | Zona: Centro / Candelaria / Macarena
900462883_2126401429,Vape Solobar Challenger 30k Puffs /watermelon Ice,Vape,CLOUDHOME VAPES CREW,Elf bar,Tabaco,N/A,1 UND,30500,30500,0%,30500/und,https://www.rappi.com.co/search?query=elf%20bar,Tienda Rappi: CLOUDHOME VAPES CREW (Glu Shop) | Zona: Centro / Candelaria / Macarena
900462883_2126249606,Vape Elf Pro 40.000 Puffs Edicion Espcecials Strawberry Watermelon,Vape,CLOUDHOME VAPES CREW,Elf bar,Tabaco,N/A,1 UND,55000,55000,0%,55000/und,https://www.rappi.com.co/search?query=elf%20bar,Tienda Rappi: CLOUDHOME VAPES CREW (Glu Shop) | Zona: Centro / Candelaria / Macarena
900462883_2126325050,Vape Pulse Cookies 15000 Puffs Edicion Especial /watermelon Lemonade,Vape,CLOUDHOME VAPES CREW,Elf bar,Tabaco,N/A,1 UND,25000,25000,0%,25000/und,https://www.rappi.com.co/search?query=elf%20bar,Tienda Rappi: CLOUDHOME VAPES CREW (Glu Shop) | Zona: Centro / Candelaria / Macarena
900462883_2126690286,Vape Smok Spaceman Sp50000 50k Puffs 5% Nic. - Juicy Peach Watermelon / Edicion Americana,Smok,CLOUDHOME VAPES CREW,Elf bar,Tabaco,N/A,1 UND,37000,37000,0%,37000/und,https://www.rappi.com.co/search?query=elf%20bar,Tienda Rappi: CLOUDHOME VAPES CREW (Glu Shop) | Zona: Centro / Candelaria / Macarena
900462883_2126401196,Vape Solobar Defender 40k Puffs /mix Strawberry Y Watermelon Ice / Vape Doble Sabor,Vape,CLOUDHOME VAPES CREW,Elf bar,Tabaco,N/A,1 UND,34000,34000,0%,34000/und,https://www.rappi.com.co/search?query=elf%20bar,Tienda Rappi: CLOUDHOME VAPES CREW (Glu Shop) | Zona: Centro / Candelaria / Macarena
900462883_2126600804,Vape Pulse X Podz 30000 Puffs Sabor Blueberry Watermelon,Vape,CLOUDHOME VAPES CREW,Elf bar,Tabaco,N/A,1 UND,32000,32000,0%,32000/und,https://www.rappi.com.co/search?query=elf%20bar,Tienda Rappi: CLOUDHOME VAPES CREW (Glu Shop) | Zona: Centro / Candelaria / Macarena
900462883_2126739811,Vape Premiun Suonon Donete 50k Puffs - Watermelon Ice,Vape,CLOUDHOME VAPES CREW,Elf bar,Tabaco,N/A,1 UND,40000,40000,0%,40000/und,https://www.rappi.com.co/search?query=elf%20bar,Tienda Rappi: CLOUDHOME VAPES CREW (Glu Shop) | Zona: Centro / Candelaria / Macarena
900462883_2126600792,Vape Pulse X Podz 30000 Puffs Sabor Juicy Peach Ice,Vape,CLOUDHOME VAPES CREW,Elf bar,Tabaco,N/A,1 UND,32000,32000,0%,32000/und,https://www.rappi.com.co/search?query=elf%20bar,Tienda Rappi: CLOUDHOME VAPES CREW (Glu Shop) | Zona: Centro / Candelaria / Macarena
900415679_2126600793,Vape Pulse X Podz 30000 Puffs Sabor Juicy Peach Ice,Vape,DRA. VAPES COLOMBIA,Elf bar,Tabaco,N/A,1 UND,34000,34000,0%,34000/und,https://www.rappi.com.co/search?query=elf%20bar,Tienda Rappi: DRA. VAPES COLOMBIA (HM) | Zona: Centro / Candelaria / Macarena
900415679_2126600806,Vape Pulse X Podz 30000 Puffs Sabor Blueberry Watermelon,Vape,DRA. VAPES COLOMBIA,Elf bar,Tabaco,N/A,1 UND,34000,34000,0%,34000/und,https://www.rappi.com.co/search?query=elf%20bar,Tienda Rappi: DRA. VAPES COLOMBIA (HM) | Zona: Centro / Candelaria / Macarena
900415679_2126249580,Vape Elf Pro 40.000 Puffs Edicion Espcecial Watermelon Ice,Vape,DRA. VAPES COLOMBIA,Elf bar,Tabaco,N/A,1 UND,65000,65000,0%,65000/und,https://www.rappi.com.co/search?query=elf%20bar,Tienda Rappi: DRA. VAPES COLOMBIA (HM) | Zona: Centro / Candelaria / Macarena
900415679_2126401446,Vape Solobar Challenger 30k Puffs /watermelon Ice,Vape,DRA. VAPES COLOMBIA,Elf bar,Tabaco,N/A,1 UND,33000,33000,0%,33000/und,https://www.rappi.com.co/search?query=elf%20bar,Tienda Rappi: DRA. VAPES COLOMBIA (HM) | Zona: Centro / Candelaria / Macarena
900415679_2126249613,Vape Elf Pro 40.000 Puffs Edicion Espcecials Strawberry Watermelon,Vape,DRA. VAPES COLOMBIA,Elf bar,Tabaco,N/A,1 UND,65000,65000,0%,65000/und,https://www.rappi.com.co/search?query=elf%20bar,Tienda Rappi: DRA. VAPES COLOMBIA (HM) | Zona: Centro / Candelaria / Macarena
900415679_2126739823,Vape Premiun Suonon Donete 50k Puffs - Watermelon Ice,Vape,DRA. VAPES COLOMBIA,Elf bar,Tabaco,N/A,1 UND,40000,40000,0%,40000/und,https://www.rappi.com.co/search?query=elf%20bar,Tienda Rappi: DRA. VAPES COLOMBIA (HM) | Zona: Centro / Candelaria / Macarena
900415679_2126251021,Vape Moti Play Bar 8000 Puffs Edicion New Pomelo Grape,Vape,DRA. VAPES COLOMBIA,Elf bar,Tabaco,N/A,1 UND,19500,19500,0%,19500/und,https://www.rappi.com.co/search?query=elf%20bar,Tienda Rappi: DRA. VAPES COLOMBIA (HM) | Zona: Centro / Candelaria / Macarena
900415679_2126600760,Vape Ignite V50 5000 Puffs Sabor Blueberry Ice,Ignite,DRA. VAPES COLOMBIA,Elf bar,Tabaco,N/A,1 UND,18000,18000,0%,18000/und,https://www.rappi.com.co/search?query=elf%20bar,Tienda Rappi: DRA. VAPES COLOMBIA (HM) | Zona: Centro / Candelaria / Macarena
900415679_2126401199,Vape Solobar Defender 40k Puffs /mix Strawberry Y Watermelon Ice / Vape Doble Sabor,Vape,DRA. VAPES COLOMBIA,Elf bar,Tabaco,N/A,1 UND,38000,38000,0%,38000/und,https://www.rappi.com.co/search?query=elf%20bar,Tienda Rappi: DRA. VAPES COLOMBIA (HM) | Zona: Centro / Candelaria / Macarena
900415679_2126600765,Vape Ignite V50 5000 Puffs Sabor Strawberry Mango,Ignite,DRA. VAPES COLOMBIA,Elf bar,Tabaco,N/A,1 UND,18000,18000,0%,18000/und,https://www.rappi.com.co/search?query=elf%20bar,Tienda Rappi: DRA. VAPES COLOMBIA (HM) | Zona: Centro / Candelaria / Macarena
900415679_2126325041,Vape Pulse Cookies 15000 Puffs Edicion Especial /piña Colada,Vape,DRA. VAPES COLOMBIA,Elf bar,Tabaco,N/A,1 UND,34000,34000,0%,34000/und,https://www.rappi.com.co/search?query=elf%20bar,Tienda Rappi: DRA. VAPES COLOMBIA (HM) | Zona: Centro / Candelaria / Macarena
900415679_2126141146,Dummy Vapes 3% Nicotine Salt E-liquid – 30ml Watermelon,Dummy,DRA. VAPES COLOMBIA,Elf bar,Tabaco,N/A,1 UND,35000,35000,0%,35000/und,https://www.rappi.com.co/search?query=elf%20bar,Tienda Rappi: DRA. VAPES COLOMBIA (HM) | Zona: Centro / Candelaria / Macarena
900462883_2126600764,Vape Ignite V50 5000 Puffs Sabor Strawberry Mango,Ignite,CLOUDHOME VAPES CREW,Ignite,Tabaco,N/A,1 UND,15000,15000,0%,15000/und,https://www.rappi.com.co/search?query=ignite,Tienda Rappi: CLOUDHOME VAPES CREW (Glu Shop) | Zona: Centro / Candelaria / Macarena
900462883_2126600732,Vape Ignite V50 5000 Puffs Sabor Blue Raspberry Ice,Ignite,CLOUDHOME VAPES CREW,Ignite,Tabaco,N/A,1 UND,15000,15000,0%,15000/und,https://www.rappi.com.co/search?query=ignite,Tienda Rappi: CLOUDHOME VAPES CREW (Glu Shop) | Zona: Centro / Candelaria / Macarena
900462883_2126600753,Vape Ignite V50 5000 Puffs Sabor Banana Ice,Ignite,CLOUDHOME VAPES CREW,Ignite,Tabaco,N/A,1 UND,15000,15000,0%,15000/und,https://www.rappi.com.co/search?query=ignite,Tienda Rappi: CLOUDHOME VAPES CREW (Glu Shop) | Zona: Centro / Candelaria / Macarena
900462883_2126600738,Vape Ignite V50 5000 Puffs Sabor Peach Rasperry,Ignite,CLOUDHOME VAPES CREW,Ignite,Tabaco,N/A,1 UND,15000,15000,0%,15000/und,https://www.rappi.com.co/search?query=ignite,Tienda Rappi: CLOUDHOME VAPES CREW (Glu Shop) | Zona: Centro / Candelaria / Macarena
900462883_2126739505,Vape Premiun Suonon Donete 50k Puffs - Mango Mighty,Vape,CLOUDHOME VAPES CREW,Ignite,Tabaco,N/A,1 UND,40000,40000,0%,40000/und,https://www.rappi.com.co/search?query=ignite,Tienda Rappi: CLOUDHOME VAPES CREW (Glu Shop) | Zona: Centro / Candelaria / Macarena
900462883_2126481394,Vape Dozo Torch Disposable 2.5 Gr Sapineapple Fruz,Vape,CLOUDHOME VAPES CREW,Ignite,Tabaco,N/A,1 UND,70000,70000,0%,70000/und,https://www.rappi.com.co/search?query=ignite,Tienda Rappi: CLOUDHOME VAPES CREW (Glu Shop) | Zona: Centro / Candelaria / Macarena
900462883_2126739596,Vape Premiun Suonon Donete 50k Puffs - Dragon Razz,Vape,CLOUDHOME VAPES CREW,Ignite,Tabaco,N/A,1 UND,40000,40000,0%,40000/und,https://www.rappi.com.co/search?query=ignite,Tienda Rappi: CLOUDHOME VAPES CREW (Glu Shop) | Zona: Centro / Candelaria / Macarena
900462883_2126307457,Vape Escobars 3grms P.k.o Indi,Vape,CLOUDHOME VAPES CREW,Ignite,Tabaco,N/A,1 UND,85000,85000,0%,85000/und,https://www.rappi.com.co/search?query=ignite,Tienda Rappi: CLOUDHOME VAPES CREW (Glu Shop) | Zona: Centro / Candelaria / Macarena
900462883_2125935391,Vape Death Row By Snoop Dogg 2000 Puff 2% Nicotina Kiwi Strawberry,Vape,CLOUDHOME VAPES CREW,Ignite,Tabaco,N/A,1 UND,11400,11400,0%,11400/und,https://www.rappi.com.co/search?query=ignite,Tienda Rappi: CLOUDHOME VAPES CREW (Glu Shop) | Zona: Centro / Candelaria / Macarena
900462883_2125935395,Vape Death Row By Snoop Dogg 2000 Puff 2% Nicotina Mango Grape,Vape,CLOUDHOME VAPES CREW,Ignite,Tabaco,N/A,1 UND,11400,11400,0%,11400/und,https://www.rappi.com.co/search?query=ignite,Tienda Rappi: CLOUDHOME VAPES CREW (Glu Shop) | Zona: Centro / Candelaria / Macarena
900462883_2126690672,Vape Hyde Iq Pod Juice / Pride Rainbow Freeze / 5k,Vape,CLOUDHOME VAPES CREW,Ignite,Tabaco,N/A,1 UND,8500,8500,0%,8500/und,https://www.rappi.com.co/search?query=ignite,Tienda Rappi: CLOUDHOME VAPES CREW (Glu Shop) | Zona: Centro / Candelaria / Macarena
900462883_2126739347,Vape Premiun Suonon Donete 50k Puffs -blue Razz Ice,Vape,CLOUDHOME VAPES CREW,Ignite,Tabaco,N/A,1 UND,40000,40000,0%,40000/und,https://www.rappi.com.co/search?query=ignite,Tienda Rappi: CLOUDHOME VAPES CREW (Glu Shop) | Zona: Centro / Candelaria / Macarena
900462883_2126739411,Vape Premiun Suonon Donete 50k Puffs -freezy Piña Colada,Vape,CLOUDHOME VAPES CREW,Ignite,Tabaco,N/A,1 UND,40000,40000,0%,40000/und,https://www.rappi.com.co/search?query=ignite,Tienda Rappi: CLOUDHOME VAPES CREW (Glu Shop) | Zona: Centro / Candelaria / Macarena
900462883_2126383989,Glucloud Vape Mango Indi / 8000 Puff,Glucloud,CLOUDHOME VAPES CREW,Ignite,Tabaco,N/A,1 UND,65000,65000,0%,65000/und,https://www.rappi.com.co/search?query=ignite,Tienda Rappi: CLOUDHOME VAPES CREW (Glu Shop) | Zona: Centro / Candelaria / Macarena
900462883_2126481211,Vape Dozo Torch Disposable 2.5 Gr Sa Cherry Gelato,Vape,CLOUDHOME VAPES CREW,Ignite,Tabaco,N/A,1 UND,70000,70000,0%,70000/und,https://www.rappi.com.co/search?query=ignite,Tienda Rappi: CLOUDHOME VAPES CREW (Glu Shop) | Zona: Centro / Candelaria / Macarena
900462883_2126552115,Vapeador Viral 9.000 Puffs Blueberry Marsmellow,Vapeador,CLOUDHOME VAPES CREW,Geek bar,Tabaco,N/A,1 UND,19000,18050,5%,18050/und,https://www.rappi.com.co/search?query=geek%20bar,Tienda Rappi: CLOUDHOME VAPES CREW (Glu Shop) | Zona: Centro / Candelaria / Macarena
900462883_2126325039,Vape Pulse Cookies 15000 Puffs Edicion Especial /piña Colada,Vape,CLOUDHOME VAPES CREW,Geek bar,Tabaco,N/A,1 UND,25000,25000,0%,25000/und,https://www.rappi.com.co/search?query=geek%20bar,Tienda Rappi: CLOUDHOME VAPES CREW (Glu Shop) | Zona: Centro / Candelaria / Macarena
900462883_2126739328,Vape Premiun Suonon Donete 50k Puffs -blueberry Watermelon,Vape,CLOUDHOME VAPES CREW,Geek bar,Tabaco,N/A,1 UND,40000,40000,0%,40000/und,https://www.rappi.com.co/search?query=geek%20bar,Tienda Rappi: CLOUDHOME VAPES CREW (Glu Shop) | Zona: Centro / Candelaria / Macarena
900462883_2126552127,Vapeador Viral 9.000 Puffs Blue Banana,Vapeador,CLOUDHOME VAPES CREW,Geek bar,Tabaco,N/A,1 UND,19000,18050,5%,18050/und,https://www.rappi.com.co/search?query=geek%20bar,Tienda Rappi: CLOUDHOME VAPES CREW (Glu Shop) | Zona: Centro / Candelaria / Macarena
900462883_2126687658,Disposable Vape Citrus Rush Nexa Pix 35k / Edicion Limitada,Disposable,CLOUDHOME VAPES CREW,Pod,Tabaco,N/A,1 UND,40000,40000,0%,40000/und,https://www.rappi.com.co/search?query=pod,Tienda Rappi: CLOUDHOME VAPES CREW (Glu Shop) | Zona: Centro / Candelaria / Macarena
900462883_2126689989,Disposable Vape Nexa Pix Juicy Peach 35k / Edicion Especial Vape Premiun,Disposable,CLOUDHOME VAPES CREW,Pod,Tabaco,N/A,1 UND,40000,40000,0%,40000/und,https://www.rappi.com.co/search?query=pod,Tienda Rappi: CLOUDHOME VAPES CREW (Glu Shop) | Zona: Centro / Candelaria / Macarena
900415679_2126141109,Vape North Ft 12000 Blueberry Pomegranate Edicion Dual Mesh Coi,Vape,DRA. VAPES COLOMBIA,Pod,Tabaco,N/A,1 UND,25000,25000,0%,25000/und,https://www.rappi.com.co/search?query=pod,Tienda Rappi: DRA. VAPES COLOMBIA (HM) | Zona: Centro / Candelaria / Macarena
900415679_2125845756,Vape Moti 9500 Puff Dual Mesh Passion Fruit Edicion Especial,Vape,DRA. VAPES COLOMBIA,Pod,Tabaco,N/A,1 UND,19000,19000,0%,19000/und,https://www.rappi.com.co/search?query=pod,Tienda Rappi: DRA. VAPES COLOMBIA (HM) | Zona: Centro / Candelaria / Macarena
900462883_2126401508,Vape Solobar Challenger 30k Puffs /orange,Vape,CLOUDHOME VAPES CREW,E-liquid,Tabaco,N/A,1 UND,30500,30500,0%,30500/und,https://www.rappi.com.co/search?query=e-liquid,Tienda Rappi: CLOUDHOME VAPES CREW (Glu Shop) | Zona: Centro / Candelaria / Macarena
900462883_2126401485,Vape Solobar Challenger 30k Puffs /peach Berry Ice,Vape,CLOUDHOME VAPES CREW,E-liquid,Tabaco,N/A,1 UND,30500,30500,0%,30500/und,https://www.rappi.com.co/search?query=e-liquid,Tienda Rappi: CLOUDHOME VAPES CREW (Glu Shop) | Zona: Centro / Candelaria / Macarena
900462883_2126690668,Vape Hyde Iq Pod Juice / Kiwi Apple Pomberry / 5k,Vape,CLOUDHOME VAPES CREW,E-liquid,Tabaco,N/A,1 UND,8500,8500,0%,8500/und,https://www.rappi.com.co/search?query=e-liquid,Tienda Rappi: CLOUDHOME VAPES CREW (Glu Shop) | Zona: Centro / Candelaria / Macarena
900462883_2126401279,Vape Solobar Defender 40k Puffs /mix Banana Y Strawberry / Vape Doble Sabor,Vape,CLOUDHOME VAPES CREW,E-liquid,Tabaco,N/A,1 UND,34000,34000,0%,34000/und,https://www.rappi.com.co/search?query=e-liquid,Tienda Rappi: CLOUDHOME VAPES CREW (Glu Shop) | Zona: Centro / Candelaria / Macarena
900415679_2126401285,Vape Solobar Defender 40k Puffs /mix Banana Y Strawberry / Vape Doble Sabor,Vape,DRA. VAPES COLOMBIA,Sales de nicotina,Tabaco,N/A,1 UND,38000,38000,0%,38000/und,https://www.rappi.com.co/search?query=sales%20de%20nicotina,Tienda Rappi: DRA. VAPES COLOMBIA (HM) | Zona: Centro / Candelaria / Macarena
900415679_2126141145,Dummy Vapes 3% Nicotine Salt E-liquid – 30ml Grape,Dummy,DRA. VAPES COLOMBIA,Sales de nicotina,Tabaco,N/A,1 UND,35000,35000,0%,35000/und,https://www.rappi.com.co/search?query=sales%20de%20nicotina,Tienda Rappi: DRA. VAPES COLOMBIA (HM) | Zona: Centro / Candelaria / Macarena
900415679_2126141144,Dummy Vapes 3% Nicotine Salt E-liquid – 30ml Fizzy Lemon,Dummy,DRA. VAPES COLOMBIA,Sales de nicotina,Tabaco,N/A,1 UND,35000,35000,0%,35000/und,https://www.rappi.com.co/search?query=sales%20de%20nicotina,Tienda Rappi: DRA. VAPES COLOMBIA (HM) | Zona: Centro / Candelaria / Macarena
900415679_2126401369,Vape Solobar Challenger 30k Puffs /blue Razz Ice,Vape,DRA. VAPES COLOMBIA,Sales de nicotina,Tabaco,N/A,1 UND,33000,33000,0%,33000/und,https://www.rappi.com.co/search?query=sales%20de%20nicotina,Tienda Rappi: DRA. VAPES COLOMBIA (HM) | Zona: Centro / Candelaria / Macarena
900415679_2126141082,Vape Lost Mary Os5000 Strawberry Mango Edicion Luxury 5% Nicotina,Lost Mary,DRA. VAPES COLOMBIA,Sales de nicotina,Tabaco,N/A,1 UND,21000,21000,0%,21000/und,https://www.rappi.com.co/search?query=sales%20de%20nicotina,Tienda Rappi: DRA. VAPES COLOMBIA (HM) | Zona: Centro / Candelaria / Macarena
900462883_2126122883,Dummy Vapes 3% Nicotine Salt E-liquid – 30ml Rainbow,Dummy,CLOUDHOME VAPES CREW,Sales de nicotina,Tabaco,N/A,1 UND,35000,35000,0%,35000/und,https://www.rappi.com.co/search?query=sales%20de%20nicotina,Tienda Rappi: CLOUDHOME VAPES CREW (Glu Shop) | Zona: Centro / Candelaria / Macarena
900462883_2126122881,Dummy Vapes 3% Nicotine Salt E-liquid – 30ml Watermelon,Dummy,CLOUDHOME VAPES CREW,Sales de nicotina,Tabaco,N/A,1 UND,35000,35000,0%,35000/und,https://www.rappi.com.co/search?query=sales%20de%20nicotina,Tienda Rappi: CLOUDHOME VAPES CREW (Glu Shop) | Zona: Centro / Candelaria / Macarena
900462883_2126401322,Vape Solobar Defender 40k Puffs /mix Watermelon Pineapple Ice / Vape Doble Sabor,Vape,CLOUDHOME VAPES CREW,Sales de nicotina,Tabaco,N/A,1 UND,34000,34000,0%,34000/und,https://www.rappi.com.co/search?query=sales%20de%20nicotina,Tienda Rappi: CLOUDHOME VAPES CREW (Glu Shop) | Zona: Centro / Candelaria / Macarena
900462883_2126122886,Dummy Vapes 3% Nicotine Salt E-liquid – 30ml Grape,Dummy,CLOUDHOME VAPES CREW,Sales de nicotina,Tabaco,N/A,1 UND,35000,35000,0%,35000/und,https://www.rappi.com.co/search?query=sales%20de%20nicotina,Tienda Rappi: CLOUDHOME VAPES CREW (Glu Shop) | Zona: Centro / Candelaria / Macarena
900462883_2126122890,Dummy Vapes 3% Nicotine Salt E-liquid – 30ml Fizzy Lemon,Dummy,CLOUDHOME VAPES CREW,Sales de nicotina,Tabaco,N/A,1 UND,35000,35000,0%,35000/und,https://www.rappi.com.co/search?query=sales%20de%20nicotina,Tienda Rappi: CLOUDHOME VAPES CREW (Glu Shop) | Zona: Centro / Candelaria / Macarena
900462883_2126690224,Vape Smok Spaceman Nebula 25k / Dragon Blue Razz/ Linea Americana Premiun,Smok,CLOUDHOME VAPES CREW,Smok,Tabaco,N/A,1 UND,27000,27000,0%,27000/und,https://www.rappi.com.co/search?query=smok,Tienda Rappi: CLOUDHOME VAPES CREW (Glu Shop) | Zona: Centro / Candelaria / Macarena
900462883_2126690095,Vape Smok Spaceman Nebula 25k / Straw Razz Cherry/ Linea Americana Premiun,Smok,CLOUDHOME VAPES CREW,Smok,Tabaco,N/A,1 UND,27000,27000,0%,27000/und,https://www.rappi.com.co/search?query=smok,Tienda Rappi: CLOUDHOME VAPES CREW (Glu Shop) | Zona: Centro / Candelaria / Macarena
900462883_2126690231,Vape Smok Spaceman Nebula 25k /triple Rasperry / Linea Americana Premiun,Smok,CLOUDHOME VAPES CREW,Smok,Tabaco,N/A,1 UND,27000,27000,0%,27000/und,https://www.rappi.com.co/search?query=smok,Tienda Rappi: CLOUDHOME VAPES CREW (Glu Shop) | Zona: Centro / Candelaria / Macarena
900462883_2126690279,Vape Smok Spaceman Nebula 25k /blue Peach Mango / Linea Americana Premiun,Smok,CLOUDHOME VAPES CREW,Smok,Tabaco,N/A,1 UND,27000,27000,0%,27000/und,https://www.rappi.com.co/search?query=smok,Tienda Rappi: CLOUDHOME VAPES CREW (Glu Shop) | Zona: Centro / Candelaria / Macarena
900462883_2126690242,Vape Smok Spaceman Nebula 25k /sour Grape / Linea Americana Premiun,Smok,CLOUDHOME VAPES CREW,Smok,Tabaco,N/A,1 UND,27000,27000,0%,27000/und,https://www.rappi.com.co/search?query=smok,Tienda Rappi: CLOUDHOME VAPES CREW (Glu Shop) | Zona: Centro / Candelaria / Macarena
900462883_2126690262,Vape Smok Spaceman Nebula 25k /blue Razz Tang/ Linea Americana Premiun,Smok,CLOUDHOME VAPES CREW,Smok,Tabaco,N/A,1 UND,27000,27000,0%,27000/und,https://www.rappi.com.co/search?query=smok,Tienda Rappi: CLOUDHOME VAPES CREW (Glu Shop) | Zona: Centro / Candelaria / Macarena
900462883_2125395667,Vapeador Death Row Snoop Dog 7000 Puff Mint Edicion Luxury,Vapeador,CLOUDHOME VAPES CREW,Smok,Tabaco,N/A,1 UND,15000,15000,0%,15000/und,https://www.rappi.com.co/search?query=smok,Tienda Rappi: CLOUDHOME VAPES CREW (Glu Shop) | Zona: Centro / Candelaria / Macarena
900462883_2126049084,Vape Lost Mary Mo5000 Kiwi Dragon Fruit Edicion Luxury 5% Nicotina,Lost Mary,CLOUDHOME VAPES CREW,Smok,Tabaco,N/A,1 UND,16500,16500,0%,16500/und,https://www.rappi.com.co/search?query=smok,Tienda Rappi: CLOUDHOME VAPES CREW (Glu Shop) | Zona: Centro / Candelaria / Macarena
900462883_2125395663,Vapeador Death Row Snoop Dog 7000 Puff Strawberry Watermelon Edicion Luxury,Vapeador,CLOUDHOME VAPES CREW,Smok,Tabaco,N/A,1 UND,15000,15000,0%,15000/und,https://www.rappi.com.co/search?query=smok,Tienda Rappi: CLOUDHOME VAPES CREW (Glu Shop) | Zona: Centro / Candelaria / Macarena
900462883_2125395666,Vapeador Death Row Snoop Dog 7000 Puff Rainbow Edicion Luxury,Vapeador,CLOUDHOME VAPES CREW,Smok,Tabaco,N/A,1 UND,15000,15000,0%,15000/und,https://www.rappi.com.co/search?query=smok,Tienda Rappi: CLOUDHOME VAPES CREW (Glu Shop) | Zona: Centro / Candelaria / Macarena
900462883_2125393089,Vapeador Death Row Snoop Dog 7000 Puff Strawberry Banana Edicion Luxury,Vapeador,CLOUDHOME VAPES CREW,Smok,Tabaco,N/A,1 UND,15000,15000,0%,15000/und,https://www.rappi.com.co/search?query=smok,Tienda Rappi: CLOUDHOME VAPES CREW (Glu Shop) | Zona: Centro / Candelaria / Macarena
900462883_2126250900,Vape Moti Play Bar 8000 Puffs Edicion New /cantaolupe Apple,Vape,CLOUDHOME VAPES CREW,Smok,Tabaco,N/A,1 UND,16000,16000,0%,16000/und,https://www.rappi.com.co/search?query=smok,Tienda Rappi: CLOUDHOME VAPES CREW (Glu Shop) | Zona: Centro / Candelaria / Macarena
900462883_2125395668,Vapeador Death Row Snoop Dog 7000 Puff Black Ice Edicion Luxury,Vapeador,CLOUDHOME VAPES CREW,Smok,Tabaco,N/A,1 UND,15000,15000,0%,15000/und,https://www.rappi.com.co/search?query=smok,Tienda Rappi: CLOUDHOME VAPES CREW (Glu Shop) | Zona: Centro / Candelaria / Macarena
900462883_2125808286,Vape Twin Barrel 8000 Puffs Apple Edicion Navidad,Vape,CLOUDHOME VAPES CREW,Smok,Tabaco,N/A,1 UND,19000,19000,0%,19000/und,https://www.rappi.com.co/search?query=smok,Tienda Rappi: CLOUDHOME VAPES CREW (Glu Shop) | Zona: Centro / Candelaria / Macarena
900462883_2125395662,Vapeador Death Row Snoop Dog 7000 Puff Fruit Punch Edicion Luxury,Vapeador,CLOUDHOME VAPES CREW,Smok,Tabaco,N/A,1 UND,15000,15000,0%,15000/und,https://www.rappi.com.co/search?query=smok,Tienda Rappi: CLOUDHOME VAPES CREW (Glu Shop) | Zona: Centro / Candelaria / Macarena
900462883_2126250741,Vape Tower Wiwi 100.000 Puffs Edicion Especial Black Ice,Vape,CLOUDHOME VAPES CREW,Iluma,Tabaco,N/A,1 UND,55000,55000,0%,55000/und,https://www.rappi.com.co/search?query=iluma,Tienda Rappi: CLOUDHOME VAPES CREW (Glu Shop) | Zona: Centro / Candelaria / Macarena
900462883_2126249591,Vape Elf Pro 40.000 Puffs Edicion Espcecial Black Ice,Vape,CLOUDHOME VAPES CREW,Iluma,Tabaco,N/A,1 UND,55000,55000,0%,55000/und,https://www.rappi.com.co/search?query=iluma,Tienda Rappi: CLOUDHOME VAPES CREW (Glu Shop) | Zona: Centro / Candelaria / Macarena
900462883_2126690706,Vape Hyde Iq /dr Dew / 5k,Vape,CLOUDHOME VAPES CREW,Iluma,Tabaco,N/A,1 UND,8500,8500,0%,8500/und,https://www.rappi.com.co/search?query=iluma,Tienda Rappi: CLOUDHOME VAPES CREW (Glu Shop) | Zona: Centro / Candelaria / Macarena
900462883_2126249545,Vape Elf Pro 40.000 Puffs Edicion Espcecial Miami Mint,Vape,CLOUDHOME VAPES CREW,Iluma,Tabaco,N/A,1 UND,55000,55000,0%,55000/und,https://www.rappi.com.co/search?query=iluma,Tienda Rappi: CLOUDHOME VAPES CREW (Glu Shop) | Zona: Centro / Candelaria / Macarena
900165860_2124583386,Cerveza Michelob Ultra Lata 269ml X6,Michelob,Turbo,Aguila light,Alcohol,N/A,269 ML,17800,15130,15%,56.25/ml,https://www.rappi.com.co/search?query=aguila%20light,Tienda Rappi: Turbo (Turbo Fresh) | Zona: Centro / Candelaria / Macarena
900165860_2123196020,Corona Cerveza Cero,Corona,Turbo,Aguila light,Alcohol,N/A,330 ML,26700,22695,15%,68.78/ml,https://www.rappi.com.co/search?query=aguila%20light,Tienda Rappi: Turbo (Turbo Fresh) | Zona: Centro / Candelaria / Macarena
900165860_2126484885,Combo Manitoba Macadamia Caramelo Sal + Aguila Cerveza 6 Und,Aguila,Turbo,Aguila light,Alcohol,N/A,1 COMBO,45000,45000,0%,45000/combo,https://www.rappi.com.co/search?query=aguila%20light,Tienda Rappi: Turbo (Turbo Fresh) | Zona: Centro / Candelaria / Macarena
900379388_2125240122,Aguila Light Cerveza Ligth Lata Six Pack,Aguila,El Deskorche,Aguila light,Alcohol,N/A,473 ML,33000,31350,5%,66.28/ml,https://www.rappi.com.co/search?query=aguila%20light,Tienda Rappi: El Deskorche (El Deskorche Licores) | Zona: Centro / Candelaria / Macarena
900379388_2126705631,Aguila Cerveza Clásica en Lata,Aguila,El Deskorche,Aguila light,Alcohol,N/A,473 ML,36000,32400,10%,68.50/ml,https://www.rappi.com.co/search?query=aguila%20light,Tienda Rappi: El Deskorche (El Deskorche Licores) | Zona: Centro / Candelaria / Macarena
900379388_2120432045,Aguila Cerveza Light,Aguila,El Deskorche,Aguila light,Alcohol,N/A,750 ML,8000,8000,0%,10.67/ml,https://www.rappi.com.co/search?query=aguila%20light,Tienda Rappi: El Deskorche (El Deskorche Licores) | Zona: Centro / Candelaria / Macarena
900379388_2124434646,Cerveza Andina Light - Six Pack Lata X 473 Ml (latón),Andina,El Deskorche,Aguila light,Alcohol,N/A,473 ML,30000,28500,5%,60.26/ml,https://www.rappi.com.co/search?query=aguila%20light,Tienda Rappi: El Deskorche (El Deskorche Licores) | Zona: Centro / Candelaria / Macarena
900379388_2126705630,Aguila Licor Cerveza.,Aguila,El Deskorche,Aguila light,Alcohol,N/A,473 ML,6000,6000,0%,12.69/ml,https://www.rappi.com.co/search?query=aguila%20light,Tienda Rappi: El Deskorche (El Deskorche Licores) | Zona: Centro / Candelaria / Macarena
900379388_2123877301,Cerveza Andina Six Pack Latón X 473,Andina,El Deskorche,Aguila light,Alcohol,N/A,473 ML,30000,28500,5%,60.26/ml,https://www.rappi.com.co/search?query=aguila%20light,Tienda Rappi: El Deskorche (El Deskorche Licores) | Zona: Centro / Candelaria / Macarena
900379388_2126667972,Modelo Especial Pack de Cerveza,Modelo,El Deskorche,Aguila light,Alcohol,N/A,355 ML,51000,48450,5%,136.48/ml,https://www.rappi.com.co/search?query=aguila%20light,Tienda Rappi: El Deskorche (El Deskorche Licores) | Zona: Centro / Candelaria / Macarena
900379388_2125132697,Cerveza Andina Dorada – Pack X12 Latas De 473 Ml,Andina,El Deskorche,Aguila light,Alcohol,N/A,473 ML,54000,51300,5%,108.46/ml,https://www.rappi.com.co/search?query=aguila%20light,Tienda Rappi: El Deskorche (El Deskorche Licores) | Zona: Centro / Candelaria / Macarena
900379388_2122746051,Cerveza Andina - Lata X 473 Ml (latón),Andina,El Deskorche,Aguila light,Alcohol,N/A,473 ML,5000,5000,0%,10.58/ml,https://www.rappi.com.co/search?query=aguila%20light,Tienda Rappi: El Deskorche (El Deskorche Licores) | Zona: Centro / Candelaria / Macarena
900423958_2125087196,Modelo Especial Pack de Cerveza,Modelo,Jumbo,Aguila light,Alcohol,N/A,355 ML,36000,36000,0%,101.41/ml,https://www.rappi.com.co/search?query=aguila%20light,Tienda Rappi: Jumbo (Jumbo Mt Mascotas) | Zona: Centro / Candelaria / Macarena
900423958_2124226155,Corona Cero Cerveza,Corona,Jumbo,Aguila light,Alcohol,N/A,330 ML,4400,4400,0%,13.34/ml,https://www.rappi.com.co/search?query=aguila%20light,Tienda Rappi: Jumbo (Jumbo Mt Mascotas) | Zona: Centro / Candelaria / Macarena
900423958_2126389290,Andina Cerveza Light,Andina,Jumbo,Aguila light,Alcohol,N/A,269 ML,13900,13900,0%,51.68/ml,https://www.rappi.com.co/search?query=aguila%20light,Tienda Rappi: Jumbo (Jumbo Mt Mascotas) | Zona: Centro / Candelaria / Macarena
900474579_2125986357,Aguardiente Blanco Del Valle Fiesta Sin Azucar,Blanco del Valle,Licores C & C,Aguardiente caucano,Alcohol,N/A,750 ML,70000,61600,12%,82.14/ml,https://www.rappi.com.co/search?query=aguardiente%20caucano,Tienda Rappi: Licores C & C (LICORES C Y C) | Zona: Centro / Candelaria / Macarena
900474579_2125986359,Aguardiente Blanco Del Valle Sin Azucar,Blanco del Valle,Licores C & C,Aguardiente caucano,Alcohol,N/A,750 ML,65000,61750,5%,82.34/ml,https://www.rappi.com.co/search?query=aguardiente%20caucano,Tienda Rappi: Licores C & C (LICORES C Y C) | Zona: Centro / Candelaria / Macarena
900474579_2126147729,Aguardiente Blanco Del Valle Caneca Sin Azúcar,Blanco del Valle,Licores C & C,Aguardiente caucano,Alcohol,N/A,375 ML,32000,29760,7%,79.36/ml,https://www.rappi.com.co/search?query=aguardiente%20caucano,Tienda Rappi: Licores C & C (LICORES C Y C) | Zona: Centro / Candelaria / Macarena
900474579_2126144572,Aguardiente Blanco Del Valle Tapa Azul,Blanco del Valle,Licores C & C,Aguardiente caucano,Alcohol,N/A,1750 ML,130000,110500,15%,63.15/ml,https://www.rappi.com.co/search?query=aguardiente%20caucano,Tienda Rappi: Licores C & C (LICORES C Y C) | Zona: Centro / Candelaria / Macarena
900474579_2126029632,Aguardiente Amarillo De Manzanares Sin Azucar,Amarillo de Manzanares,Licores C & C,Aguardiente caucano,Alcohol,N/A,750 ML,70000,66500,5%,88.67/ml,https://www.rappi.com.co/search?query=aguardiente%20caucano,Tienda Rappi: Licores C & C (LICORES C Y C) | Zona: Centro / Candelaria / Macarena
900457753_2091668637,Zacapa Ron 23 Centenario,Zacapa,La Rebaja,Zacapa,Alcohol,N/A,700 ML,291700,291700,0%,416.72/ml,https://www.rappi.com.co/search?query=zacapa,Tienda Rappi: La Rebaja (La Rebaja Licores) | Zona: Centro / Candelaria / Macarena
900462883_2126688952,Disposable Vape Nexa Pix Miami Mint 35k / Edicion Especial Vape Premiun,Disposable,CLOUDHOME VAPES CREW,Mentolados,Tabaco,N/A,1 UND,40000,40000,0%,40000/und,https://www.rappi.com.co/search?query=mentolados,Tienda Rappi: CLOUDHOME VAPES CREW (Glu Shop) | Zona: Suba / Niza / Colina
900415679_2126141083,Vape Lost Mary Mo5000 Kiwi Dragon Fruit Edicion Luxury 5% Nicotina,Lost Mary,DRA. VAPES COLOMBIA,Lost mary,Tabaco,N/A,1 UND,21000,21000,0%,21000/und,https://www.rappi.com.co/search?query=lost%20mary,Tienda Rappi: DRA. VAPES COLOMBIA (HM) | Zona: Suba / Niza / Colina
900415679_2126141073,Vape Lost Mary Os5000 Blue Razz Ice Edicion Luxury 5% Nicotina,Lost Mary,DRA. VAPES COLOMBIA,Lost mary,Tabaco,N/A,1 UND,21000,21000,0%,21000/und,https://www.rappi.com.co/search?query=lost%20mary,Tienda Rappi: DRA. VAPES COLOMBIA (HM) | Zona: Suba / Niza / Colina
900415679_2126141086,Vape Lost Mary Mo5000 Blueberry Edicion Luxury 5% Nicotina,Lost Mary,DRA. VAPES COLOMBIA,Lost mary,Tabaco,N/A,1 UND,21000,21000,0%,21000/und,https://www.rappi.com.co/search?query=lost%20mary,Tienda Rappi: DRA. VAPES COLOMBIA (HM) | Zona: Suba / Niza / Colina
900415679_2126141085,Vape Lost Mary Mo5000 Iced Peach Colada Edicion Luxury 5% Nicotina,Lost Mary,DRA. VAPES COLOMBIA,Lost mary,Tabaco,N/A,1 UND,21000,21000,0%,21000/und,https://www.rappi.com.co/search?query=lost%20mary,Tienda Rappi: DRA. VAPES COLOMBIA (HM) | Zona: Suba / Niza / Colina
900415679_2126141074,Vape Lost Mary Os5000 Blueberry Crush Edicion Luxury 5% Nicotina,Lost Mary,DRA. VAPES COLOMBIA,Lost mary,Tabaco,N/A,1 UND,21000,21000,0%,21000/und,https://www.rappi.com.co/search?query=lost%20mary,Tienda Rappi: DRA. VAPES COLOMBIA (HM) | Zona: Suba / Niza / Colina
900415679_2126141076,Vape Lost Mary Os5000 Blueberry Rasperry Edicion Luxury 5% Nicotina,Lost Mary,DRA. VAPES COLOMBIA,Lost mary,Tabaco,N/A,1 UND,21000,21000,0%,21000/und,https://www.rappi.com.co/search?query=lost%20mary,Tienda Rappi: DRA. VAPES COLOMBIA (HM) | Zona: Suba / Niza / Colina
900415679_2126141084,Vape Lost Mary Mo5000 Gami Edicion Luxury 5% Nicotina,Lost Mary,DRA. VAPES COLOMBIA,Lost mary,Tabaco,N/A,1 UND,21000,21000,0%,21000/und,https://www.rappi.com.co/search?query=lost%20mary,Tienda Rappi: DRA. VAPES COLOMBIA (HM) | Zona: Suba / Niza / Colina
900415679_2125808358,Lit Switch Vape Pod Grape 5000 Puffs,Lit,DRA. VAPES COLOMBIA,Lost mary,Tabaco,N/A,1 UND,20000,20000,0%,20000/und,https://www.rappi.com.co/search?query=lost%20mary,Tienda Rappi: DRA. VAPES COLOMBIA (HM) | Zona: Suba / Niza / Colina
900415679_2126386879,Vape Hyve Vapetasia 5000 Puff /mango Lemonade Edicion Especial,Vape,DRA. VAPES COLOMBIA,Lost mary,Tabaco,N/A,1 UND,11000,11000,0%,11000/und,https://www.rappi.com.co/search?query=lost%20mary,Tienda Rappi: DRA. VAPES COLOMBIA (HM) | Zona: Suba / Niza / Colina
900415679_2126387006,Vape Hyve Vapetasia 5000 Puff / Orange Pineapple Edicion Especial,Vape,DRA. VAPES COLOMBIA,Lost mary,Tabaco,N/A,1 UND,11000,11000,0%,11000/und,https://www.rappi.com.co/search?query=lost%20mary,Tienda Rappi: DRA. VAPES COLOMBIA (HM) | Zona: Suba / Niza / Colina
900415679_2126600744,Vape Ignite V50 5000 Puffs Sabor Aloe Grape,Ignite,DRA. VAPES COLOMBIA,Lost mary,Tabaco,N/A,1 UND,18000,18000,0%,18000/und,https://www.rappi.com.co/search?query=lost%20mary,Tienda Rappi: DRA. VAPES COLOMBIA (HM) | Zona: Suba / Niza / Colina
900415679_2126600739,Vape Ignite V50 5000 Puffs Sabor Peach Rasperry,Ignite,DRA. VAPES COLOMBIA,Lost mary,Tabaco,N/A,1 UND,18000,18000,0%,18000/und,https://www.rappi.com.co/search?query=lost%20mary,Tienda Rappi: DRA. VAPES COLOMBIA (HM) | Zona: Suba / Niza / Colina
900415679_2126386841,Vape Hyve Vapetasia 5000 Puff / Trapple Edicion Especial,Vape,DRA. VAPES COLOMBIA,Lost mary,Tabaco,N/A,1 UND,11000,11000,0%,11000/und,https://www.rappi.com.co/search?query=lost%20mary,Tienda Rappi: DRA. VAPES COLOMBIA (HM) | Zona: Suba / Niza / Colina
900462883_2126051272,Vape Lost Mary Os5000 Blueberry Rasperry Edicion Luxury 5% Nicotina,Lost Mary,CLOUDHOME VAPES CREW,Lost mary,Tabaco,N/A,1 UND,16500,16500,0%,16500/und,https://www.rappi.com.co/search?query=lost%20mary,Tienda Rappi: CLOUDHOME VAPES CREW (Glu Shop) | Zona: Suba / Niza / Colina
900462883_2126051292,Vape Lost Mary Os5000 Blue Razz Ice Edicion Luxury 5% Nicotina,Lost Mary,CLOUDHOME VAPES CREW,Lost mary,Tabaco,N/A,1 UND,16500,16500,0%,16500/und,https://www.rappi.com.co/search?query=lost%20mary,Tienda Rappi: CLOUDHOME VAPES CREW (Glu Shop) | Zona: Suba / Niza / Colina
900462883_2126051284,Vape Lost Mary Os5000 Cranberry Soda Edicion Luxury 5% Nicotina,Lost Mary,CLOUDHOME VAPES CREW,Lost mary,Tabaco,N/A,1 UND,16500,16500,0%,16500/und,https://www.rappi.com.co/search?query=lost%20mary,Tienda Rappi: CLOUDHOME VAPES CREW (Glu Shop) | Zona: Suba / Niza / Colina
900462883_2126049080,Vape Lost Mary Mo5000 Iced Peach Colada Edicion Luxury 5% Nicotina,Lost Mary,CLOUDHOME VAPES CREW,Lost mary,Tabaco,N/A,1 UND,16500,16500,0%,16500/und,https://www.rappi.com.co/search?query=lost%20mary,Tienda Rappi: CLOUDHOME VAPES CREW (Glu Shop) | Zona: Suba / Niza / Colina
900462883_2126049068,Vape Lost Mary Mo5000 Blueberry Edicion Luxury 5% Nicotina,Lost Mary,CLOUDHOME VAPES CREW,Lost mary,Tabaco,N/A,1 UND,16500,16500,0%,16500/und,https://www.rappi.com.co/search?query=lost%20mary,Tienda Rappi: CLOUDHOME VAPES CREW (Glu Shop) | Zona: Suba / Niza / Colina
900462883_2126051270,Vape Lost Mary Os5000 Strawberry Mango Edicion Luxury 5% Nicotina,Lost Mary,CLOUDHOME VAPES CREW,Lost mary,Tabaco,N/A,1 UND,16500,16500,0%,16500/und,https://www.rappi.com.co/search?query=lost%20mary,Tienda Rappi: CLOUDHOME VAPES CREW (Glu Shop) | Zona: Suba / Niza / Colina
900462883_2126051288,Vape Lost Mary Os5000 Blueberry Crush Edicion Luxury 5% Nicotina,Lost Mary,CLOUDHOME VAPES CREW,Lost mary,Tabaco,N/A,1 UND,16500,16500,0%,16500/und,https://www.rappi.com.co/search?query=lost%20mary,Tienda Rappi: CLOUDHOME VAPES CREW (Glu Shop) | Zona: Suba / Niza / Colina
900462883_2126049083,Vape Lost Mary Mo5000 Gami Edicion Luxury 5% Nicotina,Lost Mary,CLOUDHOME VAPES CREW,Lost mary,Tabaco,N/A,1 UND,16500,16500,0%,16500/und,https://www.rappi.com.co/search?query=lost%20mary,Tienda Rappi: CLOUDHOME VAPES CREW (Glu Shop) | Zona: Suba / Niza / Colina
900462883_2126386876,Vape Hyve Vapetasia 5000 Puff /mango Lemonade Edicion Especial,Vape,CLOUDHOME VAPES CREW,Lost mary,Tabaco,N/A,1 UND,8000,8000,0%,8000/und,https://www.rappi.com.co/search?query=lost%20mary,Tienda Rappi: CLOUDHOME VAPES CREW (Glu Shop) | Zona: Suba / Niza / Colina
900462883_2126027091,Vape North Ft 12000 Kiwi Drangon Fruit Dual Mesh Coil,Vape,CLOUDHOME VAPES CREW,Lost mary,Tabaco,N/A,1 UND,23000,23000,0%,23000/und,https://www.rappi.com.co/search?query=lost%20mary,Tienda Rappi: CLOUDHOME VAPES CREW (Glu Shop) | Zona: Suba / Niza / Colina
900477498_3458037,CERVEZA POKER,Poker,Butcher Peñón - Turbo,Smoking,Alcohol,N/A,1 UND,9000,9000,0%,9000.0,https://www.rappi.com.co/search?query=smoking,Tienda Rappi: Butcher Peñón - Turbo (Butcher - Turbo) | Zona: Suba / Niza / Colina
900080569_6923821,club colombia,Club Colombia,Gaón Parque del Triángulo,Artesanal,Alcohol,N/A,1 UND,9000,9000,0%,9000.0,https://www.rappi.com.co/search?query=artesanal,Tienda Rappi: Gaón Parque del Triángulo (Gaón Artesanal) | Zona: Suba / Niza / Colina
900080569_6923820,Corona extra 355 ml,Corona,Gaón Parque del Triángulo,Artesanal,Alcohol,N/A,1 UND,10500,10500,0%,10500.0,https://www.rappi.com.co/search?query=artesanal,Tienda Rappi: Gaón Parque del Triángulo (Gaón Artesanal) | Zona: Suba / Niza / Colina
900080569_6923819,Stella artois 350 ml,Stella Artois,Gaón Parque del Triángulo,Artesanal,Alcohol,N/A,1 UND,10500,10500,0%,10500.0,https://www.rappi.com.co/search?query=artesanal,Tienda Rappi: Gaón Parque del Triángulo (Gaón Artesanal) | Zona: Suba / Niza / Colina
900386942_2091669156,1800 Tequila Reserva Silver,1800,La Rebaja,1800,Alcohol,N/A,750 ML,194800,194800,0%,259.74/ml,https://www.rappi.com.co/search?query=1800,Tienda Rappi: La Rebaja (Drogueria La Rebaja Farma Bebes) | Zona: Suba / Niza / Colina
900386942_2091667224,Olmeca Altos Reposado Tequila,Olmeca,La Rebaja,Olmeca,Alcohol,N/A,700 ML,174000,174000,0%,248.58/ml,https://www.rappi.com.co/search?query=olmeca,Tienda Rappi: La Rebaja (Drogueria La Rebaja Farma Bebes) | Zona: Suba / Niza / Colina
900042757_671988,Club Colombia Dorada 355 ml,Club Colombia,La Cochinita,Antioqueño,Alcohol,N/A,1 UND,7500,7500,0%,7500.0,https://www.rappi.com.co/search?query=antioque%C3%B1o,Tienda Rappi: La Cochinita | Zona: Kennedy / Américas / Castilla
900042757_671979,Aguila Light 355 ml,Aguila,La Cochinita,Antioqueño,Alcohol,N/A,1 UND,7500,7500,0%,7500.0,https://www.rappi.com.co/search?query=antioque%C3%B1o,Tienda Rappi: La Cochinita | Zona: Kennedy / Américas / Castilla
900165860_2124441857,Ron Bacardi Superior (700 Ml),Ron,Turbo,Ron santafé,Alcohol,N/A,700 ML,69700,69700,0%,99.58/ml,https://www.rappi.com.co/search?query=ron%20santaf%C3%A9,Tienda Rappi: Turbo (Turbo Fresh) | Zona: Kennedy / Américas / Castilla
